Platform,Date,Week,Category,Type,Title / Text,Link,Views / Impressions,Reach / Impressions,Engagements,Engagement Rate %,Likes,Comments / Replies,Shares / Reposts,Saves / Bookmarks,Followers / Subs
X,2026-01-13,,General clips,X analytics export,"Rogan: ""You don't want militarized people in the streets just roaming around, snatching up people — many of which turn out to be U.S. citizens that just don't have their papers on …",https://x.com/OfTheBraveUSA/status/2011153857976668290,7265200,0,113816,1.57,31155,3752,5029,3168,0
X,2026-01-28,,General clips,X analytics export,"Andrew Schultz: "" '5% of the people they deported are violent criminals."" @AkaashSingh: "" There's probably more pedophiles in the Oval Office."" Schultz: "" If you bring up another f…",https://x.com/OfTheBraveUSA/status/2016618132157214760,5429596,0,76054,1.4,19575,489,1718,2431,0
X,2026-03-28,,General clips,X analytics export,"JD Vance: ""Gas prices have certainly gone up because of what's going on in the Middle East."" https://t.co/cfe8UC12X6",https://x.com/OfTheBraveUSA/status/2037942937330274461,3855993,0,10142,0.26,758,94,26,162,0
X,2026-03-21,,General clips,X analytics export,"JD Vance in September 2025: ""If you celebrate Charlie Kirk's death, you should not be protected from being fired for being a disgusting person."" https://t.co/wEjxueQY7N",https://x.com/OfTheBraveUSA/status/2035496005286646085,3602284,0,93670,2.6,67693,907,12589,2852,0
X,2026-01-13,,General clips,X analytics export,"Rogan: ""Its very ugly to watch someone shoot a U.S. citizen, especially a woman, in the face…It just looked horrific to me. When people say it's justifiable because the car hit it,…",https://x.com/OfTheBraveUSA/status/2011153161738969304,3413571,0,45398,1.33,12707,531,1485,1119,0
X,2026-03-11,,General clips,X analytics export,"Joe Rogan on Trump: ""He's 80. He doesn't have much to lose. That's the scary thing about old leaders. Death is imminent — it's within a decade, if you're lucky. That's spooky. You'…",https://x.com/OfTheBraveUSA/status/2031810716798263492,3099908,0,27160,0.88,11625,799,1230,946,0
X,2026-03-09,,General clips,X analytics export,"Vance: ""When people like Kamala Harris send our sons and daughters, our young people, to fight in stupid wars, it is the young generation that carries the burden of that. We're gon…",https://x.com/OfTheBraveUSA/status/2030849298544427053,2974680,0,96157,3.23,43855,3009,21960,4282,0
X,2026-03-10,,General clips,X analytics export,"Joe Rogan: ""It just seems so insane based on what he ran on. I mean, this is why a lot of people feel betrayed. He ran on no more wars and these stupid, senseless wars. And then we…",https://x.com/OfTheBraveUSA/status/2031455307822485537,2961675,0,33232,1.12,8929,884,1408,840,0
X,2026-03-09,,General clips,X analytics export,"Vance: "" If you're worried about the world spinning out of control, if you're worried about a military draft, if you're worried about, God forbid, a world war, the best way to prev…",https://x.com/OfTheBraveUSA/status/2030826058941964389,2885433,0,29695,1.03,7651,1668,2505,1724,0
X,2026-03-09,,General clips,X analytics export,"Vance: "" If you're worried about the world spinning out of control, if you're worried about a military draft, if you're worried about, God forbid, a world war, the best way to prev…",https://x.com/OfTheBraveUSA/status/2030807883852435857,2599686,0,40659,1.56,21975,909,4114,2535,0
X,2026-03-20,,General clips,X analytics export,"Joe Rogan: "" One of these high-level commanders says, 'don't be worried [about war with Iran] because Trump is anointed by Jesus Christ to bring back [his] return on Earth' … Those…",https://x.com/OfTheBraveUSA/status/2035076678020403304,2348622,0,42448,1.81,17167,514,2980,1958,0
X,2026-01-19,,General clips,X analytics export,"ICE Associate Director Marcos Charles says that any individual that ICE agents encounter in, around, or in-route to a ""target"" is fair game for an interrogation, leaving the interv…",https://x.com/OfTheBraveUSA/status/2013354630051250456,2202354,0,29992,1.36,7241,1055,2545,2057,0
X,2026-02-07,,General clips,X analytics export,"U.S. Olympian Svea Irving: ""It's definetly a tough time in our country right now. I just continue to represent my values which is compassion and respect and love for others."" https…",https://x.com/OfTheBraveUSA/status/2020146048732205467,1923349,0,56473,2.94,36758,900,4038,1003,0
X,2026-02-11,,General clips,X analytics export,"Rep. Lieu: ""I believe you just lied under oath."" Pam Bondi: ""Don't you ever accuse me of a crime!"" Rep. Lieu: ""I believe you just lied under oath and this is all on videotape."" htt…",https://x.com/OfTheBraveUSA/status/2021630299990303036,1856815,0,94861,5.11,61057,755,9315,2955,0
X,2026-01-06,,General clips,X analytics export,"Megyn Kelly on boots on the ground in Venezuela: ""Whose boots? Because I have a 16-year old boy, 12-year-old boy, and 14-year-old girl who might have to fill those boots…I speak fo…",https://x.com/OfTheBraveUSA/status/2008373890276347985,1854316,0,29124,1.57,14524,1638,1537,842,0
X,2026-02-09,,General clips,X analytics export,"Ro Khanna: "" Who were the other men who raped these underage girls? Did [Ghislaine Maxwell] have any conversations about a deal with Donald Trump?…She's pleading the Fifth…Why did …",https://x.com/OfTheBraveUSA/status/2020886496400617912,1703460,0,17555,1.03,6737,191,1611,275,0
X,2026-02-10,,Produced videos,X analytics export,"Epstein and Maxwell, 16 years apart, both invoked the Fifth when asked directly about Donald Trump. https://t.co/85j2QayNuW",https://x.com/OfTheBraveUSA/status/2021059237624021413,1594227,0,53259,3.34,31357,501,6334,3953,0
X,2026-01-28,,General clips,X analytics export,"Andrew Schultz: "" [ICE is] doing things that objectively—I don't care which side of the isle you're on—are unconstitutional… You can't enter someone's home without a warrant… I saw…",https://x.com/OfTheBraveUSA/status/2016626132087455967,1374116,0,10851,0.79,3978,216,487,417,0
X,2026-01-13,,General clips,X analytics export,"Sen. Rand Paul: ""The president of Honduras was given a 40-year sentence, was tried, was found guilty. He was given 40 years in a U.S. jail. And he's let go [by Trump] at the same t…",https://x.com/OfTheBraveUSA/status/2011200332685328785,1358371,0,37058,2.73,22833,179,3710,1952,0
X,2026-02-10,,General clips,X analytics export,"Marjorie Taylor Greene: ""It is being covered up. Pam Bondi works directly for Trump…Everyone's getting mad at Pam Bondi — you can name anybody you want, but the man at the top is D…",https://x.com/OfTheBraveUSA/status/2021222820051570814,1262244,0,49047,3.89,28040,1343,7553,1516,0
X,2026-01-08,,General clips,X analytics export,"Pete Hegseth: "" I've been a recovering neocon for six years now...The foolishness with which we ricocheted around the world intervening, thinking it was in our best interest when r…",https://x.com/OfTheBraveUSA/status/2009396225645412604,1161388,0,16421,1.41,4656,493,1312,1691,0
X,2026-01-12,,Produced videos,X analytics export,"George Retes is an American citizen who was born and raised in California. He is also an Army veteran who deployed to Iraq. While driving to work, ICE agents shattered his car wind…",https://x.com/OfTheBraveUSA/status/2010713579838673297,1123282,0,52657,4.69,20725,570,8773,2884,0
X,2026-02-28,,General clips,X analytics export,"JD Vance in 2024: "" Our interest, I think, very much is in not going to war with Iran. It would be a huge distraction of resources. It would be massively expensive to our country.""…",https://x.com/OfTheBraveUSA/status/2027851419223466241,1115253,0,11755,1.05,5170,251,2363,1179,0
X,2026-01-10,,General clips,X analytics export,"Tim Dillon: "" I don't believe the cop was justified in shooting her 3 times in the face… These are not well-trained law enforcement people in ICE…They're not the cream of the crop.…",https://x.com/OfTheBraveUSA/status/2010063516825465116,1114777,0,25027,2.25,12720,257,1159,1239,0
X,2026-02-10,,General clips,X analytics export,"Rogan: ""The FBI concluded Jeffrey Epstein wasn't running a sex trafficking ring for powerful men, files show."" HHS Sec. RFK Jr.'s wife Cheryl Hines: ""That's uh…"" Rogan: ""That's the…",https://x.com/OfTheBraveUSA/status/2021317661250961685,1081901,0,17329,1.6,6087,125,561,938,0
X,2026-02-11,,General clips,X analytics export,"Goldman: ""I found an email from Jeffrey Epstein to Ghislaine Maxwell…It included notes of statements that Donald Trump made about his prior relationship with Jeffrey Epstein…Will y…",https://x.com/OfTheBraveUSA/status/2021670864958230869,991487,0,46759,4.72,11088,283,1898,1659,0
X,2026-01-07,,General clips,X analytics export,"Rep. Jason Crow: ""As a three-time combat veteran, I get pretty damn hot when a five-time draft dodger bangs the war drums and talks about how easy it is to send boots on the ground…",https://x.com/OfTheBraveUSA/status/2008994485850849747,912204,0,59122,6.48,43808,261,6799,2126,0
X,2026-08-14,Week 33,Produced videos,X analytics export,"Trump (2024): ""Gasoline will be back to $2, and maybe even less than that."" Trump (2026): ""For you to pay a tiny, little bit more for your gasoline…You're at $4, it's okay, I'll ne…",https://x.com/OfTheBraveUSA/status/2088365443849326758,909510,0,17000,1.87,9791,248,3051,1415,0
X,2026-02-16,,General clips,X analytics export,"Marjorie Taylor Greene: "" Dr. Oz invited Epstein to some Valentine's Day party he and his wife were having in 2016. This is Dr. Oz that's currently serving in the Trump administrat…",https://x.com/OfTheBraveUSA/status/2023216040646222286,896906,0,32707,3.65,22136,279,5115,953,0
X,2026-05-29,,General clips,raw scrape,"Donald Trump: "" One of the worst deals ever made by Barack Hussein Obama. Remember when they sent Boeing 757s over there loaded with cash, hundreds of millions... Sent it to Iran a…",https://x.com/OfTheBraveUSA/status/2060404478562435093,869483,0,8823,1.01,5630,313,1988,766,0
X,2026-03-01,,General clips,X analytics export,"Tulsi Gabbard released a fundraising video in 2019 titled ""Trump's Path To War With Iran"" ""We've gotta stop Donald Trump from starting a war with Iran."" https://t.co/4V9lb0xkc0",https://x.com/OfTheBraveUSA/status/2027922974024601704,837575,0,13921,1.66,5938,212,2789,1305,0
X,2026-03-02,,General clips,X analytics export,"Marjorie Taylor Greene: "" Trump has said repeatedly on camera and in interviews, he doesn't think he's going to heaven…He's towards the end of his life. How does that pan out for t…",https://x.com/OfTheBraveUSA/status/2028587617185399059,798465,0,23507,2.94,9718,1553,2147,1613,0
X,2026-02-11,,General clips,X analytics export,"Rep. Joe Neguse: ""That man works for you now?…The man in that video…yelling 'Kill 'em all' at police officers on January 6. His name is Jared Wise."" Pam Bondi: ""He does work for us…",https://x.com/OfTheBraveUSA/status/2021652397454446815,787281,0,45070,5.72,24777,229,6361,2056,0
X,2026-02-10,,General clips,X analytics export,"Q: ""Are you aware of Donald Trump ever engaging in sexual activity with an individual introduced to him by you or Jeffrey Epstein?"" Ghislaine Maxwell: ""I invoke my Fifth Amendment …",https://x.com/OfTheBraveUSA/status/2021045203629637805,695907,0,9976,1.43,1801,89,501,410,0
X,2026-02-11,,General clips,X analytics export,"Rep. Nadler: ""How many of Epstein's co-conspirators have you even indicted? How many perpetrators are you even investigating?"" Pam Bondi: ""Your theatrics are ridiculous!…You don't …",https://x.com/OfTheBraveUSA/status/2021615853964255572,694979,0,30976,4.46,4817,926,1372,854,0
X,2026-01-05,,General clips,X analytics export,"Hegseth in May: ""These globalist ideas that you're gonna change an entire society through military intervention, which you saw us attempting — I lived it in Iraq and Afghanistan. A…",https://x.com/OfTheBraveUSA/status/2008302048144425409,693380,0,17129,2.47,8291,413,2648,1780,0
X,2026-01-26,,General clips,X analytics export,"Minneapolis Police Chief O'Hara: ""It looks very untrained. It looks unprofessional. It looks very chaotic…People should be able to have an expectation that the federal government c…",https://x.com/OfTheBraveUSA/status/2015583547109650882,664765,0,25033,3.77,14570,1878,2987,573,0
X,2026-03-02,,Produced videos,X analytics export,"Rumsfeld: ""I can't tell you if the use of force in Iraq today would last five days or five weeks or five months, but it certainly isn't gonna last any longer than that."" Hegseth: ""…",https://x.com/OfTheBraveUSA/status/2028495775525740760,650477,0,9842,1.51,4325,89,1373,880,0
X,2026-08-20,Week 34,General clips,X analytics export,"Mother of a USS Lincoln sailor on Trump's remark that they haven't been deployed 'long enough': ""I support him, but I don't support that remark because he doesn't have loved ones o…",https://x.com/OfTheBraveUSA/status/2090486524936622336,644405,0,7470,1.16,366,150,48,123,0
X,2026-02-14,,General clips,X analytics export,"Marjorie Taylor Greene on efforts to block the release of the Epstein files: ""That fight…came directly from President Trump. I know a lot of people have a hard time with that, but …",https://x.com/OfTheBraveUSA/status/2022721183104258242,631322,0,27001,4.28,16498,611,4498,810,0
X,2026-04-02,,General clips,X analytics export,"Trump last year: ""I'm not going to touch Social Security, Medicare, Medicaid."" Trump today: ""It's not possible for us to take care of daycare, Medicaid, Medicare."" https://t.co/MuD…",https://x.com/OfTheBraveUSA/status/2039495071213506720,601558,0,32160,5.35,18341,472,8933,1684,0
X,2026-05-29,,General clips,X analytics export,"Trump: "" I terminated Barack Hussein Obama's Iran nuclear deal, a disaster. Obama gave them $1.7 billion in cash…in an attempt to buy their respect and loyalty, but it didn't work.…",https://x.com/OfTheBraveUSA/status/2060415045528404325,599976,0,7350,1.23,3895,390,1411,665,0
X,2026-04-15,,Sarah Matthews,X analytics export,"Peter Meijer: ""Is the Democratic Party not also a party of faith?"" Emily Austin: ""I don't know, they made Trans Visibility Day on Easter."" @SarahAMatthews1: ""And Trump dropped the …",https://x.com/OfTheBraveUSA/status/2044242581031162330,564474,0,15782,2.8,10361,125,738,595,0
X,2026-02-07,,Other,X analytics export,Howard Lutnick went to Jeffrey Epstein's island 5 days before Lutnick and Epstein went into business together. 12/23/2012 — Lutnick goes to Epstein's island. 12/28/2012 — Lutnick a…,https://x.com/OfTheBraveUSA/status/2020222470628761945,548446,0,18918,3.45,2595,69,1171,208,0
Instagram,2026-02-19,,News,IG reel,"Q: "" Did you yourself write this letter to Mr. Epstein [for his birthday book]?""

Wexner: ""Sadly, I did.""",https://www.instagram.com/reel/DU9dwZeEWf6/,534175,378154,20117,3.77,14062,1740,2758,1557,802
X,2026-01-22,,General clips,X analytics export,"Trump: ""We will cut your energy prices in half. Mark it down. And you can get very angry at me if we don't do it. Within 12 months your energy prices will be cut in half."" Trump's …",https://x.com/OfTheBraveUSA/status/2014339149394796809,523882,0,25807,4.93,12926,1608,3756,893,0
X,2026-02-10,,General clips,X analytics export,"Rep. Kennedy: ""Do you believe your agency has a legal obligation to follow court orders?"" ICE Dir. Lyons: ""Yes."" Rep. Kennedy: ""You have a very strange way of showing it, with a fe…",https://x.com/OfTheBraveUSA/status/2021274216436212174,515022,0,33800,6.56,24370,91,5038,719,0
X,2026-02-20,,General clips,X analytics export,"Rogan: ""It's too much fucking madness. We're about to go to war with Iran."" https://t.co/SgOe7rahiX",https://x.com/OfTheBraveUSA/status/2024966337949266428,513074,0,5815,1.13,2938,233,429,239,0
X,2026-02-19,,General clips,X analytics export,"Q: "" Did you yourself write this letter to Mr. Epstein [for his birthday book]?"" Wexner: ""Sadly, I did."" https://t.co/T3vyWcBxxY",https://x.com/OfTheBraveUSA/status/2024593613527588890,510441,0,79356,15.55,7990,133,1658,815,0
X,2026-02-11,,General clips,X analytics export,"Rep. Moskowitz: ""Kash Patel said under oath that Trump's name appears less than 100 times in the files. We now know that's not true. Trump's name appears more times in the Epstein …",https://x.com/OfTheBraveUSA/status/2021667922993721445,503069,0,21644,4.3,10811,52,1673,611,0
X,2026-07-29,Week 31,General clips,X analytics export,"Q: ""When you say [Blanche was] condescending, can you give us some examples? Epstein Survivor Dani Bensky: ""He actually said the words 'get to the point' to us survivors who've bee…",https://x.com/OfTheBraveUSA/status/2082496193368563937,502156,0,11919,2.37,6858,230,2087,203,0
X,2026-03-01,,General clips,X analytics export,"Tulsi Gabbard: ""[Trump] conducted and committed an act of war without congressional authority…We are in a war with Iran now. So the real issue is, are we going to allow this war to…",https://x.com/OfTheBraveUSA/status/2028208828467028079,501514,0,11461,2.29,2702,250,934,606,0
X,2026-02-17,,General clips,X analytics export,"Dave Smith: ""Nothing could vindicate Trump in this. Even if all the files were released and there's no evidence that Donald Trump did anything with girls or young girls or anything…",https://x.com/OfTheBraveUSA/status/2023876952554414464,495977,0,13097,2.64,9220,241,1206,288,0
X,2026-02-11,,General clips,X analytics export,"Rep. Crow: "" I have a message for the Trump administration: If you are turning your back on the law, turning your back on the Constitution, cowing to Donald Trump, and abusing the …",https://x.com/OfTheBraveUSA/status/2021689160080257535,468858,0,48020,10.24,33042,1550,8024,918,0
X,2026-01-06,,General clips,X analytics export,"Megyn Kelly: ""I turned on Fox News yesterday, and I'm sorry but it was like watching Russian propaganda."" https://t.co/DHoUbr8etv",https://x.com/OfTheBraveUSA/status/2008376255389819141,468323,0,14979,3.2,8015,430,933,697,0
X,2026-02-17,,General clips,X analytics export,"Shawn Ryan on Pam Bondi: ""You're gonna protect pedophiles. You're gonna protect pedophiles rather than go after them and hope everybody's happy that the Dow hit 50,000. Are you fuc…",https://x.com/OfTheBraveUSA/status/2023749286568358296,467485,0,11347,2.43,6946,437,1508,153,0
X,2026-01-05,,General clips,X analytics export,"Pete Hegseth a month ago: ""The War Department will not be distracted by democracy-building, interventionism, undefined wars, regime change…and feckless nation-building."" https://t.…",https://x.com/OfTheBraveUSA/status/2008243462546858256,465443,0,11975,2.57,5993,436,2097,1005,0
X,2026-07-31,Week 31,Sarah Matthews,X analytics export,".@SarahAMatthews1: ""I think that Donald Trump has always been a broken man, but losing the 2020 election fair and square to Joe Biden permanently broke his brain…He's the weakest, …",https://x.com/OfTheBraveUSA/status/2083293955697819980,449423,0,22080,4.91,17353,352,3164,217,0
X,2026-08-20,Week 34,Other,X analytics export,"Home of the Brave put up 300 new billboards across 16 states as part of a new $1 Million extension to our Sticker Shock Summer Campaign! All summer long, Sticker Shock Summer has b…",https://x.com/OfTheBraveUSA/status/2090540721069564026,441637,0,14497,3.28,2225,51,669,69,0
X,2026-01-15,,General clips,X analytics export,"Shawn Ryan: ""Why is the White House protecting pedophiles?"" https://t.co/xZpjrvO28I",https://x.com/OfTheBraveUSA/status/2011648154496802836,439366,0,22718,5.17,13362,360,2142,908,0
X,2026-01-10,,General clips,X analytics export,"Tim Dillon: ""I don't believe, from the angle I'm watching, that the federal officer feared for his life. At the speed she is going when she's turning the wheel, I don't believe tha…",https://x.com/OfTheBraveUSA/status/2010065849986756830,417324,0,7482,1.79,2229,104,226,152,0
X,2026-06-29,Week 27,General clips,X analytics export,"Martina Navratilova: ""I defected from a totalitarian regime, and like hell am I going to be cowed again, and have to be careful about what I say…Speaking out is the patriotic thing…",https://x.com/OfTheBraveUSA/status/2071700646349152659,414994,0,15438,3.72,11679,158,2301,262,0
X,2026-01-30,,General clips,X analytics export,"Q: ""Kash Patel said there's no reason to worry about the security of the ballots now in federal custody."" Fulton Co. Comm'r: ""We found documents in the bathroom at Mar-a-Lago…I don…",https://x.com/OfTheBraveUSA/status/2017249521080660411,408447,0,22671,5.55,16773,517,3694,361,0
X,2026-06-09,,HOTB clips,X analytics export,"Fmr FBI Agent Michael Feinberg: ""Something that absolutely chilled my blood was when both JD Vance and Stephen Miller told ICE officers and agents, 'You have absolute immunity in w…",https://x.com/OfTheBraveUSA/status/2064454057729618003,408213,0,23712,5.81,17174,264,4760,449,0
X,2026-03-02,,General clips,X analytics export,"Marjorie Taylor Green: "" Pete Hegseth said this morning that we didn't start this war. But...America and Israel definitely started this war...I am irate. I am furious about this. W…",https://x.com/OfTheBraveUSA/status/2028593605745471709,405359,0,13965,3.45,10646,241,1718,295,0
X,2026-02-12,,Other,X analytics export,"https://t.co/iVXw882Sot In newly released body camera footage, CBP agents were caught saying ""do something, bitch"" and ""time to get aggressive"" before swerving into Marimar Martine…",https://x.com/OfTheBraveUSA/status/2022037728502698032,403825,0,7182,1.78,1984,86,886,256,0
X,2026-05-01,,General clips,X analytics export,"Joe Rogan on Jimmy Kimmel's Trump joke: "" Ridiculous… He said that joke on a Thursday. On Friday, nobody gave a shit… No one cared on Saturday until Saturday night when the assassi…",https://x.com/OfTheBraveUSA/status/2050309294260654396,392481,0,4917,1.25,3181,36,171,375,0
YouTube,2026-05-14,,Breaking News,Shorts,Breaking News: Trump Mobile Phones Made in China,https://www.youtube.com/watch?v=7VluUF7T5ZA,387927,4644,8522,2.2,7380,488,654,0,205
X,2026-03-01,,General clips,X analytics export,"Tulsi Gabbard: ""An all out war with Iran would make the wars that we've seen in Iraq and Afghanistan look like a picnic. It will be far more costly in lives, American lives, and Am…",https://x.com/OfTheBraveUSA/status/2027928697949344170,382660,0,9238,2.41,5623,184,1811,463,0
X,2026-01-21,,General clips,X analytics export,"Gov. Andy Beshear: ""You now understand why Canadians have stopped buying American products like bourbon, why they stopped going to tourist destinations like Las Vegas. Every state …",https://x.com/OfTheBraveUSA/status/2014019271844585798,367864,0,24894,6.77,17199,731,3609,404,0
Instagram,2026-07-07,Week 28,Breaking News,IG reel,"New aerial photos capture the scale of construction remaking the White House grounds.

The dead grass on the South Lawn? That's the aftermath of the UFC fight Trump hosted for his …",https://www.instagram.com/reel/DafyG2RkeLt/,367113,300942,8660,2.36,5624,1098,1126,812,345
X,2026-02-05,,Other,X analytics export,"Betsy DeVos, Secretary of Education in Trump 1.0, has the Jeffrey Epstein stamp of approval after she made it harder for victims to report sexual misconduct on college campuses. ht…",https://x.com/OfTheBraveUSA/status/2019545705170293124,365834,0,39208,10.72,6590,64,3035,778,0
X,2026-02-11,,General clips,X analytics export,"Andrew Schulz: ""We know that everybody from Trump, Patel, Bondi, Bongino, everybody that was involved in that [saying] 'This is just a hoax. We don't have anything.'…They're all on…",https://x.com/OfTheBraveUSA/status/2021694261423436065,361410,0,9550,2.64,6844,78,716,537,0
X,2026-02-11,,General clips,X analytics export,"Goldman: ""Will you commit right here to immediately providing those two documents in unredacted form to members of Congress? Not a complicated question."" Bondi: ""I guess it is for …",https://x.com/OfTheBraveUSA/status/2021670028760821882,358518,0,14416,4.02,6943,35,1047,449,0
X,2026-02-11,,General clips,X analytics export,"Rep. Dan Goldman: ""In an interview last week, Deputy Attorney General Todd Blanche said that any victim who wants to speak with the DOJ has done so. Thanks to the incredibly brave …",https://x.com/OfTheBraveUSA/status/2021672643884122507,356829,0,34217,9.59,21326,184,6190,1029,0
X,2026-03-26,,General clips,X analytics export,"Joe Rogan: ""Make America greater — I'm down. But Make America Great Again and then it becomes a movement of a bunch of fucking dorks? 'Cause a lot of them are dorks. These really w…",https://x.com/OfTheBraveUSA/status/2037295757758230528,352570,0,4233,1.2,1498,117,242,159,0
X,2026-02-23,,Produced videos,X analytics export,"Trump spent the last 8 months saying that ""the nuclear threat of Iran was totally obliterated"" by Operation Midnight Hammer which ""set back Iran's ability to develop nuclear weapon…",https://x.com/OfTheBraveUSA/status/2025762700978954446,347102,0,7547,2.17,4135,239,1512,412,0
X,2026-03-14,,General clips,X analytics export,"Tim Dillon: ""This is what we're doing? I thought the cost of groceries was gonna go down? No, no, no, we're ending the world…The price of a house is never coming down — we're endin…",https://x.com/OfTheBraveUSA/status/2032879042009968690,345550,0,4472,1.29,1362,52,223,222,0
X,2026-02-06,,General clips,X analytics export,"Shawn Ryan: ""They don't think the American people should be talking about [Epstein] anymore. Well, I got news for you. The American people are the ones that voted you in and we tol…",https://x.com/OfTheBraveUSA/status/2019635946384216319,343707,0,20015,5.82,14762,270,2490,411,0
X,2026-03-08,,General clips,X analytics export,"Trump: ""Kamala would get us into World War III…All of your sons and daughters will end up getting a draft notice, a thing called the draft. 'Dad, what's this?' 'Oh, congratulations…",https://x.com/OfTheBraveUSA/status/2030792287937081597,338110,0,9811,2.9,5190,228,2591,712,0
X,2026-03-08,,General clips,X analytics export,"Trump: ""We will bring the price of gasoline down…We're going to get your gas prices down…You're going to spend a lot less money for your gasoline."" https://t.co/71vaxcbOys",https://x.com/OfTheBraveUSA/status/2030775395159605291,332809,0,9000,2.7,1370,48,524,147,0
X,2026-01-29,,General clips,X analytics export,"Trump: ""I don't want to drive housing prices down. I want to drive housing prices up for people who own their homes."" https://t.co/XTIDjlBIiy",https://x.com/OfTheBraveUSA/status/2016929816604225569,331794,0,3313,1.0,386,143,132,92,0
X,2026-01-05,,General clips,X analytics export,"Officer Daniel Hodges narrates his body camera footage from January 6: ""That's me screaming because someone…is reaching underneath my visor and trying to gouge out my eye with his …",https://x.com/OfTheBraveUSA/status/2008174353624776841,330032,0,27704,8.39,15607,395,7520,1639,0
X,2026-06-08,,Produced videos,X analytics export,"🚨Price increases — Coming this summer to a grocery store aisle, gas station, and airfare ticket near you! We’re running this video ad as part of Home of the Brave’s new Sticker Sho…",https://x.com/OfTheBraveUSA/status/2064125108667473978,320647,0,6417,2.0,3154,33,1278,373,0
TikTok,2026-02-09,,News,Video,"Rep. Raskin: ""Epstein's lawyers synopsized & quoted Trump saying that Epstein…was a guest at Mar-a-Lago and he had never been asked to leave. That was redacted for some indetermina…",https://www.tiktok.com/@ofthebraveusa/video/7605022212512419085,316200,0,6660,2.11,5790,306,157,407,0
X,2026-07-15,Week 29,General clips,X analytics export,"Durbin: ""You don't believe that is a discharge forever from [tax] liability?"" Blanche: ""From past filings, yes it is."" Durbin: ""Everyone in this room, all of us on this side, have …",https://x.com/OfTheBraveUSA/status/2077400823856824703,315434,0,14889,4.72,8575,58,2221,465,0
X,2026-02-10,,General clips,X analytics export,"Sen. Merkley to Howard Lutnick: ""I can hear the angst in your voice over the Epstein files. The reason people are bothered is because last year you said you had cut off all contact…",https://x.com/OfTheBraveUSA/status/2021247606744068390,294201,0,15591,5.3,9365,164,1970,484,0
X,2026-03-10,,General clips,X analytics export,"Joe Rogan: ""It genuinely feels like there's a real possibility that we might be entering World War III."" https://t.co/Zhp5YHbxUB",https://x.com/OfTheBraveUSA/status/2031472978551075074,290397,0,2674,0.92,758,235,144,103,0
X,2026-01-19,,General clips,X analytics export,"Minneapolis Police Brian O'Hara on ICE's arrest of Alia Rockman: "" It pisses me off to see that, to see men doing that to a woman who's disabled. It pisses me off. If those cops wo…",https://x.com/OfTheBraveUSA/status/2013336471231398273,288210,0,17327,6.01,9255,1036,2661,465,0
X,2026-01-07,,General clips,X analytics export,"Rep. Pat Ryan: ""The only people who are getting the truth here, and the president confirmed this on Air Force One the other night, are the oil executives who stand to make record b…",https://x.com/OfTheBraveUSA/status/2008989965825560721,276913,0,14323,5.17,10960,39,2146,183,0
X,2026-02-11,,General clips,X analytics export,"Tim Pool: ""I ain't cutting Trump any slack now that we know that they've covered up the co-conspirator documents…There's still no excuse for them not exposing these deep, dark, cor…",https://x.com/OfTheBraveUSA/status/2021715063334482227,262488,0,8836,3.37,4749,288,711,369,0
X,2026-02-28,,General clips,X analytics export,"Pete Hegseth: ""The War Department will not be distracted by democracy-building, interventionism, undefined wars, regime change…and feckless nation-building."" https://t.co/FbuRZ4J3w…",https://x.com/OfTheBraveUSA/status/2027785851434905785,253703,0,7291,2.87,3495,393,1270,693,0
X,2026-02-03,,Produced videos,X analytics export,"Donald Trump on Mike Tyson raping a 18 year old girl: ""Mike should serve some time and everything else, but...here's a woman that was dancing at his door at one o'clock in the morn…",https://x.com/OfTheBraveUSA/status/2018794062439149666,251575,0,5151,2.05,1927,105,671,286,0
X,2026-01-10,,General clips,X analytics export,"Tim Dillon: "" You have ICE — who the hell are they? We don't even know. These are people that like answered an ad on Craigslist. Who is joining ICE?… These are people who couldn't …",https://x.com/OfTheBraveUSA/status/2010058554045235474,248710,0,15720,6.32,10976,177,1457,512,0
X,2026-03-01,,General clips,X analytics export,"Tulsi Gabbard: ""This president and his chickenhawk cabinet have led us to the brink of war with Iran…No war with Iran."" (2019) https://t.co/tQTeEWSggj",https://x.com/OfTheBraveUSA/status/2028126990436290622,247805,0,7875,3.18,4926,163,1370,382,0
X,2026-07-15,Week 29,General clips,X analytics export,"Sen. Booker: ""I was stunned earlier by your conversation with one of my colleagues that you wouldn't even commit to meeting with the survivors, but you did meet with Ghislaine Maxw…",https://x.com/OfTheBraveUSA/status/2077433698505445621,246085,0,14024,5.7,10078,60,2160,224,0
X,2026-03-05,,General clips,X analytics export,"Ro Khanna: "" I have never seen a more dishonest campaign than Donald Trump and JD Vance running as the pro-peace candidates."" https://t.co/5QQowDTQBf",https://x.com/OfTheBraveUSA/status/2029616603306811794,239921,0,8746,3.65,7116,42,981,122,0
X,2026-05-05,,General clips,X analytics export,"Florida resident on Trump's ballroom: ""He should be focusing on lowering these prices that he jacked up, because it wasn't this high before he became president…He don't need to be …",https://x.com/OfTheBraveUSA/status/2051756484191490221,235996,0,13823,5.86,10537,209,1906,172,0
X,2026-04-02,,General clips,X analytics export,A once compassionate and thoughtful Pam Bondi sold her soul completely to Donald Trump. Hope it was worth it. https://t.co/bSc9ZHsMsg,https://x.com/OfTheBraveUSA/status/2039776922259935361,231357,0,5040,2.18,1743,95,248,524,0
X,2026-07-17,Week 29,General clips,X analytics export,"Trump voter Mark Bogue on last night's presidential address about the 2020 election: ""I would like to see him move forward and get off that topic. I'd like to get back to what we'r…",https://x.com/OfTheBraveUSA/status/2078200596000030816,226194,0,2147,0.95,808,39,93,28,0
X,2026-02-09,,General clips,X analytics export,"Q: ""Who are the six men whose names you saw [redacted in the Epstein Files]?"" Rep. Ro Khanna: ""We are going to push DOJ to release those. They had photographs, as marked, of co-con…",https://x.com/OfTheBraveUSA/status/2020998415115501710,224755,0,10746,4.78,7162,261,1170,272,0
X,2026-02-11,,General clips,X analytics export,"Sen. Slotkin: "" I appreciate Sen. Tillis saying something. He's gone further than anybody else. But it's a sad moment when anonymous grand jurors, citizens called at random in Wash…",https://x.com/OfTheBraveUSA/status/2021671527024939131,222660,0,13935,6.26,11180,110,1845,173,0
X,2026-06-08,,General clips,X analytics export,"Trump: ""We have a man who's doing a great job, I'll tell you. I knew it, because he kept me out of jail for years. Acting Attorney General Todd Blanche, he kept me out of jail."" ht…",https://x.com/OfTheBraveUSA/status/2064098063044509742,207397,0,4602,2.22,2753,190,1068,219,0
X,2026-01-13,,General clips,X analytics export,"Rogan: ""Now ICE are villains, and people are looking at them like murderous military people that are on the streets of our cities and they're masked up, which is a problem."" https:…",https://x.com/OfTheBraveUSA/status/2011152296449884341,202027,0,8674,4.29,4432,194,750,533,0
X,2026-02-12,,General clips,X analytics export,"Rep. Jamie Raskin on Pam Bondi's Hearing: ""I've been in Congress nearly a decade now, and I have never seen a witness act with such contempt and spectacular disrespect for the rule…",https://x.com/OfTheBraveUSA/status/2021952079213010963,193692,0,17241,8.9,12907,699,2606,178,0
X,2026-02-22,,General clips,X analytics export,"Tim Dillon: "" Kash Patel and Dan Bongino have decided they're doing a podcast because Dan Bongino left the FBI and is now doing a podcast again. And Kash Patel is back on his podca…",https://x.com/OfTheBraveUSA/status/2025396895342842339,191097,0,8184,4.28,6289,34,687,403,0
X,2026-02-10,,General clips,X analytics export,"Rep. Kennedy: ""Will you commit to immediately unmasking every agent… and requiring them to wear standard uniforms with identifiable badges?"" ICE Dir. Lyons: ""No."" Rep. Kennedy: ""We…",https://x.com/OfTheBraveUSA/status/2021277451003789795,182765,0,16608,9.09,12747,193,2202,231,0
X,2026-01-23,,General clips,X analytics export,"Cumberland Co. Sheriff: "" The book &amp; the movie do not line up. What I heard from Tom Homan almost a year ago, that we're gonna remove the criminals off the street…I was all set…",https://x.com/OfTheBraveUSA/status/2014789706928541751,182764,0,8241,4.51,4405,41,1039,288,0
X,2026-07-12,Week 28,Produced videos,X analytics export,Todd Blanche wants to be Attorney General. So we checked his résumé. The Epstein file redactions? Just the beginning. That's why we're running a version of this ad on primetime Fox…,https://x.com/OfTheBraveUSA/status/2076309264226717751,181738,0,4505,2.48,2525,58,1279,142,0
X,2026-02-11,,General clips,X analytics export,"Rep. Ted Lieu: ""Epstein should rot in Hell, so should the men who patronize his operation. And as we sit here today, there are over 1,000 sex trafficking victims and you have not h…",https://x.com/OfTheBraveUSA/status/2021630939214786902,178814,0,18415,10.3,13781,275,2826,319,0
X,2026-02-17,,General clips,X analytics export,"Shawn Ryan: ""I guess the whole 'drain the swamp' campaign promise was another fucking bullshit lie. Man, the lies are stacking up fast. I've never seen so many fucking lies…It's on…",https://x.com/OfTheBraveUSA/status/2023747786408423668,176284,0,8199,4.65,5166,218,950,239,0
X,2026-03-14,,General clips,X analytics export,"Tim Dillon: ""Here's Pete Hegseth, who is a drunk and a failure, making a big mess of this war…A truly contemptible figure who should resign, war criminal Pete Hegseth…He really sho…",https://x.com/OfTheBraveUSA/status/2032878164360225247,172766,0,6880,3.98,4836,44,688,291,0
X,2026-01-26,,General clips,X analytics export,"Fmr. MN Republican Gubernatorial Candidate Chris Madel: "" Today I announced the end of my campaign… I cannot support the national Republican stated retribution on the citizens of o…",https://x.com/OfTheBraveUSA/status/2015833140212678816,169434,0,10783,6.36,5932,1008,1403,306,0
TikTok,2026-01-21,,News,Video,"Gov. Andy Beshear: ""You now understand why Canadians have stopped buying American products like bourbon, why they stopped going to tourist destinations like Las Vegas. Every state …",https://www.tiktok.com/@ofthebraveusa/video/7597954673261169933,168500,0,5002,2.97,4415,245,123,219,0
X,2026-01-06,,General clips,X analytics export,"Harry Dunn: ""Fuck you, Mitch McConnell…Fuck him. I despise that man with every fiber in my body. I hate him… Fuck Mitch McConnell."" https://t.co/HccfWMc1gf",https://x.com/OfTheBraveUSA/status/2008359303745303003,162878,0,12669,7.78,9024,179,2057,468,0
X,2026-06-11,,Other,X analytics export,This is a real thing Donald J Trump said yesterday. Now we are putting it up on hundreds of billboards across the country. Thank you for your attention to this matter! https://t.co…,https://x.com/OfTheBraveUSA/status/2065108476490064102,162490,0,4907,3.02,1440,37,556,34,0
X,2026-04-22,,Produced videos,X analytics export,Kash Patel's happy hour at the FBI might be coming to a close. https://t.co/cgFIW5x78g,https://x.com/OfTheBraveUSA/status/2047075678093238621,158140,0,1764,1.12,1046,59,176,56,0
X,2026-01-21,,General clips,X analytics export,"Rep. Jim Himes: ""We're supposed to have checks and balances, right? This Congress has not existed for a year. 90% of Republicans are absolutely sound asleep…The United States has a…",https://x.com/OfTheBraveUSA/status/2014109382187810988,155113,0,21700,13.99,16757,289,3929,206,0
X,2026-03-26,,General clips,X analytics export,"Joe Rogan on Howard Lutnick: "" Isn't it wild that some of the people were on the [Epstein] files, visited the island, and then they still work?"" Dave Smith: ""Especially just him… T…",https://x.com/OfTheBraveUSA/status/2037282192645345299,151494,0,4629,3.06,3529,26,526,141,0
X,2026-06-15,,Sarah Matthews,X analytics export,".@SarahAMatthews1: ""Expecting Trump to say or do the right thing is useless and disappointing. This is the guy who posted a racist meme of the Obamas depicted as monkeys…who posted…",https://x.com/OfTheBraveUSA/status/2066670064367976539,150922,0,11923,7.9,9217,138,2041,124,0
X,2026-02-03,,General clips,X analytics export,"Rep. Robert Garcia to Marimar Martinez: ""The agent linked an article about your shooting and texted…'I fired 5 rounds, and she had 7 holes. Put that in your book, boys'…It's our un…",https://x.com/OfTheBraveUSA/status/2018811990400221324,149005,0,4711,3.16,2695,31,607,234,0
X,2026-02-09,,General clips,X analytics export,"Rep. Stansbury on the Epstein files: ""Congress is controlled by Donald Trump's allies…He is being actively shielded by members of his own party…We need to hold these people account…",https://x.com/OfTheBraveUSA/status/2020901131589656649,147481,0,15754,10.68,11356,249,3146,323,0
Instagram,2026-07-29,Week 31,Breaking News,IG reel,"The Trump administration is spending $5 million in taxpayer money to coat four statues near the Lincoln Memorial in gold. 🐎

According to NOTUS, which broke the story, the National…",https://www.instagram.com/reel/DbYdH_fDbGq/,136946,110113,6275,4.58,3707,1032,1318,218,219
X,2026-03-01,,General clips,X analytics export,"Here's Tulsi Gabbard's 2020 campaign video titled ""The U.S. must NOT go to war with Iran"" "" Join me in sending a strong message to Donald Trump — the U.S. must not go to war with I…",https://x.com/OfTheBraveUSA/status/2027918864336519217,135018,0,4579,3.39,1434,44,703,155,0
X,2026-08-06,Week 32,General clips,X analytics export,"Rep. Crow on Pete Hegseth: ""He's incompetent. He's unserious. He's a professional liar…He was hired to look good in a suit, stand at a podium, and say everything is fine."" https://…",https://x.com/OfTheBraveUSA/status/2085468216592089246,134115,0,8644,6.45,6900,107,1259,65,0
X,2026-05-01,,Produced videos,X analytics export,"During a Senate hearing yesterday, Defense Secretary Hegseth said that it would take ""months to years"" to replenish munitions spent on Trump's war with Iran. Today, Trump claimed t…",https://x.com/OfTheBraveUSA/status/2050267098689995208,132354,0,4305,3.25,2412,160,979,166,0
X,2026-06-26,,Produced videos,X analytics export,"Trump on June 26, 2026: ""You know what they do, they cheat. 'How many votes do we need? How many votes?'"" Trump on January 2, 2021 during phone call with Georgia Secretary of State…",https://x.com/OfTheBraveUSA/status/2070603228811543016,131157,0,7717,5.88,5386,69,1817,307,0
X,2026-03-01,,General clips,X analytics export,"Tulsi Gabbard: ""How does a war with Iran serve the best interest of the American people?… It would cost U.S. taxpayers trillions of dollars…Forget about having the resources that w…",https://x.com/OfTheBraveUSA/status/2028132719075459198,130762,0,4767,3.65,2805,68,952,244,0
Instagram,2026-05-14,,Breaking News,IG reel,"According to X Community Notes, the $500 Trump Mobile phone is just a rebranded T-Mobile device made in China that retails for under $130.",https://www.instagram.com/reel/DYU4UiyDm4R/,129921,90200,3012,2.32,2211,206,464,131,40
X,2026-04-28,,General clips,X analytics export,"JD Vance: ""Our own government encouraged private companies to silence people...Under Donald Trump's leadership, we may disagree with your views, but we will fight to defend your ri…",https://x.com/OfTheBraveUSA/status/2049211394579472606,129828,0,3487,2.69,2084,124,702,186,0
X,2026-03-26,,General clips,X analytics export,"Dave Smith on Howard Lutnick: ""He's working for the administration and also standing to gain huge if people can sue over the tariffs."" Joe Rogan: ""He was telling everybody, 'don't …",https://x.com/OfTheBraveUSA/status/2037280773418385682,127176,0,3539,2.78,2585,27,378,168,0
X,2026-02-03,,General clips,X analytics export,"Aliyah Rahman: ""I continue to hear the word 'bodies' because that is how agents refer to us—'We're bringing in a body'…'We can't use that room, there's already a body in there.' Yo…",https://x.com/OfTheBraveUSA/status/2018807539497132184,123574,0,11539,9.34,8199,158,2204,360,0
X,2026-01-23,,General clips,X analytics export,"Trump: ""We will cut your energy prices in half. Mark it down. And you can get very angry at me if we don't do it. Within 12 months your energy prices will be cut in half."" Well, it…",https://x.com/OfTheBraveUSA/status/2014503671451566351,122100,0,9503,7.78,5578,127,2083,529,0
X,2026-03-11,,General clips,X analytics export,"Joe Rogan: ""It's terrifying and it's exactly the opposite of what we were told leading into this administration that it's gonna be America First and no more unnecessary wars."" http…",https://x.com/OfTheBraveUSA/status/2031804445802008901,121302,0,1162,0.96,570,65,142,68,0
X,2026-01-14,,General clips,X analytics export,"Rep. Moskowitz: ""The head of the Oath Keepers is here with us in the audience. Stewart Rhodes is here…someone who was convicted of seditious conspiracy against the United States…si…",https://x.com/OfTheBraveUSA/status/2011560788482539978,116295,0,8540,7.34,5456,57,1659,234,0
X,2026-02-10,,General clips,X analytics export,"Shawn Ryan on JD Vance: ""Being a man is not keeping your fucking mouth shut because daddy's got a thumb on you. That's what this is, that's what's happening, and it's pissing me of…",https://x.com/OfTheBraveUSA/status/2021226943283171564,116078,0,3746,3.23,2695,41,358,140,0
X,2026-03-09,,General clips,X analytics export,"Trump: ""I'm not going to start a war, I'm going to stop wars…Under Trump we will have no more wars, no more disruptions, and we will have prosperity and peace for all…I am the cand…",https://x.com/OfTheBraveUSA/status/2030820379241959577,114482,0,5952,5.2,2608,505,1601,339,0
X,2026-03-20,,Other,X analytics export,Read more: https://t.co/FvtkpMaaiM,https://x.com/OfTheBraveUSA/status/2035076679651954751,111977,0,2054,1.83,142,4,35,26,0
YouTube,2026-02-12,,News,Shorts,Rep. Crow: Justice is Coming for the Trump Administration | News,https://www.youtube.com/watch?v=zsK6Q-kEIUY,110826,4055,4501,4.06,4080,116,305,0,246
X,2026-01-08,,General clips,X analytics export,"Minneapolis Police Chief O'Hara: ""Someone who is unarmed, that is in a vehicle, that may be trying to get away from law enforcement…you want to do everything possible to minimize r…",https://x.com/OfTheBraveUSA/status/2009291927259169065,109350,0,2099,1.92,1480,26,189,46,0
X,2026-03-10,,General clips,X analytics export,"Joe Rogan on Epstein: ""Names were redacted that are powerful people, not victims…What about where Epstein says 'I like the torture video.' Why would you redact the name of a person…",https://x.com/OfTheBraveUSA/status/2031463553513771212,108446,0,6928,6.39,5211,80,1121,116,0
X,2026-05-11,,General clips,X analytics export,"James Comey: ""Bill Barr ought to be on your show, talking about the dangers he sees, and that he thought [Donald Trump] should never be near the oval office again…Everybody who has…",https://x.com/OfTheBraveUSA/status/2053957591798014443,108317,0,7230,6.67,5601,138,1185,83,0
X,2026-01-17,,Produced videos,X analytics export,"In 2014, our Attorney General Pam Bondi promised to “fight to put human trafficking monsters where they belong, behind bars.” What changed? https://t.co/5EjEy1POT7",https://x.com/OfTheBraveUSA/status/2012584759486976220,104917,0,3776,3.6,2256,243,754,137,0
X,2026-02-09,,General clips,X analytics export,"Rep. Stansbury: ""Multiple administration officials, including Howard Lutnick, Elon Musk…the Secretary of the Navy…Steve Bannon…and more than three dozen associates, family members,…",https://x.com/OfTheBraveUSA/status/2020896283968323587,102767,0,9966,9.7,7017,76,2265,243,0
Instagram,2026-07-23,Week 30,Breaking News,IG reel,"When even Fox News can't spin its own polling, that's notable. 📊

On Wednesday's ""Special Report,"" anchor Bret Baier and analyst Brit Hume reviewed a new Fox News poll showing just…",https://www.instagram.com/reel/DbJvhbXivp_/,102558,88503,1016,0.99,909,35,34,38,37
X,2026-02-19,,General clips,X analytics export,"Les Wexner: ""At some of the fashion shows, Jeffrey [Epstein] was there and some Trump was there, and I remembered because Trump would always introduce himself to me and I always th…",https://x.com/OfTheBraveUSA/status/2024583504143524040,102374,0,3188,3.11,1674,45,402,133,0
X,2026-03-10,,General clips,X analytics export,"Stephen Miller: ""When did the American people sign up to be in every war, in every place on every side of every conflict?...Our dear friend Lindsey Graham, who we like a great deal…",https://x.com/OfTheBraveUSA/status/2031432808233599194,101965,0,1419,1.39,725,22,245,101,0
X,2026-02-04,,Produced videos,X analytics export,"How is a reporter supposed to ""have fun"" while asking about sexual abuse survivors? https://t.co/7IIkDbToQ6",https://x.com/OfTheBraveUSA/status/2019156080744390751,100779,0,5617,5.57,4180,111,839,132,0
X,2026-03-14,,General clips,X analytics export,"JD Vance: ""Our own government encouraged private companies to silence people...Under Donald Trump's leadership, we may disagree with your views, but we will fight to defend your ri…",https://x.com/OfTheBraveUSA/status/2032950635197321323,98668,0,3638,3.69,2500,98,650,175,0
X,2026-02-10,,General clips,X analytics export,"Van Hollen: ""Did you have a dinner in Epstein's NYC home in 2011?"" Lutnick: ""No."" Van Hollen: ""So the information that suggests there was a dinner with Woody Allen…at the Epstein r…",https://x.com/OfTheBraveUSA/status/2021239585942949996,96986,0,2257,2.33,513,73,128,64,0
X,2026-02-12,,General clips,X analytics export,"Joe Rogan on Epstein File redactions: "" None of this is good for this administration. It looks fucking terrible. It looks terrible for Trump, when he was saying that, 'none of this…",https://x.com/OfTheBraveUSA/status/2022060279702651061,96625,0,4050,4.19,2463,70,480,127,0
X,2026-07-30,Week 31,General clips,X analytics export,"Q: ""77% of Americans say economic conditions are overall poor…Is this the 'amazing economy' the administration thought you'd all be boasting about?"" Kevin Hassett: ""Well, again, ri…",https://x.com/OfTheBraveUSA/status/2082942123565822051,95865,0,1289,1.34,409,99,126,37,0
X,2026-02-17,,Sarah Matthews,X analytics export,".@SarahAMatthews1: ""We all want citizens to be the only one voting in our elections — but that is what is happening…In Utah, they did an audit of their registered voters, over 2 mi…",https://x.com/OfTheBraveUSA/status/2023560356614795772,94857,0,5926,6.25,4154,98,1114,203,0
X,2026-01-06,,General clips,X analytics export,"Megyn Kelly,: ""So we're going to be doing a shooting campaign in Iran, we're going into Columbia, we're potentially taking over Cuba, we're 'running' and 'in charge of' Venezuela n…",https://x.com/OfTheBraveUSA/status/2008381193419423993,93961,0,2930,3.12,1990,70,292,167,0
X,2026-08-20,Week 34,General clips,X analytics export,"Jake Tapper: ""But do you still think President Trump is a racist, and a con-man, and a cheat, and a mob-style boss?"" Michael Cohen: ""You're trying to go back in time, and I refuse …",https://x.com/OfTheBraveUSA/status/2090554493704237100,93478,0,1311,1.4,409,140,116,55,0
X,2026-07-28,Week 31,General clips,X analytics export,"UFC fighter Sean Strickland: ""It's kind of crazy how unpopular Trump is…We're talking about, like, hardcore Republicans, and even these guys are like, 'I just, I can't do it anymor…",https://x.com/OfTheBraveUSA/status/2082209679015391717,93260,0,2159,2.32,1138,32,281,71,0
X,2026-01-26,,General clips,X analytics export,"Josh Shapiro: ""I'm a father of four. The idea that, God forbid, this type of pain would be inflicted upon my family, and then the leader of the free world and his sidekick would go…",https://x.com/OfTheBraveUSA/status/2015805647053336718,93214,0,4308,4.62,3555,30,427,40,0
X,2026-02-09,,General clips,X analytics export,"Brett Cooper: ""Pam Blondi and Kash Patel [said] there was nothing there…Last year Pam was like 'The files are on my desk, I have the list, I'm making binders, we're gonna release a…",https://x.com/OfTheBraveUSA/status/2020860621139460386,91417,0,3923,4.29,2649,26,360,168,0
X,2026-07-28,Week 31,General clips,X analytics export,"GOP Gov. DeWine: ""Over a third of the people who work in our long-term care facilities are from some other country. When you start mass deporting these people, it's gonna impact yo…",https://x.com/OfTheBraveUSA/status/2082109086800187665,89856,0,4569,5.08,2767,66,986,117,0
X,2026-04-30,,General clips,X analytics export,"Sen. Kelly: ""Mr. Secretary, this war is stuck. The Strait of Hormuz is closed. The Iranian regime is in place. The nuclear material, still in their hands. Americans are being crush…",https://x.com/OfTheBraveUSA/status/2049907415882084516,89591,0,7141,7.97,5822,65,945,66,0
X,2026-07-08,Week 28,General clips,X analytics export,"Joe Rogan: ""We might have fucked it up by going to Iran. This war is not something anybody that's conservative wanted…Most people are horrified by the idea because when Trump was e…",https://x.com/OfTheBraveUSA/status/2074943624085672244,88059,0,1177,1.34,523,61,74,32,0
X,2026-06-16,,Sarah Matthews,raw scrape,".@SarahAMatthews1: ""Michelle Obama has carried herself with so much grace and dignity over the years and has faced these kinds of crazy, baseless attacks…She has not been the first…",https://x.com/OfTheBraveUSA/status/2066672728787079565,87710,0,4577,5.22,3972,25,534,43,0
X,2026-01-17,,Produced videos,X analytics export,"PROMISED: ""Nice steak"" DELIVERED: ""A piece of chicken, a piece of broccoli, corn tortilla, and one other thing."" https://t.co/kB0DgfQxWC",https://x.com/OfTheBraveUSA/status/2012332828751487195,87087,0,5077,5.83,3419,55,757,361,0
TikTok,2026-02-19,,News,Video,"Q: "" Did you yourself write this letter to Mr. Epstein [for his birthday book]?"" Wexner: ""Sadly, I did.""",https://www.tiktok.com/@ofthebraveusa/video/7608744562470702350,86600,0,3722,4.3,2802,163,455,302,0
Instagram,2026-08-11,Week 33,Produced Videos,IG reel,"Trump claimed that children receive vaccinations that are the ""size of a bottle of soda."" Let's see how that holds up:",https://www.instagram.com/reel/Db6nXJsCizR/,83726,60373,6819,8.14,3499,1092,1768,460,182
Instagram,2026-05-11,,Breaking News,IG reel,Trump's Reflecting Pool repairs now cost $13.1 million. His handpicked contractor was originally supposed to do it for $1.8 million.,https://www.instagram.com/reel/DYN9wv0DuVP/,81487,52174,2187,2.68,1547,218,330,92,90
X,2026-02-07,,General clips,X analytics export,"United States Olympian Hunter Hess: ""Just because I'm wearing the flag doesn't mean I represent everything that's going on in the U.S"" https://t.co/sJN1Va4ZHA",https://x.com/OfTheBraveUSA/status/2020135595880697916,80858,0,5279,6.53,3933,133,528,94,0
X,2026-03-14,,General clips,X analytics export,"Tim Dillon: ""[Trump's] not that funny anymore…I don't know what any of these people are getting out of it anymore. They elected this guy and then this guy is basically letting Jare…",https://x.com/OfTheBraveUSA/status/2032885652522516915,80464,0,2775,3.45,2032,22,267,98,0
X,2026-08-06,Week 32,General clips,X analytics export,"Q: ""Is this how you expected the second Trump term to go?"" Ohio Trump supporter: ""No, not at all. I hoped it was going to be so much better. You can't do anything with [these] gas …",https://x.com/OfTheBraveUSA/status/2085412122268225794,77882,0,1856,2.38,972,73,201,30,0
X,2026-05-27,,General clips,X analytics export,"Donald Trump: ""The Secretary of War Pete Hegseth…He loves war."" American troops and their families deserve a Defense Secretary that works to prevent war, not one who relishes in it…",https://x.com/OfTheBraveUSA/status/2059671894266192168,76940,0,7465,9.7,5210,247,1357,110,0
X,2026-02-03,,General clips,X analytics export,"Renee Good's Brother, Luke: ""This is not just a bad day, a rough week, or isolated incidents. These encounters with federal agents are changing the community and changing many live…",https://x.com/OfTheBraveUSA/status/2018785580667351177,75592,0,11573,15.31,8138,400,2190,385,0
X,2026-01-15,,Produced videos,X analytics export,"ICE says they're ""looking for individuals with integrity and courage…who aspire to the highest standards of performance…Agents must be in excellent physical condition and able to t…",https://x.com/OfTheBraveUSA/status/2011613011144999188,75249,0,6204,8.24,3938,115,1063,343,0
X,2026-05-30,,General clips,X analytics export,"Rep. Subramanyam: ""We asked [Pam Bondi] why was [Lutnick's] picture in the Epstein files taken down?...she said, 'Oh, we thought it was AI, so that's why we took it down.'"" https:/…",https://x.com/OfTheBraveUSA/status/2060809744114135068,74847,0,6601,8.82,1392,36,390,76,0
X,2026-02-18,,General clips,X analytics export,"Saagar Enjeti: ""This is a bad look. Also in the Epstein files…is one of Trump's accusers was actually interviewed by the FBI…The fact that the FBI did interview a victim who was ac…",https://x.com/OfTheBraveUSA/status/2024204776435601728,74128,0,3352,4.52,2269,26,454,188,0
X,2026-02-11,,General clips,X analytics export,"Rep. Raskin to Pam Bondi: ""You redacted the names of abusers, enablers, accomplices, and co-conspirators — apparently to save them from embarrassment and disgrace…Even worse, you'v…",https://x.com/OfTheBraveUSA/status/2021605806546829355,73485,0,9863,13.42,7556,78,1720,215,0
X,2026-08-03,Week 32,Produced videos,X analytics export,Don’t suffer from high prices in silence. Call 1-866-2PRICEY. https://t.co/qRCdTJJQc4,https://x.com/OfTheBraveUSA/status/2084266647485878680,72460,0,407,0.56,117,6,49,6,0
X,2026-06-10,,Sarah Matthews,X analytics export,".@SarahAMatthews1: "" It's why I've turned the corner on Trump and haven't looked back…How can you watch those images of police officers being brutally beaten and know that Donald T…",https://x.com/OfTheBraveUSA/status/2064738554442383635,71211,0,5792,8.13,4297,51,1099,78,0
Instagram,2026-01-14,,Produced Videos,IG reel,EPIC ICE FAILS!!,https://www.instagram.com/reel/DTgxqkqACtn/,71195,55830,14679,20.62,10921,801,2481,476,383
YouTube,2026-02-10,,News,Shorts,Rep. Raskin Discusses Epstein File Redactions | News,https://www.youtube.com/watch?v=iJG1NHc4OsE,69517,2667,1510,2.17,1417,36,57,0,57
X,2026-03-05,,Produced videos,X analytics export,Meet the new Secretary of Homeland Security Markwayne Mullin: https://t.co/ZbAOMHK0j3,https://x.com/OfTheBraveUSA/status/2029696339399922049,69352,0,4051,5.84,1164,155,551,656,0
YouTube,2026-07-29,Week 31,Breaking News,Shorts,Breaking News: Trump Lawyers Ask Supreme Court to Overturn the E. Jean Carroll Case,https://www.youtube.com/watch?v=NDMLWxN6lTQ,67883,1609,1076,1.59,1009,53,14,0,34
X,2026-08-20,Week 34,General clips,X analytics export,"Jake Tapper: ""The president told you to do things, you did them, then you went to prison, and he's had no consequences."" Michael Cohen: ""Okay."" Tapper: ""That doesn't bother you?"" C…",https://x.com/OfTheBraveUSA/status/2090552986539786509,67093,0,956,1.42,320,56,77,51,0
X,2026-01-10,,HOTB clips,X analytics export,"Michael Fanone: ""This exact scenario is not an uncommon scenario for most law enforcement officers. I came across it countless times in my career. The amount of times that I fired …",https://x.com/OfTheBraveUSA/status/2010123427336921459,66484,0,6046,9.09,4607,52,1066,110,0
YouTube,2026-07-14,Week 29,Breaking News,Shorts,Breaking News: Reflecting Pool Is Completely Drained,https://www.youtube.com/watch?v=MR52qeASeBQ,66058,4151,1701,2.58,1536,126,39,0,36
YouTube,2026-06-30,Week 27,Breaking News,Shorts,Breaking News: Insane New Gift to the White House,https://www.youtube.com/watch?v=_ynDcYBdins,65838,1056,982,1.49,879,45,58,0,43
X,2026-01-21,,Produced videos,X analytics export,A moment of silence for all that we lost this year… - Presidential ethics - Checks and balances - Freedom of the press - Due process rights - American global leadership - A compete…,https://x.com/OfTheBraveUSA/status/2013774863899529388,65786,0,8531,12.97,5240,117,2420,426,0
X,2026-05-26,,General clips,X analytics export,"U.S. Army veteran Jon Gundersen on Trump's Arc: ""This is not a monument to veterans. This is a monument to the ego of one man…It's disrespectful for veterans. It's not the way to h…",https://x.com/OfTheBraveUSA/status/2059350780545470886,64202,0,9806,15.27,7426,76,1987,69,0
X,2026-03-10,,General clips,X analytics export,"Joe Rogan: ""It just doesn't make any sense to me unless we're acting on someone else's interests, like particularly Israel's interests. It just didn't make any sense to me if they …",https://x.com/OfTheBraveUSA/status/2031454287063028020,63835,0,1225,1.92,598,32,91,36,0
X,2026-03-05,,General clips,X analytics export,"Andrew Schulz on war in Iran: ""Trump tweeted 'We have unlimited missiles.' Trump only tweets shit like that when shit ain't going well. Like when the economy sucks he's like 'It's …",https://x.com/OfTheBraveUSA/status/2029385055148093873,63315,0,1817,2.87,1324,16,175,70,0
X,2026-08-13,Week 33,General clips,X analytics export,"Mark Normand: ""You took a photo with Trump a couple years back."" Shane Gillis: ""That was pre a lot of things… Back then, when I was taking that picture, I was like, 'this guy's gon…",https://x.com/OfTheBraveUSA/status/2087990824923451741,62722,0,1275,2.03,797,36,76,84,0
X,2026-02-10,,General clips,X analytics export,"Marjorie Taylor Greene: ""Do I believe that this administration is going to provide justice for anything in the Epstein files? No, absolutely not. Because the president told me that…",https://x.com/OfTheBraveUSA/status/2021226700642623960,62222,0,6970,11.2,4968,113,1415,152,0
X,2026-07-01,Week 27,Other,X analytics export,"""Mt. Olive Pickles, which is based in North Carolina, said it was unaware that a Confederate flag would be featured at the state’s booth when it agreed to be part of the exhibit. '…",https://x.com/OfTheBraveUSA/status/2072313255335207328,61870,0,5387,8.71,4049,54,849,61,0
X,2026-01-05,,General clips,X analytics export,"Michael Fanone narrates his body camera footage from the January 6 insurrection: ""I'm trying to fight to stay alive…I'm being assaulted from every direction. I'm trying to keep peo…",https://x.com/OfTheBraveUSA/status/2008182678194139485,61598,0,6826,11.08,4177,93,1969,396,0
X,2026-01-06,,General clips,X analytics export,.@judgeluttig: “It has been the Republicans who have reprehensibly failed us...These claims by [Trump] and his Republican allies have corroded and corrupted American democracy.” ht…,https://x.com/OfTheBraveUSA/status/2008560712055242951,61387,0,8617,14.04,5565,92,2525,220,0
X,2026-02-09,,General clips,X analytics export,"Rep. Subramanyam: ""Ghislaine Maxwell should have no hope of ever getting out of prison…She's campaigning over and over again to get that pardon from President Trump, and this presi…",https://x.com/OfTheBraveUSA/status/2020892659645030796,61256,0,4667,7.62,3469,59,845,126,0
X,2026-07-16,Week 29,General clips,X analytics export,"Epstein survivor Dani Bensky: ""I'm a teacher. In my school, if a student released a nude photo depicting a peer's sexual assault and abuse, they would almost certainly face expulsi…",https://x.com/OfTheBraveUSA/status/2077762955026837847,60149,0,4577,7.61,3481,12,917,47,0
X,2026-06-17,,Sarah Matthews,X analytics export,".@SarahAMatthews1: ""It seems like Trump wants to rush [the Iran] deal and get it done, because he knows that his poll numbers are cratering as a result of this war…But unless it's …",https://x.com/OfTheBraveUSA/status/2067265602394247436,59452,0,2079,3.5,1700,7,228,43,0
X,2026-03-03,,General clips,X analytics export,"Trump: ""We have a virtually unlimited supply of weapons. Wars can be fought 'forever,' and very successfully, using just these supplies."" https://t.co/YnPBR50ASx",https://x.com/OfTheBraveUSA/status/2028697202478981228,59014,0,4019,6.81,117,80,58,31,0
X,2026-01-06,,General clips,X analytics export,"Officer Harry Dunn: ""How can we move on from January 6th without correcting the record on what happened? There has been no accountability...The President pardoned them — a criminal…",https://x.com/OfTheBraveUSA/status/2008353017888743544,57983,0,10303,17.77,7359,97,2607,148,0
YouTube,2026-06-08,,Ad,Long-Form,Watch Trump Roll Prices UP | Ad,https://www.youtube.com/watch?v=KPln-f23GYg,57459,69615,10378,18.06,1743,250,8385,0,210
X,2026-01-05,,General clips,X analytics export,"Michael Fanone narrates his body camera footage from the January 6 insurrection: "" I remember trying to, like, appeal to them. I said we have injured officers here. It just seemed …",https://x.com/OfTheBraveUSA/status/2008181533144969549,56874,0,3684,6.48,2111,51,1098,238,0
X,2026-06-03,,General clips,raw scrape,"Rep. Crow: ""I heard Marco Rubio yesterday saying, 'this isn't a war.' It just reminded me of my time in Iraq…Patrolling the streets of Baghdad in 120 degree heat, taking sniper fir…",https://x.com/OfTheBraveUSA/status/2062238637178421250,56811,0,2313,4.07,1811,2,468,30,0
X,2026-02-22,,General clips,X analytics export,"One year ago today, Pam Bondi said that she had the Epstein files ""sitting on my desk right now to review.” https://t.co/DFmbW7FQhz",https://x.com/OfTheBraveUSA/status/2025378302400057380,56342,0,3871,6.87,2661,114,775,100,0
X,2026-02-07,,General clips,X analytics export,"U.S. Olympian Chris Lillis: ""I feel heartbroken about what's happened in the United States when it comes to ICE and the protests…As a country we need to focus on respecting everybo…",https://x.com/OfTheBraveUSA/status/2020134518137495998,55029,0,5173,9.4,4167,67,556,64,0
X,2026-01-10,,General clips,X analytics export,"Tim Dillon: "" These ICE raids are performative and cruel and a bit psychotic…They're equating all immigration enforcement to these random, brutal raids where you see people that ha…",https://x.com/OfTheBraveUSA/status/2010060112849936738,54927,0,2286,4.16,1635,9,204,146,0
X,2026-06-12,,General clips,raw scrape,"Donald Trump: "" One of the worst deals ever made by Barack Hussein Obama. Remember when they sent Boeing 757s over there loaded with cash, hundreds of millions... Sent it to Iran a…",https://x.com/OfTheBraveUSA/status/2065538274618220641,54711,0,635,1.16,442,11,149,30,0
TikTok,2026-05-11,,Breaking News,Video,Trump's Reflecting Pool repairs now cost $13.1 million. His handpicked contractor was originally supposed to do it for $1.8 million.,https://www.tiktok.com/@ofthebraveusa/video/7638792813928402189,54600,0,1388,2.54,1061,192,53,82,0
X,2026-05-26,,General clips,X analytics export,"Trump claims that gas prices will ""drop like a rock"" once his war of choice in Iran is over. Turns out, that's a lie. CNN Business senior reporter David Goldman breaks down why it …",https://x.com/OfTheBraveUSA/status/2059290714572247264,53808,0,2014,3.74,1338,27,443,78,0
TikTok,2026-07-07,Week 28,Breaking News,Video,New aerial photos show all the construction remaking the White House. The torn-up grass on the South Lawn is left over from the UFC fight Trump hosted on his 80th birthday. On top …,https://www.tiktok.com/@ofthebraveusa/video/7659807238105615630,52300,0,1190,2.28,804,197,89,100,0
X,2026-04-28,,Sarah Matthews,X analytics export,".@SarahAMatthews1: ""We are allowed to criticize the President in this country. That is one of our fundamental rights. So by questioning or criticizing him and his actions, that is …",https://x.com/OfTheBraveUSA/status/2048929294789878003,51740,0,4129,7.98,3119,69,632,98,0
Instagram,2026-07-08,Week 28,Podcast Promo,IG image,"🚨This Friday, 7/10 at 3:30pm ET: @briantylercohen joins @SarahAMatthews1 live on The Home of the Brave Podcast to talk about his new book ""The Day After"" and what it'll take to pul…",https://www.instagram.com/p/DajEm9GjWrP/,51585,34327,279,0.54,252,2,3,22,2
X,2026-02-03,,General clips,X analytics export,"Trump: “I hereby demand that the morons that run…the Times change their story, immediately.” https://t.co/EVzp0L6KSN",https://x.com/OfTheBraveUSA/status/2018553787326279813,50610,0,3694,7.3,538,257,155,46,0
X,2026-04-02,,General clips,X analytics export,"Pam Bondi: ""They are talking about Epstein today…because Donald Trump, the Dow right now is over 50,000…That's what we should be focused on, all the great work that this president …",https://x.com/OfTheBraveUSA/status/2039755162357502303,50067,0,1144,2.28,814,11,130,43,0
X,2026-06-17,,Sarah Matthews,raw scrape,".@SarahAMatthews1 on Trump's ballroom: ""Sounds like that was a lie, that it was going to be completely privately funded…I don't understand why a man worth $7B who has seen a $3 bil…",https://x.com/OfTheBraveUSA/status/2067270543552762199,50052,0,1805,3.61,1471,12,284,38,0
X,2026-06-15,,Sarah Matthews,raw scrape,".@SarahAMatthews1: ""President Macron of France, his wife, when she faced similar accusations of being a man…Trump came out and condemned it. But he can't do the same thing for Mich…",https://x.com/OfTheBraveUSA/status/2066671112679825791,49185,0,1836,3.73,1537,14,247,33,0
X,2026-03-14,,General clips,X analytics export,"Tim Dillon: ""He's at the end of his life. He's endorsing Jake Paul for president. He doesn't care about what happens next. That's the thing with Donald Trump, he doesn't care about…",https://x.com/OfTheBraveUSA/status/2032881735197929871,49099,0,1668,3.4,1304,8,129,61,0
Instagram,2026-05-08,,Breaking News,IG reel,Trump just handed millions of dollars to his pool designer.,https://www.instagram.com/reel/DYF8xsmuDBr/,48970,31847,2163,4.42,1444,232,406,81,85
X,2026-06-02,,General clips,raw scrape,"Megyn Kelly: ""Nobody knows what the hell we're doing in Cuba because Trump hasn't told us…Our troops could 'take Cuba' I think pretty easily, but then what?…Is this gonna be a new …",https://x.com/OfTheBraveUSA/status/2061900911534915585,48200,0,555,1.15,436,15,83,18,0
YouTube,2026-07-01,Week 27,Breaking News,Shorts,Breaking News: Trump Wants to Remake DC's Public Golf Course,https://www.youtube.com/watch?v=k97JfKWoZfM,48145,1583,1207,2.51,1092,53,62,0,49
X,2026-02-15,,General clips,X analytics export,"Epstein survivor Liz Stein: ""We didn't get any answers but what we did see was Pam Bondi really showing her true colors, and it was disappointing…for us to be in that room with Pam…",https://x.com/OfTheBraveUSA/status/2023049257360482557,47426,0,5747,12.12,4431,42,1051,49,0
X,2026-01-15,,General clips,X analytics export,Pete Hegseth. Secretary of WAR. World-class athlete. Not a beta. https://t.co/gZN9miC4aB,https://x.com/OfTheBraveUSA/status/2011921370263736637,47301,0,549,1.16,276,24,43,13,0
YouTube,2026-03-10,,News,Shorts,Joe Rogan on Iran: This is Why People Feel Betrayed | News,https://www.youtube.com/watch?v=IlBJvIREw4g,46698,10350,331,0.71,289,22,20,0,13
X,2026-05-19,,Produced videos,X analytics export,"Don Jr.'s net worth went from $50M to $300M in 13 months. Here's how: his VC firm invested in Vulcan Elements in August. Three months later, the Pentagon gave Vulcan a $620M loan —…",https://x.com/OfTheBraveUSA/status/2056790237695664263,46581,0,551,1.18,197,13,133,34,0
X,2026-03-23,,Other,X analytics export,"As proud partners of #NoKings, we're investing $1M in full-page ads in 300 newspapers nationwide to encourage Americans to peacefully protest at their local No Kings event this wee…",https://x.com/OfTheBraveUSA/status/2036077659164115056,46459,0,4673,10.06,1870,113,1250,57,0
X,2026-06-05,,Sarah Matthews,raw scrape,".@SarahAMatthews1: ""If you thought that people would build monuments to you after you leave office, then you wouldn't feel the need to do this…Trump is doing this right now because…",https://x.com/OfTheBraveUSA/status/2063025572020670762,46150,0,1801,3.9,1530,12,227,25,0
X,2026-06-04,,HOTB clips,raw scrape,"Fmr FBI Agent Michael Feinberg: ""[Kash Patel] came in with a wrecking ball from day one…It's not an exaggeration to say we lost collectively centuries of experience. They fired peo…",https://x.com/OfTheBraveUSA/status/2062645748500697179,46001,0,1702,3.7,1351,2,310,37,0
X,2026-02-17,,General clips,X analytics export,"Dave Smith: ""He did a 180 and said 'There's no such thing as the the Epstein files, it's a Democratic hoax.'…How can any of you guys still support Donald Trump?"" https://t.co/EoXfR…",https://x.com/OfTheBraveUSA/status/2023878272753561906,45960,0,3068,6.68,2318,21,421,81,0
X,2026-05-13,,HOTB Podcast Promo,raw scrape,A Metro PD officer who almost died defending the Capitol on January 6th and an investigator who spent years digging for the truth of what happened that day show each other respect.…,https://x.com/OfTheBraveUSA/status/2054653475372343488,45911,0,1498,3.26,1228,13,214,41,0
YouTube,2026-07-10,Week 28,Bill Kristol & Tom Joscelyn,Long-Form,The Trump Admin Brutal Supreme Court Loss w/ Bill Kristol & Tom Joscelyn,https://www.youtube.com/watch?v=gO-eMoauWbc,45378,479414,1282,2.83,1103,65,114,0,113
X,2026-06-08,,Newsletter,X analytics export,"Today, Home of the Brave launches Sticker Shock Summer, a $15M campaign highlighting how the Trump admin's policies have hiked costs for Americans. Our message is simple: your summ…",https://x.com/OfTheBraveUSA/status/2063954309042061784,45297,0,767,1.69,201,13,71,6,0
X,2026-05-01,,General clips,X analytics export,"Joe Rogan: ""When people weren't upset about ICE people in the street with masks on and no identification… you're setting a precedent for militarized people with seven weeks trainin…",https://x.com/OfTheBraveUSA/status/2050311798465933667,45098,0,1166,2.59,799,29,104,67,0
X,2026-08-25,,General clips,X analytics export,"Pretti's Mother: ""I was not shocked that he helped somebody. My shock is that he was murdered, and no one has given us the complete truth…Left cold on the ground, dead. My child."" …",https://x.com/OfTheBraveUSA/status/2092266849756975360,45068,0,5574,12.37,3852,77,1335,124,0
X,2026-05-29,,General clips,raw scrape,"Donald Trump: "" Remember when [Obama] filled up a 757 with billions of dollars of cash and sent it to Iran?…I realized the presidency is very powerful, when you could put over a bi…",https://x.com/OfTheBraveUSA/status/2060466209947000834,44824,0,489,1.09,360,13,85,26,0
YouTube,2026-07-28,Week 31,Breaking News,Shorts,Breaking News: Reflecting Pool Update,https://www.youtube.com/watch?v=Kfa3IbKzi1E,43970,1057,1482,3.37,1420,57,5,0,26
X,2026-01-13,,General clips,X analytics export,"Rogan: ""We have this terrible tragedy in Minnesota where that woman was shot, which was horrible…It just seemed all kinds of wrong to me."" https://t.co/O6nl7ki79r",https://x.com/OfTheBraveUSA/status/2011150896663818301,43647,0,1962,4.5,1329,35,195,91,0
X,2026-06-03,,General clips,raw scrape,"Joe Rogan on Greg Bovino, former CBP head: "" He wore outfits that were like, reminiscent of Nazi Germany. He had very weird coat that he would wear all the time… A very odd wardrob…",https://x.com/OfTheBraveUSA/status/2062256252911317443,43604,0,459,1.05,381,7,47,22,0
X,2026-06-03,,General clips,X analytics export,"Rep. Dean: ""I have one question for you. Is your obligation to the victims and survivors of Epstein's heinous crimes and all his perpetrators, or is your first obligation to the pr…",https://x.com/OfTheBraveUSA/status/2061969890416730155,43317,0,1941,4.48,1301,20,360,52,0
X,2026-02-15,,General clips,X analytics export,"Gov. Andy Beshear: ""ICE is out of control. They have an American body count. They have injured and wrongfully shot others. They have two agents that are being investigated for perj…",https://x.com/OfTheBraveUSA/status/2023044967745102234,43310,0,5587,12.9,4093,152,1136,68,0
X,2026-05-01,,Produced videos,X analytics export,Trump seems to think '86' definitively means 'kill.' Let's roll the tape and see if that's true: https://t.co/E141evXZdZ,https://x.com/OfTheBraveUSA/status/2050334455177318545,42899,0,1405,3.28,723,31,238,114,0
X,2026-03-09,,General clips,X analytics export,"Vance: "" If there is a third World War, it is the people in this room who are gonna be drafted and called upon to fight it. I do not want that. I do not want you guys to have to pu…",https://x.com/OfTheBraveUSA/status/2031151322548863248,42324,0,992,2.34,524,37,188,52,0
X,2026-08-06,Week 32,General clips,X analytics export,"Sen. Bill Cassidy on Todd Blanche: ""I am very concerned about so-called lawfare — people being prosecuted, not for a valid reason beyond somebody in high office being angry at them…",https://x.com/OfTheBraveUSA/status/2085397900557701630,41954,0,1818,4.33,1022,261,287,13,0
X,2026-01-06,,General clips,X analytics export,"Rep. Thompson: ""Dozens of nonpartisan career prosecutors and FBI agents who worked on January 6th cases have been summarily fired...the DOJ has become an instrument for retribution…",https://x.com/OfTheBraveUSA/status/2008564485192380442,41128,0,2170,5.28,1287,60,569,34,0
X,2026-06-29,Week 27,Produced videos,X analytics export,"Thanks to Trump, we’re all paying more for groceries, fireworks, gas, and electricity. Freedom isn’t free, but July 4th didn't always cost this much money. That’s why we’re running…",https://x.com/OfTheBraveUSA/status/2071579989259043049,40944,0,759,1.85,402,4,199,11,0
X,2026-05-11,,General clips,raw scrape,"Q: ""Why do you think people like Lisa Monaco, Merrick Garland, or Chris Wray stay quiet?"" Comey: ""I don't know how [they think] about it. What I hope has not happened, is that Dona…",https://x.com/OfTheBraveUSA/status/2053955895525016026,40348,0,902,2.24,753,6,122,19,0
X,2026-08-12,Week 33,General clips,X analytics export,"Trump's Fmr. Defense Secretary, Mark Esper, on U.S. losses in Iran: ""I think the damage is more extensive than we know with regard to airplanes damaged or destroyed, bases hit…We h…",https://x.com/OfTheBraveUSA/status/2087569279751172287,40120,0,1366,3.4,912,7,283,24,0
Instagram,2026-08-10,Week 33,Breaking News,IG reel,"Asked a direct question, Trump gave a familiar non-answer, and this time the reporter pushed back. 🎙️

In a Punchbowl News interview, Jake Sherman asked whether Democrats might imp…",https://www.instagram.com/reel/Db3t_m9D09B/,39968,34472,1790,4.48,1655,96,19,20,114
X,2026-01-22,,General clips,X analytics export,"Rep. Ted Lieu: ""How scared are Republicans of talking about the Epstein files? They would rather talk about the criminality of Donald Trump trying to steal an election…than talk ab…",https://x.com/OfTheBraveUSA/status/2014392097747427438,39780,0,5033,12.65,3654,80,1072,83,0
X,2026-06-13,,General clips,X analytics export,"Trump: "" I terminated Barack Hussein Obama's Iran nuclear deal, a disaster. Obama gave them $1.7 billion in cash…in an attempt to buy their respect and loyalty, but it didn't work.…",https://x.com/OfTheBraveUSA/status/2065586194940035429,39471,0,598,1.52,277,58,93,33,0
X,2026-02-28,,General clips,X analytics export,"Trump in 2011: "" I think Obama will go to war with Iran because I think he views it as good politically, and that's pretty sad…With the kind of leadership we have, we'll probably h…",https://x.com/OfTheBraveUSA/status/2027785161564135545,38733,0,1289,3.33,691,33,346,135,0
YouTube,2026-08-10,Week 33,Breaking News,Shorts,Breaking News: Another No Bid Contract Goes to a Trump Donor For Border Wall Construction,https://www.youtube.com/watch?v=SvL06d6DmSs,38489,937,927,2.41,832,60,35,0,18
YouTube,2026-06-03,,Breaking News,Shorts,Breaking News: More Bad News For Trump,https://www.youtube.com/watch?v=k7Mi4aWXkWU,38430,897,1608,4.18,1543,34,31,0,46
Instagram,2026-07-08,Week 28,Breaking News,IG reel,"At the NATO summit in Ankara today, President Trump mixed up Iran — the country the U.S. was just at war with — and Japan, a longtime American ally.

Seated beside Ukrainian Presid…",https://www.instagram.com/reel/DaiRbPsglmJ/,38300,29486,2206,5.76,1537,221,402,46,457
X,2026-01-29,,General clips,X analytics export,"Pete Buttigieg: ""The president ran on immigration, but I don't think most people who voted for him were voting for the idea that an American citizen could be pushed to the ground, …",https://x.com/OfTheBraveUSA/status/2017020353646657608,38225,0,3594,9.4,2791,44,561,45,0
YouTube,2026-02-12,,News,Shorts,Rep. Goldman Addresses Epstein Victims | News,https://www.youtube.com/watch?v=0r5nVbKIqyk,38080,1248,1753,4.6,1624,40,89,0,49
X,2026-01-14,,General clips,X analytics export,"Danish MP Rasmus Jarlov on Greenland: ""We're not going to sell people and land to the Americans."" https://t.co/77gkX7NDVF",https://x.com/OfTheBraveUSA/status/2011502152674357616,37388,0,2371,6.34,1807,30,303,31,0
X,2026-07-29,Week 31,General clips,X analytics export,"Epstein Survivor Dani Bensky: ""When Senator Tillis asked Todd Blanche to meet with survivors, I don't think that he had the meeting in mind that we got. The meeting was very condes…",https://x.com/OfTheBraveUSA/status/2082495028174205138,37319,0,1481,3.97,998,6,324,20,0
X,2026-08-13,Week 33,General clips,X analytics export,"Joe Rogan: "" This government has done some shit that no government has ever done before, and one of them is the crypto stuff. The crypto stuff's nuts. Trump has made billions in cr…",https://x.com/OfTheBraveUSA/status/2087988386292445193,37128,0,1262,3.4,756,56,186,65,0
X,2026-06-18,,HOTB clips,X analytics export,"Mike Fanone: ""I attended the Federal Law Enforcement Training Center, which is the same facility that ICE and CBP attend. At the time, their training was in excess of nine months…t…",https://x.com/OfTheBraveUSA/status/2067627432643903506,36933,0,2751,7.45,1951,5,599,45,0
YouTube,2026-08-05,Week 32,Breaking News,Shorts,Breaking News: What is Happening at the Helipad?,https://www.youtube.com/watch?v=mLvpN6zssQU,36847,1384,593,1.61,539,40,14,0,12
TikTok,2026-07-01,Week 27,Breaking News,Video,"Trump reportedly wants to redo DC's East Potomac golf course. The cost? The city's OLDEST cherry tree grove 🌸, a beloved bike path, and public picnic areas — public land, public mo…",https://www.tiktok.com/@ofthebraveusa/video/7657654554233801997,36600,0,2111,5.77,1543,206,199,163,0
X,2026-05-06,,General clips,X analytics export,"The Institute for Primary Facts in New York City just launched the ""Donald J. Trump and Jeffrey Epstein Memorial Reading Room"" containing printouts of all the Epstein files. https:…",https://x.com/OfTheBraveUSA/status/2052025024937103743,36285,0,5316,14.65,3544,31,1481,133,0
X,2026-02-03,,Sarah Matthews,X analytics export,".@SarahAMatthews1: ""AG Pam Bondi, sending the letter to the Minnesota lawmakers telling them 'we'll remove ICE from your state, but only if you hand over your voter rolls'…just sho…",https://x.com/OfTheBraveUSA/status/2018498482982564051,35761,0,3539,9.9,2792,22,577,62,0
X,2026-05-12,,Sarah Matthews,X analytics export,".@SarahAMatthews1: ""Bill Barr, someone who I wish would be more outspoken — a good, smart man of integrity, who knows that Trump is a danger…There are plenty of other folks from th…",https://x.com/OfTheBraveUSA/status/2054009498939838882,35553,0,502,1.41,283,17,43,16,0
Instagram,2026-06-11,,Breaking News,IG reel,"Trump's mobile phone is made with Chinese parts and resembles a two-year-old device, despite promises that it would be made entirely in the U.S. and feature ""the best technology."" …",https://www.instagram.com/reel/DZdYGvGEcmk/,35238,27889,451,1.28,385,7,46,13,22
X,2026-01-05,,General clips,X analytics export,"Vance in May: ""We had a long experiment in…nation-building and meddling in foreign countries' affairs…What we're seeing from President Trump is a generational shift in policy."" htt…",https://x.com/OfTheBraveUSA/status/2008292055332630904,35162,0,1240,3.53,652,48,265,155,0
X,2026-02-08,,General clips,X analytics export,"Rep. Thomas Massie: ""Where are the rest of the documents? Why did they release victims' names?…What are these redactions?…[Pam Bondi] has been all over the map. She has no credibil…",https://x.com/OfTheBraveUSA/status/2020545554661724477,35006,0,3410,9.74,2723,28,523,38,0
X,2026-07-28,Week 31,General clips,X analytics export,"Kaitlan Collins: ""I don't think they subpoenaed Bob Woodward or Carl Bernstein's mother or spouses like [Trump's DOJ] just did with The New York Times reporters. Shout out to my co…",https://x.com/OfTheBraveUSA/status/2082139444975403332,34994,0,2026,5.79,1540,6,264,40,0
X,2026-07-15,Week 29,General clips,X analytics export,"Trump in May 2026: ""We have a man who's doing a great job, I'll tell you. I knew it, because he kept me out of jail for years. Acting Attorney General Todd Blanche, he kept me out …",https://x.com/OfTheBraveUSA/status/2077490894761062708,34890,0,1861,5.33,1163,31,563,78,0
X,2026-07-09,Week 28,Produced videos,X analytics export,"Kash Patel: ""We're serious about saving and being good stewards of the taxpayers' dollars."" https://t.co/wwREvI7miL",https://x.com/OfTheBraveUSA/status/2075257789958554070,34882,0,1319,3.78,945,18,264,37,0
Instagram,2026-07-21,Week 30,Breaking News,IG reel,"A black tarp now surrounds the Lincoln Memorial Reflecting Pool, meant to screen it during repairs. As of this clip, it's struggling to stay up in the wind. 🇺🇸

This is the renovat…",https://www.instagram.com/reel/DbEufXEDYa6/,34501,29938,401,1.16,319,67,4,11,19
X,2026-07-16,Week 29,General clips,raw scrape,"Dani Bensky: ""Annie Farmer, a victim and a survivor who testified in Ghislaine Maxwell's hearing, actually wrote a letter to Todd Blanche immediately after [his meeting with Maxwel…",https://x.com/OfTheBraveUSA/status/2077773404871032979,34497,0,2132,6.18,1611,12,483,24,0
X,2026-03-18,,General clips,X analytics export,"Todd Blanche suggests that ""unanswered questions"" about the Epstein files are because of ""a coverup by Biden."" https://t.co/mcpnhMAVpp",https://x.com/OfTheBraveUSA/status/2034416982003425590,34092,0,1057,3.1,247,390,92,27,0
X,2026-04-08,,Produced videos,X analytics export,What Did Trump Actually Accomplish In Iran? NEW VIDEO! Trump promised to destroy Iran's missiles and topple the regime. He did NOT. WATCH. SHARE. Retweet and quote tweet. https://t…,https://x.com/OfTheBraveUSA/status/2042003101696065564,33534,0,433,1.29,152,14,69,16,0
Instagram,2026-01-29,,Produced Videos,IG reel,Still just concepts of a plan?,https://www.instagram.com/reel/DUHLQOlgT6e/,33506,25914,1209,3.61,1116,31,62,0,4
TikTok,2026-02-10,,News,Video,"Sen. Merkley to Howard Lutnick: ""I can hear the angst in your voice over the Epstein files. The reason people are bothered is because last year you said you had cut off all contact…",https://www.tiktok.com/@ofthebraveusa/video/7605379137422757134,33200,0,1010,3.04,852,52,31,75,0
TikTok,2026-01-14,,Produced Videos,Video,EPIC ICE FAILS!!,https://www.tiktok.com/@ofthebraveusa/video/7595386884713434381,33100,0,4340,13.11,3486,245,389,220,0
X,2026-03-01,,General clips,X analytics export,"Tulsi Gabbard: ""President Trump, your Iran strategy has been ill-advised and very short-sighted. You need to change course now…For the good of our country do the right thing."" (201…",https://x.com/OfTheBraveUSA/status/2028195884085727400,32848,0,1598,4.86,883,68,312,75,0
X,2026-08-04,Week 32,General clips,X analytics export,"Epstein survivor Dani Bensky: ""There's always a glimmer of hope that somebody will do the right thing. I was hoping that it would be John Cornyn, because he has been such a great a…",https://x.com/OfTheBraveUSA/status/2084662000949379257,32708,0,2743,8.39,1937,19,585,18,0
X,2026-07-02,Week 27,General clips,raw scrape,"Florida Trump voter on the president's crypto profits: ""Somebody is making money on the side. It's not me. I don't think one person should have that kind of power to to make that k…",https://x.com/OfTheBraveUSA/status/2072736128805793946,32692,0,2646,8.09,2266,14,338,24,0
TikTok,2026-02-11,,News,Video,"Sen. Slotkin: ""At the direction of President Trump, U.S. Attorney Jeanine Pirro attempted to persuade a grand jury to indict us on criminal charges. If things had gone a different …",https://www.tiktok.com/@ofthebraveusa/video/7605760518640520462,32600,0,985,3.02,876,21,43,45,0
X,2026-02-04,,General clips,X analytics export,"Laura Loomer: ""Pam Bondi said several months ago, last year, the files were on her desk and then she said that they're in possession of videotapes… If the DOJ said that they have a…",https://x.com/OfTheBraveUSA/status/2019131434821382487,32237,0,717,2.22,389,38,104,19,0
X,2026-07-17,Week 29,General clips,X analytics export,"Epstein survivor Liz Stein on the meeting with Todd Blanche: ""He completely talked around questions. He didn't give transparent answers. He didn't give us any promises as far as fo…",https://x.com/OfTheBraveUSA/status/2077907218402291788,32072,0,2002,6.24,1339,16,492,34,0
X,2026-01-15,,Other,X analytics export,.@StephenM @StephenM @StephenM https://t.co/avRcRpeRwt,https://x.com/OfTheBraveUSA/status/2011866646458044546,31803,0,346,1.09,173,4,52,32,0
X,2026-05-07,,HOTB clips,X analytics export,".@BillKristol on the Arc de Trump: "" A person that's insecure but also narcissistic and vain, a lot of megalomania — these are the kinds of things you want to do…Deep down it refle…",https://x.com/OfTheBraveUSA/status/2052420693846118627,31585,0,728,2.3,518,15,107,14,0
YouTube,2026-08-06,Week 32,Breaking News,Shorts,Breaking News: Pete Hegseth and Donald Trump Are Fighting Over Iran War,https://www.youtube.com/watch?v=RFDjGJAGxZU,31350,4593,476,1.52,460,11,5,0,13
X,2026-02-10,,Other,X analytics export,"Marc Rowan, one of Trump's appointees to the Board of Peace, was in contact with Jeffrey Epstein as late as 2016. https://t.co/Vl9hdAch3S",https://x.com/OfTheBraveUSA/status/2021353498080891031,31098,0,4740,15.24,1895,30,1025,101,0
Instagram,2026-01-28,,News,IG reel,"Andrew Schultz: "" '5% of the people they deported are violent criminals.""

Akash Singh: "" There's probably more pedophiles in the Oval Office.""

Schultz: "" If you bring up another …",https://www.instagram.com/reel/DUErEFpkZtu/,30957,22514,2212,7.15,1304,171,595,142,40
Instagram,2026-07-09,Week 28,Breaking News,IG reel,"There's a 115-year-old law in the way of Trump's 250-foot ""triumphal arch"" in Washington DC, so his allies are trying to reinterpret it.

The Height of Buildings Act, passed by Con…",https://www.instagram.com/reel/DalQ7Xdgp2n/,30951,26512,490,1.58,365,64,39,22,10
X,2026-02-13,,Produced videos,X analytics export,Former Rep. Marjorie Taylor Greene is speaking out! https://t.co/TCV5wxF3tl,https://x.com/OfTheBraveUSA/status/2022106041367007273,30641,0,891,2.91,437,11,133,59,0
X,2026-06-03,,General clips,raw scrape,"Rep. Walkinshaw: ""During the shutdown in 2025, Sec. Noem bought two top of the line G700 Gulfstream jets…[Sec. Mullins] regularly uses the G700 with the leather seats to fly home t…",https://x.com/OfTheBraveUSA/status/2062191073846292969,30621,0,966,3.15,750,1,195,18,0
Instagram,2026-07-11,Week 28,HOTB Pod,IG reel,"@briantylercohen on what the average person can do to defend democracy: ""It looks like staying engaged…The biggest obstacle we have to contend with is apathy.""

Watch the latest ep…",https://www.instagram.com/reel/Daq2LWLE5VG/,30492,26612,884,2.9,846,6,6,26,25
YouTube,2026-08-13,Week 33,Breaking News,Shorts,Breaking News: President Trump Getting Sued Over Selling Truth Social Access for $100K/Month,https://www.youtube.com/watch?v=OXd1kt-A74g,30486,2548,782,2.57,750,26,6,0,24
X,2026-08-12,Week 33,General clips,X analytics export,"Joe Rogan on Trump's secret plane switch: "" If that's true, that is so wild that he didn't even tell [the press pool]… Those press people were signing up for something they didn't …",https://x.com/OfTheBraveUSA/status/2087601562528989306,30359,0,1422,4.68,977,54,155,80,0
X,2026-02-07,,Other,X analytics export,"Yet another high-ranking member of the Trump administration — Ben Black, CEO of the International Development Finance Corporation — had a relationship with Jeffrey Epstein well aft…",https://x.com/OfTheBraveUSA/status/2020153586802368942,30336,0,3691,12.17,1297,21,815,72,0
YouTube,2026-02-21,,News,Shorts,"Joe Rogan: ""We're about to go to war with Iran."" | News",https://www.youtube.com/watch?v=p5GpmiWwriE,30327,18623,405,1.34,349,38,18,0,14
X,2026-06-22,,HOTB clips,X analytics export,"Bob Kagan: ""The entire Iranian GDP may be under $300 billion. Trump just promised Iran a reconstruction bill that is more than their GDP…There's another word for that, it's called …",https://x.com/OfTheBraveUSA/status/2069127731229442547,30256,0,1590,5.26,1185,10,284,36,0
X,2026-01-15,,General clips,X analytics export,"Shawn Ryan: ""I fucking voted for this shit. I voted to get these damn files released and it's like a total 180 just happened."" https://t.co/Tpl35NMfuH",https://x.com/OfTheBraveUSA/status/2011837171972346133,30246,0,1608,5.32,993,55,200,50,0
YouTube,2026-07-01,Week 27,Breaking News,Shorts,Breaking News: Kash Patel Failed to Properly Disclose Stock Purchase,https://www.youtube.com/watch?v=GnhhMl85Q00,30024,1673,2018,6.72,1881,109,28,0,78
X,2026-02-11,,General clips,X analytics export,"Rep. Moskowitz: ""Kash Patel under oath said to Sen. Kennedy that 'The FBI is not in possession of any credible evidence that Epstein trafficked girls to anyone else.' We know now t…",https://x.com/OfTheBraveUSA/status/2021667546491986404,29912,0,4039,13.5,3101,7,787,60,0
YouTube,2026-07-29,Week 31,Breaking News,Shorts,Breaking News: Trump Spent $5 Million on These Statues,https://www.youtube.com/watch?v=fF5PbkPa19Q,29861,1732,595,1.99,505,55,35,0,17
X,2026-06-19,,HOTB clips,X analytics export,"Bob Kagan on U.S.-Iran MoU: ""It's not a deal and it's not gonna lead to a deal…Trump has paid the Iranians billions for a fig leaf that allows him to come back to the U.S. and say,…",https://x.com/OfTheBraveUSA/status/2068073260286173624,29636,0,432,1.46,269,8,74,11,0
X,2026-07-15,Week 29,General clips,X analytics export,"Schiff: ""You said to CPAC a couple of months ago that there is not a single man or woman at the Department of Justice who had anything to do with the prosecution of the President…t…",https://x.com/OfTheBraveUSA/status/2077455010862932278,29622,0,857,2.89,516,2,107,24,0
X,2026-03-27,,General clips,X analytics export,"Ezra Levin: ""There are 3,267 protests worldwide planned for Saturday…95% of Americans live within about an hour of the furthest away #NoKings protest to them. It's going to be mass…",https://x.com/OfTheBraveUSA/status/2037545643552518442,29606,0,2846,9.61,2026,29,606,33,0
YouTube,2026-07-21,Week 30,Breaking News,Shorts,Breaking News: What is Going on at the Reflecting Pool Right Now,https://www.youtube.com/watch?v=2TcRDDPsjHU,29315,15534,943,3.22,825,98,20,0,25
X,2026-07-28,Week 31,General clips,X analytics export,"UFC fighter Sean Strickland: "" When you're at a Trump rally, you're like, 'Oh, I could definitely see how Hitler happened'… It's a cult."" https://t.co/SlYsxiW3DQ",https://x.com/OfTheBraveUSA/status/2082210906130313694,29183,0,1901,6.51,1399,8,291,80,0
X,2026-01-06,,HOTB clips,X analytics export,"Michael Fanone: ""Donald Trump exists because Americans replaced integrity and honor and courage with cowardice…You have the Republican Party is the party of insurrection and coward…",https://x.com/OfTheBraveUSA/status/2008356779827011809,29179,0,1829,6.27,1116,75,396,44,0
X,2026-08-04,Week 32,General clips,X analytics export,"Epstein survivor Dani Bensky: ""There's so much proof in the files, and I think that there needs to be real investigations. Beyond that, the DOJ committed its own crime here. Nude p…",https://x.com/OfTheBraveUSA/status/2084664526855618607,28600,0,4477,15.65,3230,26,1107,32,0
X,2026-03-01,,General clips,X analytics export,"Tulsi Gabbard: ""A war with Iran would make the war in Iraq look like a cakewalk. The devastation and the costs would be far greater than anything we've ever experienced before."" ht…",https://x.com/OfTheBraveUSA/status/2027934870727532766,28591,0,846,2.96,497,24,177,64,0
X,2026-01-27,,General clips,X analytics export,"One of the ""highly trained professionals"" of ICE we've heard so much about… https://t.co/yOkK0adERl",https://x.com/OfTheBraveUSA/status/2016237079575871946,28292,0,1567,5.54,776,43,257,66,0
YouTube,2026-02-11,,News,Shorts,Rep. Kennedy Questions ICE's Court Order Violations | News,https://www.youtube.com/watch?v=-r9Dm4Mp7qE,28139,829,398,1.41,386,6,6,0,14
X,2026-03-26,,General clips,X analytics export,"Joe Rogan on ICE: ""You can't accept people that are masked, that don't have any paperwork, that don't have a warrant on the streets in militarized situations…If a different person …",https://x.com/OfTheBraveUSA/status/2037285967275729022,28083,0,641,2.28,437,3,62,41,0
X,2026-06-09,,HOTB clips,raw scrape,"Fmr FBI Agent Michael Feinberg: ""What I saw happen to Rene Good and Alex Pretti in the lead-up to the shootings, how medical treatment was denied afterwards, the language the offic…",https://x.com/OfTheBraveUSA/status/2064423675219087572,28025,0,2095,7.48,1644,16,395,38,0
X,2026-07-04,Week 27,Newsletter,X analytics export,"NEW: ""The very groups Hegseth has targeted are among this nation’s most dedicated patriots. Many African Americans died for a country that hated them, degraded them, and dismissed …",https://x.com/OfTheBraveUSA/status/2073391476650721757,28001,0,422,1.51,129,1,40,5,0
YouTube,2026-07-30,Week 31,Breaking News,Shorts,Breaking News: Todd Blanche Committee Vote Postponed By Republican Senators,https://www.youtube.com/watch?v=MUWfaVE7XjE,27429,662,730,2.66,697,28,5,0,9
YouTube,2026-07-20,Week 30,Breaking News,Shorts,Breaking News: Insane New Reflecting Pool Video,https://www.youtube.com/watch?v=24pRq2fe5FU,27400,1413,803,2.93,770,27,6,0,13
X,2026-02-24,,General clips,X analytics export,"Sen. Elissa Slotkin: ""I don't think it surprises anyone that the DOJ selectively released documents…Eventually these things will have to come out. But [Trump is] acting like someon…",https://x.com/OfTheBraveUSA/status/2026349737704636835,27311,0,2379,8.71,1850,31,396,29,0
YouTube,2026-07-10,Week 28,Breaking News,Shorts,Breaking News: Kash Patel Isn't Even Hiding His Grift,https://www.youtube.com/watch?v=QiDtr5z-v_4,27172,3217,1038,3.82,991,34,13,0,23
X,2026-01-12,,General clips,X analytics export,"Powell: "" The threat of criminal charges is a consequence of the Federal Reserve setting interest rates based on our best assessment of what will serve the public rather than follo…",https://x.com/OfTheBraveUSA/status/2010517111156724135,27104,0,766,2.83,474,12,128,19,0
Instagram,2026-07-10,Week 28,Podcast Promo,IG image,"Today: @briantylercohen joins @SarahAMatthews1 live on The Home of the Brave Podcast to talk about his new book ""The Day After"" and the fight to make sure our democracy doesn't bec…",https://www.instagram.com/p/DanZJ0zDW0B/,27021,18326,126,0.47,119,0,0,7,1
Instagram,2026-07-12,Week 28,HOTB Pod,IG reel,"@briantylercohen talks with @SarahAMatthews1 about America 250: ""When all you have is a hammer, everything looks like a nail. Trump only knows how to do hatefulness and division, a…",https://www.instagram.com/reel/DatlJKxFJoi/,26861,23178,2460,9.16,2359,18,21,62,33
X,2026-01-29,,General clips,X analytics export,"Pete Buttigieg: ""Trump ran on lowering costs. And yet today in the White House he specifically promised to increase housing costs, which is actually what's been happening. He took …",https://x.com/OfTheBraveUSA/status/2017021721056878617,26804,0,2707,10.1,1902,33,445,46,0
YouTube,2026-07-09,Week 28,Breaking News,Shorts,Breaking News: Trump Allies Trying to Sidestep Law to Build Arch,https://www.youtube.com/watch?v=Uzb3-Ooe6C0,26681,658,997,3.74,902,73,22,0,21
Instagram,2026-07-16,Week 29,News,IG reel,"Blanche Says He'll Resign if Asked to Violate the Constitution

Sen. Coons: ""If you're confirmed and you're asked to take an action you believe to be illegal or unethical, would yo…",https://www.instagram.com/reel/Da3qejPGA6d/,26574,20146,829,3.12,605,193,6,25,10
X,2026-06-07,,General clips,raw scrape,"Donald Trump: ""Under Trump we will have no more wars, no more disruptions, and we will have prosperity and peace for all…I am the candidate of peace.""",https://x.com/OfTheBraveUSA/status/2063737222486987215,26317,0,766,2.91,498,12,215,29,0
Instagram,2026-07-29,Week 31,Breaking News,IG reel,"President Trump is asking the Supreme Court to throw out the $83.3 million defamation judgment awarded to writer E. Jean Carroll. ⚖️

In a petition filed Tuesday, his lawyers argue…",https://www.instagram.com/reel/DbZOC_xADTU/,26011,20497,717,2.76,599,37,64,17,45
X,2026-02-20,,General clips,X analytics export,"Donald Trump: ""Our president will start a war with Iran because he has absolutely no ability to negotiate. He's weak and he's ineffective."" (2011) https://t.co/4KDd9wTRkN",https://x.com/OfTheBraveUSA/status/2024881870773567668,25937,0,711,2.74,371,8,161,36,0
X,2026-02-28,,General clips,X analytics export,"Trump: ""I'm not going to start a war. I'm gonna stop wars…I am the candidate of peace. I am peace."" https://t.co/d8wwU6EOoj",https://x.com/OfTheBraveUSA/status/2027782198540308678,25867,0,947,3.66,497,54,215,65,0
X,2026-01-30,,General clips,X analytics export,"Rep. Himes on the Fulton County ballot raid: ""It is not part of [Tulsi Gabbard's] job to participate in domestic law enforcement actions. In fact, it is really critical that the U.…",https://x.com/OfTheBraveUSA/status/2017382872617791565,25730,0,2437,9.47,1845,36,462,49,0
Instagram,2026-06-08,,Produced Videos,IG reel,"🚨Price increases — Coming this summer to a grocery store aisle, gas station, and airfare ticket near you!

We’re running this video ad as part of Home of the Brave’s new Sticker Sh…",https://www.instagram.com/reel/DZV-lGAAagL/,25660,19722,2062,8.04,1213,63,661,125,13
YouTube,2026-02-13,,News,Shorts,"Joe Rogan on Epstein File Redactions: ""It Looks Terrible."" | News",https://www.youtube.com/watch?v=MkPzOqIXZRs,25570,1975,887,3.47,813,25,49,0,37
X,2026-01-03,,Produced videos,X analytics export,So is this all about oil? https://t.co/xmCQCREMOT,https://x.com/OfTheBraveUSA/status/2007497473624027359,25558,0,282,1.1,136,5,48,14,0
X,2026-07-15,Week 29,General clips,X analytics export,"Kennedy: ""Are you and President Trump friends?"" Blanche: ""I'm his lawyer, was his lawyer, and now I'm the deputy attorney general. I met him as his criminal defense attorney. I'm n…",https://x.com/OfTheBraveUSA/status/2077403878937497701,25544,0,422,1.65,132,3,43,4,0
X,2026-06-04,,Sarah Matthews,X analytics export,".@SarahAMatthews1 on Kailtin Collins: ""She's the best at what she does, and I think that's why you see Trump go after her more ferociously than any other reporter in that room. It …",https://x.com/OfTheBraveUSA/status/2062570071562596651,25437,0,1235,4.86,1021,5,151,8,0
X,2026-07-11,Week 28,HOTB clips,X analytics export,".@briantylercohen on what the average person can do to defend democracy: ""It looks like staying engaged…The biggest obstacle we have to contend with is apathy."" https://t.co/skbyc6…",https://x.com/OfTheBraveUSA/status/2076071799230517604,25418,0,440,1.73,277,9,63,15,0
YouTube,2026-07-13,Week 29,Breaking News,Shorts,Breaking News: This Is The White House Right Now,https://www.youtube.com/watch?v=Jzx3fvn5Md4,25348,1000,779,3.07,652,102,25,0,17
X,2026-03-04,,General clips,X analytics export,"Tucker Carlson: ""Why do you think you won?"" Vance: ""I actually aligned with the America First movement on the core issues...If you think of the Republican establishment as a group …",https://x.com/OfTheBraveUSA/status/2029231171817578991,25315,0,511,2.02,174,7,70,23,0
X,2026-01-22,,General clips,X analytics export,"Rep. Raskin: ""[Congressional Republicans] have been saying that there's some kind of First Amendment defense that Donald Trump would have had to the crimes you indicted him for."" J…",https://x.com/OfTheBraveUSA/status/2014366275808469412,25267,0,2697,10.67,2075,16,473,58,0
X,2026-07-11,Week 28,Tom & Bill,raw scrape,".@BillKristol: "" The mass deportation agenda is really at the beating heart of the Trump administration's agenda and the beating heart of the authoritarianism…The authoritarianism …",https://x.com/OfTheBraveUSA/status/2075977384000471519,25140,0,271,1.08,187,15,63,6,0
X,2026-01-06,,General clips,X analytics export,"Tucker Carlson: ""How much money do you wanna spend out of, like, your kids' college fund on regime change in Cuba?"" https://t.co/XibHEUqG3m",https://x.com/OfTheBraveUSA/status/2008386656974369164,24881,0,472,1.9,214,12,58,18,0
X,2026-02-15,,General clips,X analytics export,"Jeffrey Epstein to Jes Staley's daughter 3 weeks after Trump won in 2016: ""could you ask you did if he would like to be considered fo= treasury"" Response: ""Spoke with him. He said …",https://x.com/OfTheBraveUSA/status/2022868663716495610,24878,0,3114,12.52,285,6,134,45,0
X,2026-05-26,,General clips,raw scrape,"Rep. Menendez on DHS Secretary Mullin: ""I would be happy to walk inside with him and introduce him to all these people who have contributed to our communities, who are good people …",https://x.com/OfTheBraveUSA/status/2059309838195396803,24527,0,1641,6.69,1280,28,321,11,0
X,2026-06-03,,General clips,raw scrape,"Rep. Dean: ""Does the Epstein File Transparency Act say that the files should be available to members of Congress with a minder at DOJ, where you're in a secure room, you can't, wri…",https://x.com/OfTheBraveUSA/status/2061984304914157673,24478,0,671,2.74,498,6,155,11,0
Instagram,2026-07-10,Week 28,Breaking News,IG reel,"FBI Director Kash Patel has been demanding personal perks such as jet ski excursions and helicopter tours from bureau employees during taxpayer-funded work trips, according to whis…",https://www.instagram.com/reel/DaoHB3NFJ59/,24452,19849,1520,6.22,1047,91,339,43,33
X,2026-07-16,Week 29,General clips,X analytics export,"Senator Thom Tillis: ""Mr. Blanche said very quickly yesterday that he would meet with the Epstein victims today if it could be arranged...I expect that meeting to occur before I'm …",https://x.com/OfTheBraveUSA/status/2077806357353218316,24418,0,519,2.13,269,17,58,11,0
X,2026-03-01,,General clips,X analytics export,"Tulsi Gabbard: "" We've had presidents in both parties for too long who've completely ignored Congress's constitutional responsibility to declare war…The president should only be se…",https://x.com/OfTheBraveUSA/status/2028199124802162943,24256,0,1432,5.9,922,29,350,65,0
X,2026-06-02,,General clips,X analytics export,"Megyn Kelly: ""Trump's circle and the ones who are his campaign surrogates absolutely made a huge deal of the Epstein files. Trump got in there and acted like he'd never heard of th…",https://x.com/OfTheBraveUSA/status/2061898769067638936,24193,0,611,2.53,428,20,86,18,0
X,2026-07-15,Week 29,General clips,raw scrape,"JD Vance: "" If people want to say we mishandled the Epstein release, guilty. We did mishandle it, especially the communications of it."" Rogan: ""What do you think should've been don…",https://x.com/OfTheBraveUSA/status/2077468941870330268,24173,0,209,0.86,142,17,39,10,0
X,2026-01-08,,Produced videos,X analytics export,"This is Ronn. He's a veteran who risked his life to defend our country. Now, he's standing up and fighting back against Donald Trump and his attacks on fellow Americans. Be like Ro…",https://x.com/OfTheBraveUSA/status/2009385764086333796,24142,0,464,1.92,243,6,96,13,0
X,2026-03-01,,General clips,X analytics export,"Tulsi Gabbard presidential campaign ad: ""President Trump says that he doesn't want war with Iran, but that's exactly what he wants — because that's exactly what Saudi Arabia, Netan…",https://x.com/OfTheBraveUSA/status/2028124096882475274,24128,0,1160,4.81,618,29,352,92,0
X,2026-05-26,,General clips,raw scrape,"U.S. Army veteran Jon Gundersen on Trump's Arc: ""It's a little ironic that somebody who avoided service with daddy's rich help talks about honoring veterans. If you honor veterans,…",https://x.com/OfTheBraveUSA/status/2059352620347576512,24010,0,810,3.37,664,5,132,9,0
Instagram,2026-06-08,,Other,IG image,"Today, Home of the Brave launches Sticker Shock Summer, a $15M campaign exposing how the Trump admin's policies have hiked costs for Americans. Our message is simple: your summer i…",https://www.instagram.com/p/DZU4DrwjWZ8/,23924,14334,937,3.92,837,22,50,28,18
X,2026-05-30,,General clips,X analytics export,"Rep. Subramanyam: ""I'd want to know what Kash Patel was doing this whole time. He was on his podcast the last couple years talking about the Epstein files over and over again, and …",https://x.com/OfTheBraveUSA/status/2060811973798088892,23703,0,1385,5.84,984,5,301,25,0
X,2026-07-22,Week 30,General clips,X analytics export,"Rep. Raskin: ""DHS is rounding up workers with lawful status working at small businesses as roofers, plumbers, landscapers, farmhands, and nurses. They're arresting refugees who wen…",https://x.com/OfTheBraveUSA/status/2080041339216187580,23638,0,3112,13.17,2014,55,896,70,0
X,2026-08-07,Week 32,Sarah Matthews,X analytics export,".@SarahAMatthews1: ""I was critical of Hunter Biden for profiting off of his dad's last name, and I'm doing the same to the Trump brothers…The optics are not great and it wreaks of …",https://x.com/OfTheBraveUSA/status/2085747795579859439,23393,0,1144,4.89,815,16,162,24,0
X,2026-08-13,Week 33,General clips,X analytics export,"Shane Gillis: ""[Trump's] selling faster access to his tweets, and then you can bet on markets. It's literally insider trading."" Joe Rogan: "" How is that legal?…You know how crazy t…",https://x.com/OfTheBraveUSA/status/2088001227640504459,23354,0,751,3.22,443,14,102,26,0
X,2026-07-02,Week 27,General clips,X analytics export,"Rep. Ro Khanna: ""This should be the central issue before Todd Blanche's confirmation hearing. Every senator should ask, are you going to comply with the federal judicial order? Are…",https://x.com/OfTheBraveUSA/status/2072723359670948319,23352,0,1670,7.15,1200,43,360,14,0
X,2026-06-17,,Sarah Matthews,raw scrape,".@SarahAMatthews1 on Trump's ballroom: ""He knowingly lied when he said that this would be 100% privately funded, that it would cost $0 to the taxpayer…He's going to stick taxpayers…",https://x.com/OfTheBraveUSA/status/2067271801647116594,23289,0,1251,5.37,1016,5,210,19,0
Instagram,2026-02-11,,News,IG reel,"Tim Pool: ""I ain't cutting Trump any slack now that we know that they've covered up the co-conspirator documents…There's still no excuse for them not exposing these deep, dark, cor…",https://www.instagram.com/reel/DUo3WwLCakc/,23278,15905,639,2.75,406,86,103,44,17
X,2026-01-28,,General clips,X analytics export,"Gov. Josh Shapiro: ""It is not the job of state police to carry out federal immigration operations. If the federal government believes that is a mission worth pursuing, then you hav…",https://x.com/OfTheBraveUSA/status/2016525023414976983,23161,0,710,3.07,521,9,97,24,0
X,2026-06-12,,Sarah Matthews,raw scrape,".@SarahAMatthews1 on Trump's UFC fight: ""He's trying to claim that this is a patriotic event to honor Flag Day, but let's be real…this is a birthday party that he is throwing for h…",https://x.com/OfTheBraveUSA/status/2065440521183477839,22978,0,1079,4.7,861,26,180,10,0
X,2026-08-14,Week 33,Other,X analytics export,"That's ours. 🪧 We put these up across the country as part of our Sticker Shock Summer campaign, showing Americans what the Trump administration's policies are costing them.",https://x.com/OfTheBraveUSA/status/2088296451352805626,22690,0,496,2.19,281,7,60,11,0
Instagram,2026-07-16,Week 29,Breaking News,IG reel,"Trump insists vandals damaged the Lincoln Memorial Reflecting Pool. A Washington Post analysis published today says the evidence refutes that claim. 🪣

Post reporters, working with…",https://www.instagram.com/reel/Da3ehebE3c0/,22553,19970,242,1.07,220,18,0,4,8
X,2026-01-05,,General clips,X analytics export,"Trump: "" We are finally putting America first. Our policy of never ending war regime change and nation-building is being replaced by the clear eye pursuit of American interest…It i…",https://x.com/OfTheBraveUSA/status/2008228963802657012,22494,0,547,2.43,200,50,83,55,0
YouTube,2026-08-06,Week 32,Breaking News,Shorts,Breaking News: US Park Service Predicts That Trump's Arch Could Disrupt 37 Attractions in DC,https://www.youtube.com/watch?v=CnhzSkyfleQ,22380,1022,588,2.63,555,27,6,0,9
YouTube,2026-08-14,Week 33,Breaking News,Shorts,Breaking News: Trump Administration Begs Supreme Court to Allow Ballroom Construction,https://www.youtube.com/watch?v=oVhDFBFJvGc,22370,737,544,2.43,514,24,6,0,8
X,2026-02-11,,General clips,X analytics export,"Attorney General Pam Bondi: ""They are talking about Epstein today…because Donald Trump, the Dow right now is over 50,000…That's what we should be focused on, all the great work tha…",https://x.com/OfTheBraveUSA/status/2021617379893973310,22186,0,431,1.94,59,81,19,11,0
X,2026-02-28,,General clips,X analytics export,"JD Vance 9 months before the Trump administration launched a new regime change war: "" Our view has been very clear that we don't want a regime change. We do not want to protract th…",https://x.com/OfTheBraveUSA/status/2027873552548901324,22129,0,969,4.38,553,39,243,108,0
X,2026-07-17,Week 29,General clips,raw scrape,"Epstein survivor Liz Stein: ""I explained to [Todd Blanche] who I was at the time that I met Ghislaine Maxwell and Jeffrey Epstein, what my life looked like and what my future looke…",https://x.com/OfTheBraveUSA/status/2077908827505074455,22023,0,900,4.09,714,4,172,10,0
X,2026-05-15,,HOTB clips,raw scrape,"Mike Fanone: "" Nobody has done more to normalize political violence in this country than Donald J. Trump and his administration.""",https://x.com/OfTheBraveUSA/status/2055415785812570150,21842,0,3346,15.32,2665,69,584,21,0
YouTube,2026-05-18,,Breaking News,Shorts,"Breaking News: Trump Claims He's ""Aging in Reverse"" in Bizarre Truth Social Spree",https://www.youtube.com/watch?v=bx2Z3TcEe8U,21828,2357,735,3.37,705,19,11,0,53
X,2026-02-22,,General clips,X analytics export,"Tim Dillon on Kash Patel: ""This guy's out of his mind."" https://t.co/LSabNgOuGj",https://x.com/OfTheBraveUSA/status/2025398706405507176,21819,0,719,3.3,540,3,55,28,0
TikTok,2026-03-04,,News,Video,"Marjorie Taylor Green: "" Pete Hegseth said this morning that we didn't start this war. But...America and Israel definitely started this war...I am irate. I am furious about this. W…",https://www.tiktok.com/@ofthebraveusa/video/7613552085388381454,21700,0,1829,8.43,1482,108,123,116,0
YouTube,2026-07-13,Week 29,Breaking News,Shorts,Breaking News: The Banners of Trump's Face Are Paid for by Taxpayers,https://www.youtube.com/watch?v=h7_MhLMx6RY,21694,777,949,4.37,889,33,27,0,17
X,2026-02-08,,Other,X analytics export,President Trump is calling an American Olympian “a real Loser.” https://t.co/3iNJvBBqsx,https://x.com/OfTheBraveUSA/status/2020564749897826609,21681,0,718,3.31,226,59,57,14,0
X,2026-02-27,,General clips,X analytics export,"Sen. Rosen to Epstein survivor Danielle Bensky: ""[Pam Bondi] wouldn't even turn around and look at you…'But what about the Dow?'… It was shameful…The way she looked down as you sto…",https://x.com/OfTheBraveUSA/status/2027506777038749808,21640,0,1151,5.32,968,5,117,13,0
TikTok,2026-02-10,,News,Video,"Rep. Kennedy: ""Do you believe your agency has a legal obligation to follow court orders?"" ICE Dir. Lyons: ""Yes."" Rep. Kennedy: ""You have a very strange way of showing it, with a fe…",https://www.tiktok.com/@ofthebraveusa/video/7605391978036989198,21600,0,770,3.56,703,7,25,35,0
TikTok,2026-07-06,Week 28,Breaking News,Video,"Nearly 1 million people lost money on Trump's meme coin — $3.8 billion total, per a blockchain analysis from Nansen reported by the New York Times. That's about two of every three …",https://www.tiktok.com/@ofthebraveusa/video/7659557491293900046,21600,0,2694,12.47,1999,395,198,102,0
X,2026-06-11,,Produced videos,raw scrape,"Yesterday, Trump said he ""loves the inflation."" It's not the first time he's shrugged off your wallet — just last month he said he doesn't ""think about Americans' financial situati…",https://x.com/OfTheBraveUSA/status/2065209784962367502,21591,0,237,1.1,156,10,58,12,0
X,2026-05-12,,Sarah Matthews,raw scrape,".@SarahAMatthews1: ""To advance in the Republican party nowadays, you have to have complete loyalty to Trump and be willing to say that the 2020 election was stolen from him and pus…",https://x.com/OfTheBraveUSA/status/2054018725159051766,21529,0,1494,6.94,1203,10,258,21,0
X,2026-07-30,Week 31,General clips,X analytics export,"Q: ""You say the economy looks amazing, but what do you say to that person who's part of that group, that 66% who say Trump has actually made economic conditions worse?"" Kevin Hasse…",https://x.com/OfTheBraveUSA/status/2082943808614920605,21446,0,653,3.04,368,38,98,16,0
X,2026-06-09,,HOTB clips,X analytics export,"Mike Fanone on the anti-weaponization slush fund: ""If you pardon violent criminals and then pay violent criminals, you incentivize that behavior. You incentivize future acts of vio…",https://x.com/OfTheBraveUSA/status/2064147524466713051,21408,0,2069,9.66,1503,19,477,37,0
X,2026-05-11,,General clips,raw scrape,"Rep. Brendan Boyle: ""Two months ago, the national average for the price of a gallon of gas was under $3. We are now over $4.50 a gallon. That's a 50% increase in two months. Never …",https://x.com/OfTheBraveUSA/status/2053850434637275538,21375,0,1464,6.85,1126,12,301,16,0
X,2026-08-11,Week 33,General clips,X analytics export,"Dr. Offit, Dir. of the Vaccine Education Center: ""What [RFK Jr. is] forgetting is that we've broadened the definition of autism to include autism spectrum disorder, we have better …",https://x.com/OfTheBraveUSA/status/2087188949605191958,21321,0,2064,9.68,1474,24,466,36,0
X,2026-03-26,,General clips,X analytics export,"Ezra Levin on Saturday's #NoKings protests: ""You need about 3.5% of the population actively engaged in opposition to the regime to prevent an authoritarian from taking over…We're g…",https://x.com/OfTheBraveUSA/status/2037207953271320699,21035,0,2014,9.57,1140,30,634,42,0
X,2026-05-11,,General clips,raw scrape,"Q: ""What is your original sin, in Trump's mind?"" Comey: ""The investigation of people in the Trump orbit that began in the summer of 2016…My original sin was doing that which any FB…",https://x.com/OfTheBraveUSA/status/2053962859164692695,21033,0,606,2.88,499,6,93,8,0
X,2026-07-02,Week 27,General clips,X analytics export,"Rep. Ro Khanna: ""If you're an elected official, you shouldn't have a meme coin. Reporting suggests Trump made $600 million off that meme coin…It's not anti-Trump — It's common sens…",https://x.com/OfTheBraveUSA/status/2072725021336752499,20992,0,915,4.36,683,31,141,7,0
X,2026-07-12,Week 28,General clips,raw scrape,".@SarahLongwell25: "" It isn't even a crazy act of courage to vote somebody down like Todd Blanche. It should be a fait accompli. He should never be allowed to get this close to run…",https://x.com/OfTheBraveUSA/status/2076421706046910836,20927,0,1131,5.4,902,2,211,14,0
X,2026-05-30,,General clips,raw scrape,"Rep. Subramanyam: ""If you look at it, all the bad stuff that's happened in the Epstein saga, Todd Blanche has been at the center of it, right? You talk about moving Ghislaine Maxwe…",https://x.com/OfTheBraveUSA/status/2060810910654963987,20890,0,999,4.78,750,4,227,16,0
X,2026-03-24,,General clips,X analytics export,"Sen. Hirono: ""This Saturday, there's going to be another No Kings rally. Millions of Americans are saying, 'hey, Donald Trump, you are not our king. You cannot run this country thr…",https://x.com/OfTheBraveUSA/status/2036491145363034228,20831,0,3085,14.81,2300,67,584,28,0
X,2026-03-02,,Produced videos,X analytics export,Trump on Iran — in his own words. https://t.co/YMBWVMIzdc,https://x.com/OfTheBraveUSA/status/2028528635817115855,20763,0,564,2.72,243,9,105,88,0
Instagram,2026-07-14,Week 29,Breaking News,IG reel,Trump's latest financial disclosure shows a $2 million payment to his holding company from Base Group — the main investor in a South Korean aluminum firm that's under investigation…,https://www.instagram.com/reel/DayiK2elIR0/,20748,18509,475,2.29,402,16,37,20,11
X,2026-06-12,,General clips,raw scrape,"Ohio Trump voters express buyer's remorse: ""You said you'd bring down the grocery prices…I buy the same things every week, and I see it jump every week."" ""Trump is more concerned w…",https://x.com/OfTheBraveUSA/status/2065441995305132123,20675,0,467,2.26,350,7,93,14,0
X,2026-07-02,Week 27,Other,X analytics export,🚨 BREAKING: Sticker Shock Summer is out today with another $2.5M campaign showing Americans how Trump administration policies are driving up prices. Now we’re bringing our message …,https://x.com/OfTheBraveUSA/status/2072674632990101669,20614,0,754,3.66,218,8,72,1,0
X,2026-08-06,Week 32,General clips,X analytics export,"Sen. Warren on Todd Blanche: ""I keep seeing a lot of [Senate Republicans who] look very uncomfortable about putting, not just the president's personal lawyer in charge of the Depar…",https://x.com/OfTheBraveUSA/status/2085423703106392529,20574,0,1361,6.62,994,10,271,12,0
YouTube,2026-05-13,,News,Shorts,Complete Loyalty to Trump Needed to Advance in the Republican Party | News,https://www.youtube.com/watch?v=h6kZeQF9rC4,20488,435,460,2.25,444,3,13,0,16
X,2026-07-16,Week 29,General clips,X analytics export,"Epstein survivor Dani Bensky: ""These documents contain disturbing yet incomplete accounts of my abuse. They were available not only for the entire world to see, but my child, my st…",https://x.com/OfTheBraveUSA/status/2077762376825221421,20425,0,737,3.61,496,2,171,18,0
X,2026-04-03,,Produced videos,X analytics export,"""Four weeks? Two weeks? Six weeks? It could move up. It could move back."" How long will the Iran war last? Nobody knows! https://t.co/hvb3yXeVTg",https://x.com/OfTheBraveUSA/status/2040070222007148836,20405,0,297,1.46,126,9,53,19,0
X,2026-07-13,Week 29,HOTB clips,X analytics export,".@briantylercohen talks with @SarahAMatthews1 about America 250: ""When all you have is a hammer, everything looks like a nail. Trump only knows how to do hatefulness and division, …",https://x.com/OfTheBraveUSA/status/2076456960442974497,20372,0,492,2.42,309,7,96,10,0
YouTube,2026-08-20,Week 34,Breaking News,Shorts,Breaking News: Is Trump Asking Congress to Approve His Corruption,https://www.youtube.com/watch?v=KaZ0ytGpUQQ,20274,736,697,3.44,655,22,20,0,28
X,2026-08-12,Week 33,General clips,X analytics export,"Fmr. Acting ICE Dir. Sandweg on shock gloves: ""The administration is so focused on ratcheting up the number of arrests…It doesn't take a big stretch of the imagination to see this …",https://x.com/OfTheBraveUSA/status/2087621229209428374,20150,0,858,4.26,505,10,202,18,0
X,2026-01-30,,General clips,X analytics export,"Gov. Moore: ""What we are seeing from ICE is not just in many cases illegal, it is silly. We are watching an organization that is now the largest military law enforcement force in t…",https://x.com/OfTheBraveUSA/status/2017056155445395690,20071,0,1461,7.28,1095,36,225,27,0
X,2026-03-24,,HOTB clips,X analytics export,"Michael Fanone on #NoKings protests on 3/28: ""It's only our democracy that's on the line here…I would hope that more Americans show up than the 7 million we had last time…We need m…",https://x.com/OfTheBraveUSA/status/2036247935478808874,20060,0,2343,11.68,1572,31,546,29,0
YouTube,2026-02-20,,News,Shorts,Wexner Discusses His Letter to Epstein's Birthday Book | News,https://www.youtube.com/watch?v=5dtJM1JPe3s,20039,1483,322,1.61,282,16,24,0,15
Instagram,2026-05-22,,KOC,IG reel,"This is how Don Jr.'s net worth exploded from $50M to $300M in 13 months.

#KOC",https://www.instagram.com/reel/DYp4fIhElQ1/,19997,17344,2863,14.32,2377,35,192,259,143
YouTube,2026-07-16,Week 29,Breaking News,Shorts,Breaking News: Trump Building Helipad on White House Lawn,https://www.youtube.com/watch?v=vkm-h8hb-08,19548,2097,1041,5.33,920,96,25,0,29
X,2026-05-26,,KOC,X analytics export,Donald Trump Jr.'s $620 MILLION Pentagon scam will make you sick. We unpacked some of the Trump family's most brazen corruption to date. https://t.co/m7krj1nALx,https://x.com/OfTheBraveUSA/status/2059386599809425452,19521,0,1155,5.92,635,9,380,63,0
YouTube,2026-03-04,,News,Shorts,"Gabbard in 2019: War with Iran Would Make Iraq ""Look Like a Cakewalk"" | News",https://www.youtube.com/watch?v=CYBIi01P1a8,19511,4921,569,2.92,418,26,125,0,20
X,2026-03-24,,HOTB clips,X analytics export,"“Public office is about serving the people — not dominating them.” Former Capitol Police Officer Michael Fanone is gearing up for the peaceful #NoKings protests this Saturday, Marc…",https://x.com/OfTheBraveUSA/status/2036439857199727058,19422,0,1496,7.7,989,41,340,21,0
X,2026-01-29,,General clips,X analytics export,"Fulton Co. Chair Rob Pitts: ""Previous review has shown Fulton County elections are fair and lawful, and the outcome of the 2020 election will not change. Period."" https://t.co/jpHB…",https://x.com/OfTheBraveUSA/status/2016916353127510121,19406,0,2608,13.44,2055,31,431,37,0
X,2026-05-30,,General clips,X analytics export,"Trump: “Crooked Joe Biden just agreed to pay a $6 billion ransom to the Iranian dictatorship in exchange for hostages…[this] will be immediately used to stoke violence, bloodshed, …",https://x.com/OfTheBraveUSA/status/2060511508325371908,19384,0,540,2.79,338,16,139,43,0
YouTube,2026-07-16,Week 29,Breaking News,Shorts,Breaking News: Trump Promoted More than 20 Companies on Truth Social After Buying Stock,https://www.youtube.com/watch?v=j2rvRhRBBcg,19372,949,684,3.53,626,46,12,0,19
Instagram,2026-07-13,Week 29,Breaking News,IG reel,"This is the White House today, where the East Wing stood for over a century before the Trump administration demolished it to build a giant ballroom. 🏛️

He promised taxpayers would…",https://www.instagram.com/reel/Davl0C3gFec/,19309,16713,497,2.57,397,52,34,14,14
Instagram,2026-08-19,Week 34,Breaking News,IG reel,"A new report shows just how fast the Trump administration is racing to build the White House ballroom before a court can halt it. 🏗️

According to the New York Times, 250 workers a…",https://www.instagram.com/reel/DcO3O7mj5yG/,19196,15127,634,3.3,520,46,44,24,21
X,2026-08-14,Week 33,Other,X analytics export,"From the standpoint of Main Street, however, things aren't looking too hot.",https://x.com/OfTheBraveUSA/status/2088314462121947266,19168,0,256,1.34,176,3,32,2,0
YouTube,2026-07-16,Week 29,Breaking News,Shorts,Breaking News: Trump Said Iran War Has Been Great for Defense Companies,https://www.youtube.com/watch?v=G5i8R5tE83Y,19099,896,604,3.16,558,20,26,0,31
YouTube,2026-08-03,Week 32,Breaking News,Shorts,Breaking News: Trump Refuses to Accept Bad Polling,https://www.youtube.com/watch?v=001AV8KXVnY,19069,456,472,2.48,445,16,11,0,13
X,2026-02-06,,General clips,X analytics export,"https://t.co/G4KmI9t8z9 3-Time Trump voter after Trump posted a racist meme: ""[Trump] is not worthy of the presidency. He takes bribes blatantly. Now he's being a racist blatantly……",https://x.com/OfTheBraveUSA/status/2019888727972262175,19064,0,643,3.37,407,9,80,17,0
X,2026-08-13,Week 33,General clips,X analytics export,"Sen. Reed on the USS Abraham Lincoln: ""This is an outrage to the men and women serving aboard that ship. Broken toilets, poor water supply, poor meals…They deserve much more than t…",https://x.com/OfTheBraveUSA/status/2088005009308889483,18840,0,1822,9.67,1343,19,367,18,0
YouTube,2026-03-04,,News,Shorts,MTG Criticizes the War in Iran | News,https://www.youtube.com/watch?v=tI2_YBXE78A,18769,1142,485,2.58,421,36,28,0,12
X,2026-01-06,,HOTB clips,X analytics export,"NEW from Michael Fanone: ""Today marks the five year anniversary since January 6. Five years since I was beaten and tased by a Trump-incited mob while defending the United States Ca…",https://x.com/OfTheBraveUSA/status/2008515151147004145,18749,0,2329,12.42,1369,30,678,25,0
X,2026-03-23,,HOTB clips,X analytics export,"Michael Fanone on the upcoming March 28 #NoKings protest: ""I hope it's bigger and better than the previous two…We need to refocus on this administration's illegal, unconstitutional…",https://x.com/OfTheBraveUSA/status/2036110615706497464,18729,0,2645,14.12,1905,27,583,19,0
X,2026-06-10,,Sarah Matthews,raw scrape,".@SarahAMatthews1: ""That's exactly why Trump stormed out of that interview with Kristen Welker, because she actually challenged him on the evidence — something that I wish more jou…",https://x.com/OfTheBraveUSA/status/2064729720575427060,18641,0,983,5.27,819,3,152,7,0
X,2026-07-31,Week 31,Sarah Matthews,X analytics export,".@SarahAMatthews1: ""Someone like a Todd Blanche, a Jay Clayton, even a Susie Wiles…I think that these people know better, but they are choosing to dig their heels in, sacrifice the…",https://x.com/OfTheBraveUSA/status/2083293029046137266,18369,0,841,4.58,667,5,120,9,0
X,2026-06-03,,General clips,X analytics export,"Rep. James Walkinshaw: ""This Department of Justice, led by Trump's former personal lawyer, says that there's one family in the country that never has to worry about an audit if the…",https://x.com/OfTheBraveUSA/status/2062193842024071657,18364,0,840,4.57,596,11,164,13,0
YouTube,2026-05-26,,Breaking News,Shorts,Breaking News: The Trump Administration is Totally Out of Touch!,https://www.youtube.com/watch?v=-D14do6qZ3Y,18343,489,1896,10.34,1782,67,47,0,55
X,2026-07-30,Week 31,General clips,X analytics export,"Q: ""If [Todd Blanche is] not able to give you the narrower look at that IRS immunity deal, does that mean you're willing to vote no [on his confirmation]? Sen. Cornyn: ""I am prepar…",https://x.com/OfTheBraveUSA/status/2082837830955352524,18181,0,251,1.38,182,6,26,5,0
X,2026-08-06,Week 32,General clips,X analytics export,"Gov. Wes Moore: ""The Constitution is very clear that that the federal government is not in-charge of our election system…Hearing the President talk about 'nationalizing elections,'…",https://x.com/OfTheBraveUSA/status/2085383429445558670,18145,0,2388,13.16,1885,6,425,17,0
X,2026-02-11,,General clips,X analytics export,"Q: ""Leader Thune told my colleague 'that's the judicial system at work.' Can you respond to that?"" Sen. Kelly: "" It's not supposed to work like this…A president deciding right out …",https://x.com/OfTheBraveUSA/status/2021667643737149592,18032,0,1016,5.63,789,1,168,16,0
X,2026-01-27,,Other,X analytics export,https://t.co/13IjzT7P1u,https://x.com/OfTheBraveUSA/status/2016210147866034503,18030,0,1099,6.1,416,9,113,15,0
X,2026-08-19,Week 34,General clips,X analytics export,"Fmr. NSC Dir. Julia Curlee: ""It hurt because nothing I had done mattered…All that mattered to them was that they couldn't be seen to have a trans person working in the White House……",https://x.com/OfTheBraveUSA/status/2090104431698166122,17950,0,566,3.15,328,4,102,32,0
X,2026-06-05,,Sarah Matthews,raw scrape,".@SarahAMatthews1: ""Trump's unpopularity just continues to grow because of his war of choice with Iran, rising gas prices, failing to bring down grocery prices…And then him focusin…",https://x.com/OfTheBraveUSA/status/2062975822064140728,17922,0,593,3.31,497,8,86,2,0
X,2026-07-28,Week 31,General clips,raw scrape,"GOP Gov. DeWine on ICE operations in Ohio: ""It's a mistake. It's not good for the United States, and it's not good for the state of Ohio…These are people who have opened restaurant…",https://x.com/OfTheBraveUSA/status/2082107748959801383,17919,0,652,3.64,490,7,141,12,0
X,2026-05-11,,General clips,raw scrape,"James Comey: ""There doesn't appear to be anybody left who is willing to stand for institutional imperatives, norms, things like the rule of law, in the face of a desire by the pres…",https://x.com/OfTheBraveUSA/status/2053960842551722115,17877,0,1562,8.74,1231,14,295,20,0
YouTube,2026-05-21,,Breaking News,Shorts,Breaking News: Senate GOP Just Yanked $1 Billion From the White House Ballroom.,https://www.youtube.com/watch?v=4QXQovg6ct8,17848,488,1709,9.58,1644,43,22,0,82
YouTube,2026-02-10,,News,Shorts,Sen. Merkley Questions Lutnick About Epstein Ties | News,https://www.youtube.com/watch?v=gVbJq0-SvGI,17813,895,628,3.53,603,20,5,0,19
X,2026-03-14,,General clips,X analytics export,"Tim Dillon on Trump rallies: ""Look at the people that are left in this crowd. None of them look happy anymore. This is the end…That's not the face of people that are having a great…",https://x.com/OfTheBraveUSA/status/2032888214927847744,17727,0,793,4.47,529,14,91,33,0
YouTube,2026-07-24,Week 30,News,Shorts,Alan Ritchson Lays into Trump Admin For Slow-Walking Epstein File Release | News,https://www.youtube.com/watch?v=F3PnihNg9vs,17656,48708,1184,6.71,602,100,482,0,10
X,2026-06-29,Week 27,General clips,raw scrape,"Trump (March 2026): ""I don't want to drive housing prices down. I want to drive housing prices up for people who own their homes.""",https://x.com/OfTheBraveUSA/status/2071715342775116121,17616,0,227,1.29,160,10,47,7,0
X,2026-08-25,,General clips,X analytics export,"Q: ""President Trump called him an agitator. A possible insurrectionist."" Pretti's Father: ""It's so unpresidential. It's ridiculous that the leader of the free world speaks that way…",https://x.com/OfTheBraveUSA/status/2092268259987091954,17613,0,2239,12.71,1669,6,435,48,0
Instagram,2026-07-13,Week 29,Breaking News,IG reel,"Those massive banners of Trump's face on federal buildings in DC? You're footing the bill. 🏛️

Sen. Adam Schiff's office says newly uncovered government documents reveal more taxpa…",https://www.instagram.com/reel/DavV52EAO7W/,17553,15726,431,2.46,354,35,24,18,16
X,2026-05-30,,General clips,raw scrape,"Rep. Subramanyam: ""Another thing is the DOJ wants to review [the transcript of Bondi's interview] first. And so we'll get a DOJ scrubbed transcript. But we all were in there taking…",https://x.com/OfTheBraveUSA/status/2060810070049407155,17553,0,494,2.81,408,0,81,4,0
X,2026-05-04,,General clips,X analytics export,"Wagner: ""There's some reporting in Politico today that the Oversight Committee members are split on whether to pardon Ghislaine Maxwell to get her to testify."" Rep. Garcia: ""Comple…",https://x.com/OfTheBraveUSA/status/2051408273027240198,17508,0,2042,11.66,1560,14,406,15,0
X,2026-05-13,,General clips,raw scrape,"Rep. Garcia: ""The law is clear. There's not only an act that Congress passed, there's a subpoena that legally binds the DOJ to release all these files. So Todd Blanche right now is…",https://x.com/OfTheBraveUSA/status/2054574133615214945,17502,0,3028,17.3,2383,14,606,18,0
Instagram,2026-07-16,Week 29,Breaking News,IG reel,"A CNN investigation found that President Trump has promoted more than 20 companies on Truth Social within days of buying stock in them, at times while announcing government actions…",https://www.instagram.com/reel/Da25nkkj1yr/,17422,15962,313,1.8,266,15,22,10,10
X,2026-06-04,,Sarah Matthews,raw scrape,".@SarahAMatthews1: "" Trump has been out there saying that Iran cannot get a nuclear weapon…But just [yesterday], the International Atomic Energy Agency said that the risk of Iran a…",https://x.com/OfTheBraveUSA/status/2062568370101199107,17389,0,597,3.43,485,4,96,12,0
Instagram,2026-08-12,Week 33,Breaking News,IG reel,"An independent analysis found that Trump's National Guard deployments to American cities, costing an estimated $1.7 billion, failed to reduce violent crime. His response was to thr…",https://www.instagram.com/reel/Db9ADL9gFD1/,17294,14243,643,3.72,568,22,29,24,22
Instagram,2026-07-01,Week 27,Breaking News,IG reel,"The FBI Director bought up to $250,000 in stock in a bitcoin company that does millions in business with his own Justice Department — and didn't disclose it on time. 📉

Federal law…",https://www.instagram.com/reel/DaRLKQqkXh9/,17209,14692,813,4.72,693,51,53,16,41
X,2026-02-10,,General clips,X analytics export,"Q: ""Were you aware that Mr. Epstein was sexually abusing minors and adult women?"" Ghislaine Maxwell: *invokes the Fifth* Q: ""Have you ever facilitated the sexual abuse of any minor…",https://x.com/OfTheBraveUSA/status/2021050132268044393,17157,0,604,3.52,236,9,94,28,0
YouTube,2026-06-12,,Breaking News,Shorts,BREAKING NEWS: YOU NEED TO SEE THIS!,https://www.youtube.com/watch?v=eiJU8TAD9pc,17105,794,1295,7.57,1218,38,39,0,74
YouTube,2026-08-06,Week 32,Breaking News,Shorts,Breaking News: Trump Becoming Obsessed With Helipad Renovations,https://www.youtube.com/watch?v=ZbSVxTkFh9c,17101,759,337,1.97,318,16,3,0,9
X,2026-06-03,,Produced videos,raw scrape,"Back in March, the Trump administration repeatedly assured the public that the war with Iran would take ""four to six weeks."" NINE WEEKS later, the President floats the idea that th…",https://x.com/OfTheBraveUSA/status/2062225891388751907,17077,0,275,1.61,178,3,68,23,0
X,2026-08-25,,General clips,X analytics export,"Q: ""What does justice look like in this case?"" Pretti's Sister: ""I want their names released."" Pretti's Mother: "" They need to be held accountable. Why do they get to just go about…",https://x.com/OfTheBraveUSA/status/2092269519335010649,17058,0,3582,21.0,2591,27,872,42,0
X,2026-02-09,,General clips,X analytics export,"Rep. Stansbury: ""The U.S. government is engaged in an active coverup of the largest sex trafficking scandal and influence pedaling scandal in the history of the United States. And …",https://x.com/OfTheBraveUSA/status/2020898719911026764,16862,0,1047,6.21,644,12,255,26,0
Instagram,2026-01-12,,Produced Videos,IG reel,"George Retes is an American citizen who was born and raised in California. He is an Army veteran who deployed to Iraq.

In June, while on his way to work, ICE agents shattered his …",https://www.instagram.com/reel/DTboLITj6fQ/,16750,12453,1113,6.64,698,8,344,63,40
X,2026-03-26,,General clips,X analytics export,"Ezra Levin on Saturday's #NoKings protests: ""Things are looking really good…We have more than 3,100 protests planned in the United States and all over the world…I believe this will…",https://x.com/OfTheBraveUSA/status/2037205641572360411,16662,0,1717,10.3,1168,19,420,17,0
YouTube,2026-08-10,Week 33,Breaking News,Shorts,Breaking News: Trump Gets His Nonsense Called Out To His Face,https://www.youtube.com/watch?v=-7qV_ee3tes,16634,1985,415,2.49,395,13,7,0,7
Instagram,2026-02-02,,Sarah Matthews,IG reel,Trump is so scared of the 2026 midterms he wants Republicans to ignore the Constitution and ‘nationalize’ elections.,https://www.instagram.com/reel/DUR4ES-gvo9/,16624,3178,334,2.01,310,8,16,0,1
X,2026-07-02,Week 27,Other,X analytics export,"Interesting quote from a member of the administration that tore up the White House lawn for a UFC fight, turned the reflecting pool green, ransacked American cities with a militari…",https://x.com/OfTheBraveUSA/status/2072706126173311052,16532,0,400,2.42,235,5,79,12,0
Instagram,2026-03-05,,Produced Videos,IG reel,Meet the new Secretary of Homeland Security Markwayne Mullin:,https://www.instagram.com/reel/DVhW9dMjYA2/,16505,12584,1097,6.65,523,88,410,76,14
Instagram,2026-05-15,,Breaking News,IG reel,Kash Patel told the public he was in Hawaii conducting “official business.” Newly uncovered emails show the FBI director also took a VIP snorkel tour around the USS Arizona — the r…,https://www.instagram.com/reel/DYXP_abgOzt/,16476,11757,652,3.96,568,30,34,20,16
X,2026-06-09,,General clips,raw scrape,"Rep. Jason Crow on the war in Iran: ""Donald Trump said it's costing very little. That is a lie. It's costing tens of billions of dollars to have over 50,000 service members and all…",https://x.com/OfTheBraveUSA/status/2064371376790581293,16476,0,1047,6.35,788,5,243,11,0
X,2026-07-15,Week 29,Produced videos,raw scrape,"Today, Todd Blanche appears before the Senate Judiciary Committee to answer questions before they decide if he will be our next Attorney General. So we took a look at his résumé. T…",https://x.com/OfTheBraveUSA/status/2077378273445544217,16471,0,104,0.63,62,3,34,3,0
X,2026-06-19,,HOTB Podcast Promo,raw scrape,"What does the new US–Iran MoU actually mean for America? Sarah Matthews &amp; Bob Kagan break it down on the latest Home of the Brave. Listen on Apple, Spotify, YouTube &amp; Subst…",https://x.com/OfTheBraveUSA/status/2068077984808947913,16452,0,28,0.17,22,2,2,2,0
X,2026-02-11,,General clips,X analytics export,"Rep. Jayapal: ""Attorney General Bondi…will you turn to [Epstein's survivors] and apologize for what your DOJ has put them through?"" Pam Bondi: *refuses to answer* https://t.co/y3Ss…",https://x.com/OfTheBraveUSA/status/2021612584713982223,16406,0,1185,7.22,718,43,269,29,0
Instagram,2026-01-22,,News,IG reel,"Rep. Ted Lieu: ""How scared are Republicans of talking about the Epstein files? They would rather talk about the criminality of Donald Trump trying to steal an election…than talk ab…",https://www.instagram.com/reel/DT1VzxRFDM5/,16295,12271,848,5.2,784,12,28,24,16
X,2026-04-15,,Sarah Matthews,X analytics export,".@SarahAMatthews1: ""The Iranian regime feels like they actually have the upper hand because it's in Trump's best interest to wrap this up because he knows that the American people …",https://x.com/OfTheBraveUSA/status/2044237678678274443,16232,0,457,2.82,329,8,53,9,0
X,2026-07-30,Week 31,Newsletter,raw scrape,"""I served as a chaplain for 30 years, overlapping the service of 12 Secretaries of Defense…With Secretary Hegseth, I have sincere concern for our military."" Read our latest, author…",https://x.com/OfTheBraveUSA/status/2082844703431463149,16130,0,228,1.41,166,2,50,7,0
X,2026-04-30,,General clips,X analytics export,"Acting AG Todd Blanche said threatening violence against ""anybody"" is ""dangerous and potentially a crime."" Someone should tell his boss. https://t.co/X0W4z65aOV",https://x.com/OfTheBraveUSA/status/2049846766246248546,16117,0,1454,9.02,1163,26,201,14,0
X,2026-06-23,,General clips,raw scrape,"Marco Rubio on Obama's Iran Deal (2015): ""This deal is fundamentally and irreparably flawed… Iran will keep the more than billions of dollars it's going to receive upfront, basical…",https://x.com/OfTheBraveUSA/status/2069527125464392113,16027,0,286,1.78,211,3,58,14,0
X,2026-04-01,,Newsletter,X analytics export,"""Why does every generation of Americans have to go fight and die in a war? Will we ever break this cycle? Will we ever learn?"" What Trump's Iran War is doing to American veterans: …",https://x.com/OfTheBraveUSA/status/2039334094723518615,15935,0,367,2.3,107,6,49,12,0
X,2026-06-04,,HOTB clips,X analytics export,"Fmr FBI Agent Michael Feinberg: ""If people of integrity and values don't serve in government, then people without integrity and values will. I didn't view staying as a choice. It w…",https://x.com/OfTheBraveUSA/status/2062678284085661956,15892,0,576,3.62,435,2,90,9,0
Instagram,2026-01-28,,News,IG reel,"Andrew Schultz: "" [ICE is] doing things that objectively—I don't care which side of the isle you're on—are unconstitutional… You can't enter someone's home without a warrant… I saw…",https://www.instagram.com/reel/DUEukzGkaMa/,15888,11705,672,4.23,389,84,140,59,5
X,2026-05-29,,General clips,X analytics export,"Rep. Garcia: ""[Bondi] refused to answer any questions about President Trump...sitting next to her is DOJ counsel, somebody that currently works for the Department of Justice, who o…",https://x.com/OfTheBraveUSA/status/2060396896531734915,15880,0,399,2.51,208,13,89,13,0
X,2026-07-25,Week 30,IHH Podcast Promo,raw scrape,"This week on It's Happening Here, Tom and @BillKristol talk about the war in Iran, the $50 million in Saudi business ties documented in Trump's financial disclosures, rebuilding Am…",https://x.com/OfTheBraveUSA/status/2081049470326751730,15835,0,21,0.13,12,0,9,0,0
X,2026-07-15,Week 29,General clips,raw scrape,"Durbin: ""Is it not true that congress had to pass a law requiring the Trump administration to disclose the Epstein files?"" Blanche: ""President Trump signed that law."" Durbin: ""Yes,…",https://x.com/OfTheBraveUSA/status/2077395450047447189,15695,0,303,1.93,238,2,59,4,0
X,2026-06-08,,Produced videos,X analytics export,Trump’s policies are making summer cost more this year. See for yourself. We’re running this video as part of Home of the Brave’s new Sticker Shock Summer campaign showing how Trum…,https://x.com/OfTheBraveUSA/status/2064007080059502612,15659,0,215,1.37,97,3,56,6,0
X,2026-07-24,Week 30,General clips,X analytics export,"Pete Buttigieg: ""This denial about the war is especially shocking when you look at the disrespect shown to those who are paying the heaviest price for it. The fact that the Trump a…",https://x.com/OfTheBraveUSA/status/2080669910858862817,15590,0,1332,8.54,921,4,280,25,0
Instagram,2026-06-29,Week 27,Breaking News,IG reel,"Per a New York Times report: the Trump administration is actively cutting deals with 14 critical-minerals companies — and according to the Times, every one of them has ties to the …",https://www.instagram.com/reel/DaLg-IiD5Tz/,15530,12975,523,3.37,361,22,125,15,30
X,2026-01-03,,Produced videos,X analytics export,"Why did Donald Trump start a regime change war in Venezuela? Because Venezuela has the largest oil fields in the world. ""We should take over the oil fields…To the victor belongs th…",https://x.com/OfTheBraveUSA/status/2007521225703338274,15512,0,342,2.2,129,13,58,13,0
TikTok,2026-06-29,Week 27,Breaking News,Video,NYT says the Trump admin is doing deals with 14 critical-minerals companies — and ALL of them reportedly tie back to the Trump and Lutnick families. The reported total: ~$9 billion…,https://www.tiktok.com/@ofthebraveusa/video/7656886470430493966,15500,0,2109,13.61,1671,101,143,194,0
X,2026-03-19,,General clips,X analytics export,"Canadian MP Pierre Poilievre on Trump's desire to annex Canada: ""It is a crazy thing to say. Canada's not for sale… We're very proudly Canadian, so we're never gonna be the 51st st…",https://x.com/OfTheBraveUSA/status/2034728184587980969,15429,0,491,3.18,275,12,41,7,0
X,2026-08-20,Week 34,General clips,X analytics export,"Jake Tapper: ""President Trump let you take the fall for a lot of things…You talked about how you two have reconciled. Did he actually apologize to you?"" Michael Cohen: ""You know, w…",https://x.com/OfTheBraveUSA/status/2090552644456595799,15425,0,224,1.45,58,39,22,13,0
Instagram,2026-07-16,Week 29,Breaking News,IG reel,"Trump is digging up the White House South Lawn to build a granite helipad and, like his other projects, he started construction with no public announcement and without the reviews …",https://www.instagram.com/reel/Da3NWtcCh6D/,15346,13176,525,3.42,344,89,64,28,26
X,2026-06-04,,General clips,X analytics export,"Sen. Elissa Slotkin: ""Before the war, I would say the only cost in a family's life that had gone down under President Trump had been gas prices. Not housing, not healthcare, not gr…",https://x.com/OfTheBraveUSA/status/2062652036433268757,15228,0,320,2.1,235,7,45,4,0
Instagram,2026-01-05,,Other,IG reel,"Michael Fanone narrates his body camera footage from the January 6 insurrection:

""I'm trying to fight to stay alive…I'm being assaulted from every direction. I'm trying to keep pe…",https://www.instagram.com/reel/DTJR8eIDzBq/,15155,12444,422,2.78,304,18,62,38,13
X,2026-06-11,,Other,X analytics export,"You heard him say ""I love the inflation"" — and we believe him. His policies have driven inflation up to 4.2% just in time for summer, and your bank account is feeling the heat. htt…",https://x.com/OfTheBraveUSA/status/2064865193805394234,15067,0,319,2.12,192,5,74,13,0
X,2026-06-04,,General clips,X analytics export,"Sen. Slotkin: ""I have fundamental problems with Bill Pulte becoming the Acting Director of National Intelligence…He's shown not only an interest, but a willingness to use his job t…",https://x.com/OfTheBraveUSA/status/2062653365277114474,14997,0,702,4.68,496,18,128,6,0
Instagram,2026-08-18,Week 34,Podcast Promo,IG image,"What's happening inside ICE right now? Former ICE Chief of Staff Jason Houser will unpack this question with @michaelfanoneofficial tomorrow, 8/19 LIVE on of The Home of the Brave …",https://www.instagram.com/p/DcMsLwdDXzP/,14981,9469,144,0.96,133,1,0,10,3
X,2026-06-03,,General clips,X analytics export,"Joe Rogan on ICE: ""What bothers me is we're opening the door for militarized police on our city streets… that has no identification. That's a precedent. You might like it when it's…",https://x.com/OfTheBraveUSA/status/2062254900814180594,14806,0,332,2.24,216,15,47,22,0
YouTube,2026-07-15,Week 29,Breaking News,Shorts,Breaking News: Why Did Trump Post This?,https://www.youtube.com/watch?v=9gEWKtxxfUw,14742,1156,339,2.3,304,29,6,0,9
X,2026-05-05,,General clips,X analytics export,"Steve Padgett, an Ohio voter: ""I think it's getting a little carried away. [Trump is] more concerned about the war over there and [it's] killing everybody over here with increased …",https://x.com/OfTheBraveUSA/status/2051715415466795301,14633,0,813,5.56,609,20,137,11,0
TikTok,2026-06-11,,Breaking News,Video,"Trump's mobile phone is made with Chinese parts and resembles a two-year-old device, despite promises that it would be made entirely in the U.S. and feature ""the best technology.""",https://www.tiktok.com/@ofthebraveusa/video/7650237290811378958,14600,0,322,2.21,291,8,11,12,0
X,2026-07-08,Week 28,General clips,raw scrape,"Sen. Coons: ""It would be very hard for the United States to take control of Kharg Island without putting at risk losing hundreds of troops…We would have to engage in a very heavy c…",https://x.com/OfTheBraveUSA/status/2074873642165620743,14524,0,218,1.5,173,5,37,1,0
X,2026-05-11,,General clips,raw scrape,"Rep. Boyle: ""The medicaid cuts that Republicans passed last year as part of their big tax cut for billionaires take effect this December…15 million people are going to lose their h…",https://x.com/OfTheBraveUSA/status/2053852635917406299,14523,0,575,3.96,402,5,158,9,0
X,2026-02-28,,General clips,X analytics export,"Trump: "" We are finally putting America first. Our policy of never ending war regime change and nation-building is being replaced by the clear eye pursuit of American interest…It i…",https://x.com/OfTheBraveUSA/status/2027784734114247056,14502,0,331,2.28,136,18,72,41,0
X,2026-05-17,,HOTB clips,raw scrape,"Mike Fanone on Seb Gorka: ""A guy that had a show on Patriot XM Radio, who used to rant and rave all the time and then hustle vitamins and chocolate-covered strawberries during the …",https://x.com/OfTheBraveUSA/status/2055812355968110716,14468,0,731,5.05,598,5,121,7,0
TikTok,2026-02-17,,News,Video,"Dave Smith: ""Nothing could vindicate Trump in this. Even if all the files were released and there's no evidence that Donald Trump did anything with girls or young girls or anything…",https://www.tiktok.com/@ofthebraveusa/video/7607990851352022285,14300,0,685,4.79,573,65,16,31,0
X,2026-05-06,,Sarah Matthews,X analytics export,".@SarahAMatthews1: ""Voters feel a lot of buyer's remorse, like they've been bamboozled by this administration. Everything that Trump said he was going to do on the campaign trail, …",https://x.com/OfTheBraveUSA/status/2051821063693009216,14163,0,847,5.98,648,13,123,7,0
X,2026-02-20,,General clips,X analytics export,"Les Wexner's statement this week appears to contradict Rep. Comer's claim that the DOJ ""already investigated"" him. https://t.co/xfovxHe0Bg",https://x.com/OfTheBraveUSA/status/2024898057851081138,14130,0,782,5.53,539,13,180,12,0
Instagram,2026-01-08,,Newsletter,IG carousel,"Donald Trump made targeting immigrants the centerpiece of his 2024 campaign. And while he’s broken nearly all of his other policy promises—lowering costs, ending all wars, deliveri…",https://www.instagram.com/p/DTQaW3IET99/,14036,7365,370,2.64,322,19,20,9,4
X,2026-03-21,,General clips,X analytics export,"Tim Dillon: "" This is how [empires] spin out, where you have people without any justification running around talking about how well we're doing. Gaslighting the public. Our governm…",https://x.com/OfTheBraveUSA/status/2035441949100929149,13954,0,765,5.48,561,7,119,19,0
X,2026-07-16,Week 29,General clips,raw scrape,"Epstein survivor Dani Bensky: ""We are not activists. We are crime victims. For us, this has never been about politics...Survivors in this room repeatedly asked to meet with Todd Bl…",https://x.com/OfTheBraveUSA/status/2077764151930126356,13857,0,502,3.62,370,2,119,8,0
Instagram,2026-07-20,Week 30,Breaking News,IG reel,"New footage of the Lincoln Memorial Reflecting Pool: the blue lining is peeling up and flapping loose in the wind. 🪣

This is the lining taxpayers spent more than $14 million on. A…",https://www.instagram.com/reel/DbBq5e8gA9Q/,13850,11988,349,2.52,300,11,14,24,11
YouTube,2026-08-05,Week 32,Breaking News,Shorts,Breaking News: Insane New Update in Trump Corruption. You Need to Hear This!,https://www.youtube.com/watch?v=0z-Qy0rAnBw,13818,1906,528,3.82,494,21,13,0,18
X,2026-07-29,Week 31,General clips,X analytics export,"Q: "" It is a fair criticism that the way you shut down a whole bunch of programs probably — in fact, certainly — caused unnecessary suffering."" Musk: ""No."" Q: "" You don't buy the i…",https://x.com/OfTheBraveUSA/status/2082525149849403611,13768,0,404,2.93,188,12,43,11,0
Instagram,2026-08-10,Week 33,Breaking News,IG reel,"After weeks of claiming he had evidence, Trump has now admitted there is ""no video or proof"" that anyone vandalized the Lincoln Memorial Reflecting Pool. 🪣

The reversal is strikin…",https://www.instagram.com/reel/Db4cLEUjpcw/,13756,11694,428,3.11,359,27,32,10,9
X,2026-05-22,,Breaking News,raw scrape,This is how Don Jr.'s net worth exploded from $50M to $300M in 13 months.,https://x.com/OfTheBraveUSA/status/2057922291854422185,13627,0,141,1.03,85,5,40,10,0
X,2026-03-09,,General clips,X analytics export,"Vance: "" Donald Trump is the candidate of peace through strength, defending America, protecting the people who serve, and preventing these crazy wars."" https://t.co/UypVcQGrwD",https://x.com/OfTheBraveUSA/status/2031095009022284221,13615,0,410,3.01,169,80,92,14,0
Instagram,2026-05-13,,Breaking News,IG reel,"DHS is investigating Kristi Noem's purchase of $1 billion worth of vacant warehouses to potentially become ICE detention centers. She paid above 12% over market value, wasting mill…",https://www.instagram.com/reel/DYTMRs0CW-T/,13588,10321,465,3.42,381,25,38,21,13
X,2026-05-27,,General clips,X analytics export,"Rep. Seth Moulton: ""How can [Iran's] military be gone when we're conducting strikes against them in self-defense? The Trump administration is clearly out of touch with reality here…",https://x.com/OfTheBraveUSA/status/2059707573486444927,13540,0,1282,9.47,1003,3,226,13,0
X,2026-06-05,,Sarah Matthews,raw scrape,".@SarahAMatthews1: ""He loves to build, that's his background. He's looking at these little pet projects and this is what excites him. He is probably bored of talking about Iran. He…",https://x.com/OfTheBraveUSA/status/2063000406184341615,13532,0,272,2.01,226,6,33,7,0
YouTube,2026-02-06,,News,Shorts,Sen. Ruben Gallego Questions Scott Bessent on Trump's IRS Lawsuit | News,https://www.youtube.com/watch?v=MhghJAOX0Ro,13407,1847,288,2.15,229,11,48,0,5
TikTok,2026-07-26,Week 30,Newsletter,Video,"""The architecturally incongruent design changes are a clear example of his disregard for history. The pile of rubble that was once the East Wing is a shockingly visible metaphor of…",https://www.tiktok.com/@ofthebraveusa/video/7666841818130025742,13400,0,204,1.52,146,45,5,8,0
YouTube,2026-05-20,,Breaking News,Shorts,Breaking News: Trump's New Public Lands Chief Doesn't Believe National Parks Should Exist,https://www.youtube.com/watch?v=lcCdvVYXrSE,13299,499,1467,11.03,1333,36,98,0,86
Instagram,2026-05-16,,Breaking News,IG reel,"Trump’s latest financial disclosures are raising huge questions.

After taking massive stakes in companies like Nvidia, Dell, Meta, Google, Apple, Palantir, and Lockheed Martin, Tr…",https://www.instagram.com/reel/DYamFN6Do2e/,13112,9859,1128,8.6,672,91,302,63,16
X,2026-06-11,,Sarah Matthews,raw scrape,".@SarahAMatthews1: ""He's an out-of-touch billionaire…He's not someone who's ever had to worry about being able to choose between affording groceries or filling up your gas tank…It'…",https://x.com/OfTheBraveUSA/status/2065181356238295221,13012,0,370,2.84,295,7,61,4,0
X,2026-02-23,,General clips,X analytics export,"Rep. Seth Moulton on Iran: ""We've heard nothing. Absolutely nothing about a strategy, nothing about a plan, nothing about why they think it's a good idea for us and our troops and …",https://x.com/OfTheBraveUSA/status/2025939184678993923,12914,0,395,3.06,269,11,61,18,0
X,2026-01-29,,General clips,X analytics export,"Geoff Duncan on the FBI search of the Fulton County election office: ""Donald Trump and his administration is trying to rewrite history. It's important to recognize Donald Trump doe…",https://x.com/OfTheBraveUSA/status/2016878612247396469,12901,0,1421,11.01,1048,15,314,23,0
X,2026-06-05,,HOTB clips,raw scrape,"Fmr. FBI Agent Michael Feinberg: ""The FBI's job is to uphold the Constitution and protect the American people. That doesn't change because the party in power changes. But we learne…",https://x.com/OfTheBraveUSA/status/2062919990567731580,12885,0,425,3.3,310,1,100,12,0
X,2026-04-02,,General clips,X analytics export,"Interim AG Todd Blanche: ""It is not a crime to party with Mr. Epstein…The American people need to understand that it isn't a crime to party with Mr. Epstein."" https://t.co/8NaNvgGl…",https://x.com/OfTheBraveUSA/status/2039765397772099586,12858,0,188,1.46,82,18,39,13,0
YouTube,2026-08-10,Week 33,Breaking News,Shorts,Breaking News: Judge Upholds Ruling That Trump Admin Must Get Congressional Approval,https://www.youtube.com/watch?v=P5n8ywCKquw,12815,338,258,2.01,242,14,2,0,5
X,2026-01-21,,Produced videos,X analytics export,"The President of the United States used his time on the international stage this morning to threaten our allies, talk about annexing foreign territory, and speak casually about usi…",https://x.com/OfTheBraveUSA/status/2014042730809135308,12781,0,956,7.48,688,18,152,9,0
X,2026-06-22,,General clips,raw scrape,"National Mall visitors sound off on the reflecting pool: ""I can't believe that we are spending our money this way when there are so many higher priorities — health care, child care…",https://x.com/OfTheBraveUSA/status/2069112546280243418,12723,0,731,5.75,616,3,108,3,0
X,2026-05-11,,General clips,raw scrape,"James Comey: ""I am going to continue to speak up because I have grandchildren, and someday they'll be old enough to understand this time, and I want them to know what pop did durin…",https://x.com/OfTheBraveUSA/status/2053959584595988832,12664,0,1792,14.15,1456,13,302,19,0
YouTube,2026-05-12,,News,Shorts,James Comey's 'Original Sin' with Trump | News,https://www.youtube.com/watch?v=C-C2cu7dHsw,12510,517,211,1.69,200,1,10,0,13
X,2026-08-18,Week 34,General clips,X analytics export,"Fmr. UN Amb. John Bolton on Iran: ""[Trump] obviously didn't understand fully what his objectives were. He didn't prepare for the possibility of an extended conflict. He hasn't know…",https://x.com/OfTheBraveUSA/status/2089741454528614581,12356,0,508,4.11,316,6,95,7,0
YouTube,2026-06-26,,Breaking News,Shorts,Breaking News: Trump's Wild Excuse for the Reflecting Pool Debacle.,https://www.youtube.com/watch?v=Kvwl2Wt1y9Q,12354,553,235,1.9,223,7,5,0,12
Instagram,2026-08-12,Week 33,Breaking News,IG reel,"Families of the crew aboard the USS Abraham Lincoln are raising urgent concerns about their loved ones' mental health and safety after months at sea with no end in sight.

The airc…",https://www.instagram.com/reel/Db9TCLogZPD/,12353,10543,382,3.09,320,36,22,4,17
X,2026-06-01,,General clips,raw scrape,"Sen. Chris Murphy: ""$6 a gallon at the pump and the president seems to be spending all of his time enriching himself. His corruption is more difficult to avoid these days because i…",https://x.com/OfTheBraveUSA/status/2061551799354478951,12328,0,983,7.97,782,6,184,10,0
X,2026-08-15,Week 33,Produced videos,X analytics export,"The Trump administration is calling this ""America's golden age."" Does this feel golden to you? https://t.co/LahsEmlMTv",https://x.com/OfTheBraveUSA/status/2088690937765790081,12312,0,119,0.97,77,12,17,1,0
YouTube,2026-05-13,,Breaking News,Shorts,Breaking News: Trump's Arch Investigated for Flight Risk,https://www.youtube.com/watch?v=NO8stNLl9nw,12257,453,514,4.19,488,14,12,0,11
Instagram,2026-08-18,Week 34,Breaking News,IG reel,"While the country is at war and Americans deal with high prices, President Trump has focused on the columns on the south side of the White House. 🏛️

Trump ordered the historic col…",https://www.instagram.com/reel/DcNA0Vhk3XU/,12176,11221,148,1.22,130,13,1,4,2
X,2026-08-06,Week 32,General clips,X analytics export,"Q: ""Are you going to be able to find new caregivers? Are there Americans waiting to take these [home health care] jobs? Amy, Owner of Brightstar Care: ""Absolutely not, unfortunatel…",https://x.com/OfTheBraveUSA/status/2085370811653738747,12169,0,350,2.88,243,5,65,3,0
YouTube,2026-02-20,,News,Shorts,"Trump Claimed Obama Would Star a War with Iran ""He Has No Ability to Negotiate"" (2011) | News",https://www.youtube.com/watch?v=BSRnEs0Id1Q,12163,5298,372,3.06,60,6,306,0,3
X,2026-08-15,Week 33,Tom & Bill,X analytics export,".@BillKristol on conditions aboard USS Lincoln: "" People who are close to the military almost can't believe it, it's such a disgrace…They're kind of rattled by the degree of appare…",https://x.com/OfTheBraveUSA/status/2088654661070778483,12096,0,174,1.44,90,10,29,5,0
X,2026-08-25,,General clips,X analytics export,"Alex Pretti's Father: ""That's how we found out — watching it on TV. Watching our son be shot 10 times on TV, in the back, trying to help somebody…with a camera in one hand, and his…",https://x.com/OfTheBraveUSA/status/2092264619532255545,12055,0,1306,10.83,907,9,348,36,0
X,2026-07-17,Week 29,General clips,X analytics export,"Dani Bensky: ""Todd Blanche treated the meeting as a mere 'check-the-box exercise intended to secure votes for his confirmation. He danced around his wording, repeatedly interrupted…",https://x.com/OfTheBraveUSA/status/2077911709281403110,11895,0,807,6.78,261,6,115,9,0
X,2026-06-02,,General clips,raw scrape,"Megyn Kelly: ""The President won't tell us, and it's disrespectful. We have the right, before we send our men and women in uniform, to know what is the mission. We just went through…",https://x.com/OfTheBraveUSA/status/2061904064472924626,11878,0,130,1.09,105,5,14,6,0
X,2026-08-15,Week 33,Tom & Bill,X analytics export,"Tom Joscelyn: ""There's been a depreciation of American power, and I think it will further depreciate over the next two years. Even if we get through that without a major crisis, th…",https://x.com/OfTheBraveUSA/status/2088752638565171296,11851,0,149,1.26,96,4,26,3,0
X,2026-07-16,Week 29,General clips,X analytics export,"Epstein survivor Dani Bensky: ""According to public reporting, Mr. Blanche spent approximately nine hours meeting with Ghislaine Maxwell. He did not even spend nine minutes meeting …",https://x.com/OfTheBraveUSA/status/2077766887966970213,11848,0,1332,11.24,968,6,305,14,0
X,2026-06-12,,Sarah Matthews,raw scrape,".@SarahAMatthews1: ""Republicans only seem to find their voice when they're retiring or they've been primaried out. I wish that more of them had a backbone and would push back on Tr…",https://x.com/OfTheBraveUSA/status/2065443766849146910,11799,0,531,4.5,416,5,102,7,0
YouTube,2026-07-08,Week 28,Breaking News,Shorts,Breaking News: Trump Confuses Iran with Japan,https://www.youtube.com/watch?v=Szzc3ONPkHM,11755,3249,473,4.02,430,26,17,0,13
X,2026-07-16,Week 29,General clips,raw scrape,"Epstein survivor Dani Bensky: ""The survivors in this room know there are investigative leads because they are our stories. Mr. Blanche knows it, too, yet he has chosen not to pursu…",https://x.com/OfTheBraveUSA/status/2077765096537833594,11714,0,404,3.45,298,4,94,7,0
X,2026-05-28,,General clips,X analytics export,"Rep. Robert Garcia: ""Pam Bondi has a lot to answer for. Why are only 50% of the files released? Why were the names of survivors, as we know, doxxed and [they were] put in danger?…W…",https://x.com/OfTheBraveUSA/status/2060065401384362080,11684,0,681,5.83,529,1,114,11,0
X,2026-08-06,Week 32,HOTB clips,X analytics export,".@SarahAMatthews1 on the Reflecting Pool: "" I was so angry looking back on all the clips of Judge Jeanine and Doug Burgum saying that this was obviously the result of vandalism."" @…",https://x.com/OfTheBraveUSA/status/2085489115332559017,11519,0,852,7.4,652,2,152,6,0
X,2026-06-10,,Sarah Matthews,raw scrape,".@SarahAMatthews1: "" Speaker Johnson got asked about it this week, and he was sowing doubt about the results in California…Where were you in 2022 when Republicans won House seats i…",https://x.com/OfTheBraveUSA/status/2064733241169395994,11493,0,500,4.35,387,3,103,6,0
Instagram,2026-08-17,Week 34,Breaking News,IG reel,"The Supreme Court has once again refused to help Trump escape the E. Jean Carroll verdict. ⚖️

On Monday, the justices denied his petition for a rehearing, after already rejecting …",https://www.instagram.com/reel/DcJZaqdEy-t/,11461,9551,484,4.22,427,22,34,1,7
X,2026-06-10,,Produced videos,raw scrape,"Today, the latest CPI report showed inflation rose to 4.2% — the highest since April 2023. Trump administration policies just keep driving your summer costs UP. 📈",https://x.com/OfTheBraveUSA/status/2064757130712760533,11367,0,87,0.77,52,4,27,4,0
X,2026-07-31,Week 31,General clips,X analytics export,"Donald Trump: ""I'd like to say it was the election on November 5th… Without the election you wouldn't have what I've done economically."" https://t.co/SE7rLNzLKy",https://x.com/OfTheBraveUSA/status/2083218399266504758,11342,0,172,1.52,63,29,19,7,0
Instagram,2026-08-19,Week 34,Breaking News,IG reel,"President Trump describes Americans who oppose his White House ballroom as ""disloyal to our country."" 🏛️

Asked whether critics of the project had offered any solution or compromis…",https://www.instagram.com/reel/DcOe-6rCc1p/,11309,9796,375,3.32,288,62,15,10,19
X,2026-08-17,Week 34,General clips,X analytics export,".@DrPaulOffit, Vaccine Education Center: ""I don't think people realize just how serious [RFK Jr.] is about the fact that he thinks vaccines are doing more harm than good…He is a cr…",https://x.com/OfTheBraveUSA/status/2089445097960038708,11296,0,758,6.71,574,5,135,13,0
X,2026-07-01,Week 27,Sarah Matthews,X analytics export,".@SarahAMatthews1: ""Trump has only ever cared about himself and accumulating as much power as possible. That's what his voter suppression bill, the SAVE America act, would do. He's…",https://x.com/OfTheBraveUSA/status/2072343575094784029,11293,0,589,5.22,428,5,112,6,0
YouTube,2026-02-19,,News,Shorts,Wexner Recounts Meeting Trump at Victoria's Secret Fashion Shows | News,https://www.youtube.com/watch?v=4Cnms4MU5gg,11286,2729,86,0.76,79,3,4,0,7
X,2026-07-04,Week 27,Produced videos,X analytics export,"Happy 250th Birthday, America. Are you proud to be an American? https://t.co/Wsjld7Zh4L",https://x.com/OfTheBraveUSA/status/2073430972687671657,11212,0,192,1.71,81,18,29,6,0
X,2026-06-11,,Sarah Matthews,raw scrape,".@SarahAMatthews1 on Sticker Shock Summer: ""It's a $15M ad campaign across the country, including both digital and billboards, to educate and mobilize the American people and show …",https://x.com/OfTheBraveUSA/status/2065180029277847632,11161,0,465,4.17,345,2,110,8,0
X,2026-02-27,,Other,X analytics export,"A year ago today, @JudiciaryGOP and Jim Jordan tweeted a rickroll prank about the Epstein files.",https://x.com/OfTheBraveUSA/status/2027531448605929509,11127,0,148,1.33,75,3,34,6,0
YouTube,2026-05-11,,News,Shorts,Rep. Boyle: Trump's Cuts Will Force Millions Off Healthcare | News,https://www.youtube.com/watch?v=cZgND-4VPi8,11101,509,502,4.52,452,8,42,0,17
TikTok,2026-01-28,,News,Video,"Andrew Schultz: "" [ICE is] doing things that objectively—I don't care which side of the isle you're on—are unconstitutional… You can't enter someone's home without a warrant… I saw…",https://www.tiktok.com/@ofthebraveusa/video/7600568079025786142,11100,0,576,5.19,449,36,33,58,0
Instagram,2026-07-06,Week 28,Breaking News,IG reel,"When you pay to enter a national park, that money is supposed to maintain the parks. The Trump administration had other plans.

At least $90 million in national park entry fees was…",https://www.instagram.com/reel/DadfT3TjMek/,11091,10085,98,0.88,87,4,1,6,5
X,2026-02-24,,General clips,X analytics export,"Rep. Robert Garcia: ""Now clearly there is some type of coverup happening right now, but why the DOJ under Merrick Garland or others weren't forthcoming in what was actually in thes…",https://x.com/OfTheBraveUSA/status/2026334433075183816,11045,0,771,6.98,568,13,124,11,0
TikTok,2026-02-20,,News,Video,"Rogan: ""It's too much fucking madness. We're about to go to war with Iran.""",https://www.tiktok.com/@ofthebraveusa/video/7609115701927857421,11000,0,485,4.41,407,25,15,38,0
X,2026-06-22,,HOTB clips,X analytics export,"Bob Kagan on Trump's war with Iran: ""It is the biggest strategic defeat that we've suffered maybe in our history, but certainly for decades… The net result is a significant diminis…",https://x.com/OfTheBraveUSA/status/2069059771928395940,10957,0,216,1.97,126,4,41,6,0
X,2026-08-07,Week 32,Sarah Matthews,X analytics export,".@SarahAMatthews1 on reports that munitions stockpiles are depleted: ""It's very disturbing if they are accurate, but it leads me to believe they are when Trump's posting about it a…",https://x.com/OfTheBraveUSA/status/2085746813655486769,10952,0,367,3.35,273,3,57,5,0
YouTube,2026-07-11,Week 28,Home of the Brave Podcast,Long-Form,Brian Tyler Cohen on Saving Democracy | Home of the Brave Podcast,https://www.youtube.com/watch?v=eBWqTFmHlOI,10948,231998,847,7.74,755,59,33,0,170
X,2026-06-11,,Sarah Matthews,raw scrape,".@SarahAMatthews1: ""Trump can't understand what it's like for the everyday, hardworking, average American who is struggling right now in his economy. And so that's why you see him …",https://x.com/OfTheBraveUSA/status/2065182283221344679,10872,0,360,3.31,301,4,48,6,0
YouTube,2026-07-24,Week 30,Breaking News,Shorts,Breaking News: Penn Station Might Be Renamed to Trump Station?!?,https://www.youtube.com/watch?v=80O5zTveLKY,10865,771,306,2.82,289,12,5,0,3
X,2026-03-26,,General clips,X analytics export,"Dropkick Murphys' Ken Casey on why they're performing at the #NoKings rally in Boston: ""I just want to be a part of anything that offers resistance to what's happening now… I think…",https://x.com/OfTheBraveUSA/status/2037233503524331978,10845,0,1027,9.47,715,17,178,14,0
YouTube,2026-06-10,,Breaking News,Shorts,"Breaking News: Trump Says ""I Love The Inflation""",https://www.youtube.com/watch?v=XQP3fF6yVRc,10808,821,181,1.67,170,10,1,0,3
X,2026-08-06,Week 32,HOTB clips,raw scrape,".@harryjsisson: ""Donald Trump is judge, jury, and executioner in all different branches of our government, unfortunately, and I think Jeanine Pirro is experiencing that…She's gonna…",https://x.com/OfTheBraveUSA/status/2085162438882689268,10802,0,193,1.79,164,1,26,2,0
X,2026-02-10,,General clips,X analytics export,"Rep. Magaziner: ""A family of US citizens who were out to get groceries…Your agents sprayed pepper spray out of their vehicle and into the driver's side window…Is it proper procedur…",https://x.com/OfTheBraveUSA/status/2021268188621660668,10798,0,511,4.73,336,9,95,15,0
X,2026-02-02,,Other,X analytics export,Steve Bannon was taking political advice from Epstein as late as 2019. https://t.co/hxpVI7VNQy,https://x.com/OfTheBraveUSA/status/2018441871073456391,10769,0,1340,12.44,256,4,105,15,0
X,2026-06-24,,General clips,X analytics export,"Marco Rubio on Obama's Iran Deal (2015): "" When the White House announced this deal, they put out a fact sheet…Iran is disputing it. In essence, what Iran is saying was agreed to a…",https://x.com/OfTheBraveUSA/status/2069586305907048783,10769,0,145,1.35,76,6,18,8,0
X,2026-07-15,Week 29,HOTB clips,raw scrape,".@PeterTwinklage: ""You've got Todd Blanche, who unfortunately will likely be confirmed to be the next Attorney General, saying from a press podium, 'I love Donald Trump. I live to …",https://x.com/OfTheBraveUSA/status/2077512688968536562,10767,0,427,3.97,357,7,59,4,0
X,2026-06-03,,General clips,raw scrape,"Blanche on the millions of unreleased Epstein documents: ""We reviewed more than enough. We over-collected on purpose to make sure we could comply with the law. And so necessarily b…",https://x.com/OfTheBraveUSA/status/2061970612436746652,10751,0,176,1.64,114,11,32,12,0
Instagram,2026-07-28,Week 31,Breaking News,IG reel,"The case against a 67-year-old former Olympian may be falling apart thansk to the government's own witness. 🏛️

David ""Davey"" Hearn was charged with felony vandalism of the Lincoln…",https://www.instagram.com/reel/DbWWb3fGtXk/,10706,9166,334,3.12,317,10,3,4,11
X,2026-07-15,Week 29,Produced videos,raw scrape,"Blanche (July 2026): ""I met [Trump] as his criminal defense attorney. I'm not sure there's very many people who have ever had a criminal defense attorney who calls that person thei…",https://x.com/OfTheBraveUSA/status/2077426730856268262,10676,0,127,1.19,95,1,23,8,0
X,2026-05-27,,General clips,raw scrape,"SC Republican State Sen. Tom Davis: ""You can't properly redistrict in 19 days. You can't outsource your constitutional obligation to a consultant in Washington, D.C. The objective …",https://x.com/OfTheBraveUSA/status/2059646993572458628,10672,0,698,6.54,563,2,125,8,0
X,2026-06-23,,Produced videos,raw scrape,"While denouncing the JCPOA in 2015, Marco Rubio called for an amendment that calls for ""any deal to require that Iran recognize Israel's right to exist as a Jewish state.""",https://x.com/OfTheBraveUSA/status/2069541004219146616,10641,0,88,0.83,62,0,18,6,0
Instagram,2026-06-17,,Breaking News,IG reel,Crews poured hydrogen peroxide into the Lincoln Memorial reflecting pool to fight the algae — but from up top you can see it's only working at the edges. The middle is still bright…,https://www.instagram.com/reel/DZsYftkCssl/,10638,8451,121,1.14,87,20,11,3,4
X,2026-05-26,,General clips,X analytics export,"Fmr. GOP Communications Dir. Tara Setmayer on redistricting: ""It's absolutely about taking this country back to reconstruction, pre-civil rights, and voting rights days…Don't try t…",https://x.com/OfTheBraveUSA/status/2059334121223057773,10610,0,658,6.2,497,9,113,22,0
X,2026-02-11,,General clips,X analytics export,"Rep. Lieu: ""Donald Trump attended various parties with Epstein. I want to know whether there were any underage girls at that party or at any party that Trump attended with Epstein?…",https://x.com/OfTheBraveUSA/status/2021629938017677471,10609,0,360,3.39,168,21,53,17,0
X,2026-02-03,,General clips,X analytics export,"Marimar Martinez: ""I had 7 bullet holes in my body. I remember the agents rushing the nurses to finish up so they could take me with them…They rushed me out of the hospital so quic…",https://x.com/OfTheBraveUSA/status/2018798203563651558,10584,0,907,8.57,619,11,206,27,0
X,2026-01-15,,Other,X analytics export,BREAKING: Medical examiner believes death of man in ICE custody was a homicide. A fellow detainee says he witnessed Geraldo Lunas Campos being choked to death by guards at an ICE d…,https://x.com/OfTheBraveUSA/status/2011943066274238873,10576,0,386,3.65,116,20,59,12,0
X,2026-08-03,Week 32,Other,X analytics export,Our new ad is running nationwide as part of our Sticker Shock Summer campaign. Learn more here: https://t.co/BYNnGS2vD2,https://x.com/OfTheBraveUSA/status/2084266648769364029,10534,0,154,1.46,52,0,20,0,0
X,2026-08-20,Week 34,General clips,X analytics export,"Husband of a USS Lincoln sailor: "" I don't agree with the war. I don't agree with this war at all. I voted for Trump in 2016, 2020, and 2024…A war in Iran is, like, the biggest thi…",https://x.com/OfTheBraveUSA/status/2090488032738590841,10471,0,128,1.22,62,8,27,8,0
X,2026-03-09,,General clips,X analytics export,"JD Vance (2024): "" All of the really terrible world conflicts, they almost always come from incompetent leadership...You can't just think about the immediate consequence. You've go…",https://x.com/OfTheBraveUSA/status/2031157114098307258,10390,0,629,6.05,372,17,178,29,0
X,2026-07-13,Week 29,HOTB Podcast Promo,X analytics export,🚨 This Tuesday: @PeterTwinklage joins @SarahAMatthews1 LIVE on The Home of the Brave Podcast to preview the Senate hearings for AG nominee Todd Blanche and what a Blanche-run DOJ w…,https://x.com/OfTheBraveUSA/status/2076668376768712819,10390,0,97,0.93,21,1,9,1,0
X,2026-07-08,Week 28,HOTB Podcast Promo,X analytics export,"🚨This Friday, 7/10 at 3:30pm ET, @briantylercohen joins @SarahAMatthews1 live on The Home of the Brave Podcast to talk about his new book ""The Day After"" and what it'll take to pul…",https://x.com/OfTheBraveUSA/status/2074977636435079379,10352,0,139,1.34,43,4,10,1,0
X,2026-06-18,,Sarah Matthews,raw scrape,".@SarahAMatthews1: “ With Trump, if something goes right, then he gets to claim victory. And if something goes wrong, it wasn't his fault — and he'll find someone else to take the …",https://x.com/OfTheBraveUSA/status/2067664224977850662,10337,0,285,2.76,244,2,33,6,0
X,2026-07-08,Week 28,General clips,raw scrape,"Q: ""Did the U.S., under President Trump, eliminate Iran's capability of building a nuclear bomb?"" Sen. Coons: ""No…We don't have a clear, detailed understanding of the status of the…",https://x.com/OfTheBraveUSA/status/2074872811101782208,10326,0,387,3.75,290,0,88,7,0
X,2026-08-11,Week 33,General clips,X analytics export,"Dr. Offit, Dir. of the Vaccine Education Center: ""There's a lot of interesting leads in autism, vaccines isn't one of them…Anti-vaccine activists like Robert F Kennedy or science d…",https://x.com/OfTheBraveUSA/status/2087187891927548251,10300,0,882,8.56,638,6,200,22,0
X,2026-06-10,,Other,raw scrape,"""The president himself still had no interest in transparency. He wanted the whole Epstein issue buried, and he was snapping at anyone who mentioned it. His staff largely avoided th…",https://x.com/OfTheBraveUSA/status/2064708409274876289,10281,0,173,1.68,118,0,49,5,0
Instagram,2026-06-08,,Produced Videos,IG reel,"Trump’s policies are making summer cost more this year. See for yourself.

We’re running this video as part of Home of the Brave’s new Sticker Shock Summer campaign showing how Tru…",https://www.instagram.com/reel/DZVHs7RjHF_/,10170,8277,633,6.22,492,29,82,30,6
Instagram,2026-07-01,Week 27,Breaking News,IG reel,"Trump reportedly plans to turn DC's East Potomac public golf course into something new — by clearing the city's oldest grove of cherry trees, tearing out one of its most popular bi…",https://www.instagram.com/reel/DaQ2FDQDtU0/,10121,8415,494,4.88,338,86,55,15,31
X,2026-06-03,,General clips,raw scrape,"Rep. Crow on Bill Pulte: ""I have two main concerns. The first is he doesn't have experience and doesn't understand how intelligence works…Number two, Bill Pulte has been an attack …",https://x.com/OfTheBraveUSA/status/2062240601857273952,10109,0,546,5.4,423,0,116,7,0
X,2026-06-19,,Live podcast,X analytics export,Livestream: Checkmate in Iran https://t.co/JT9GQRzczz,https://x.com/OfTheBraveUSA/status/2068031485454549382,10053,0,121,1.2,15,0,4,1,0
X,2026-03-04,,Produced videos,X analytics export,"""Donald Trump wants housing prices to GO UP!"" Home of the Brave is running this ad for three weeks targeting renters in nine areas that have seen extreme increases in home prices: …",https://x.com/OfTheBraveUSA/status/2029210365473767471,10047,0,218,2.17,94,2,49,11,0
X,2026-07-17,Week 29,General clips,X analytics export,"Epstein survivor Liz Stein on the meeting with Todd Blanche: ""It felt like more political posturing and using survivors, the way that we've been used as political pawns."" https://t…",https://x.com/OfTheBraveUSA/status/2077908029270302803,10009,0,462,4.62,350,3,85,6,0
X,2026-06-17,,Produced videos,X analytics export,"Calling 'affordability' a fake word doesn't make gas or groceries any cheaper. The American dream is becoming unaffordable — and that's not a hoax, no matter what Trump says. https…",https://x.com/OfTheBraveUSA/status/2067367709239652633,9998,0,190,1.9,129,3,34,7,0
X,2026-05-26,,General clips,raw scrape,"U.S. Army veteran Jon Gundersen: ""Going into Iran in a war of choice is not a way of honoring veterans. Cutting back on the VA is not a way of honoring veterans…Know their sacrific…",https://x.com/OfTheBraveUSA/status/2059355470192599467,9959,0,286,2.87,227,0,57,2,0
X,2026-01-06,,General clips,X analytics export,"Rep. Jason Crow: ""I served three tours in Iraq and Afghanistan as a paratrooper and an Army Ranger. I never thought I would see the type of violence that we saw overseas at the Pan…",https://x.com/OfTheBraveUSA/status/2008598059010478480,9956,0,635,6.38,405,34,127,10,0
X,2026-05-26,,General clips,X analytics export,"Rep. Menendez: ""It's important to tell their stories, like an 18 year-old from New Jersey who's missing her high school graduation because she's inside Delaney hall. She's missing …",https://x.com/OfTheBraveUSA/status/2059308580008833414,9938,0,553,5.56,397,5,117,3,0
X,2026-06-18,,HOTB clips,raw scrape,.@SarahAMatthews1: “The economy sucks right now…Trump's response was quite interesting when he was asked about it.” Fanone: “It's crazy to see him be so cavalier about the one issu…,https://x.com/OfTheBraveUSA/status/2067400650502365664,9907,0,314,3.17,261,0,48,4,0
X,2026-05-12,,General clips,raw scrape,"Rep. Crow: ""I'm not confident in anything that Director Patel says. He has contorted the truth repeatedly, he has weaponized the FBI against [Trump's] perceived political opponents…",https://x.com/OfTheBraveUSA/status/2054319058770624954,9892,0,1266,12.8,1034,2,214,12,0
X,2026-08-12,Week 33,General clips,X analytics export,"Trump's Fmr. Defense Secretary, Mark Esper, on Iran: ""I don't see any room right now for negotiation. I think we have to adapt our strategy. I've argued for an economic strategy th…",https://x.com/OfTheBraveUSA/status/2087567014193684747,9876,0,163,1.65,86,5,30,4,0
X,2026-06-01,,General clips,raw scrape,"Rep. Crow: ""It's not just corruption on its own, it's coupled with the severe struggling of American people. While he gets a $1.8 billion payout fund, people are losing their healt…",https://x.com/OfTheBraveUSA/status/2061555795544756615,9832,0,645,6.56,469,7,155,10,0
X,2026-07-29,Week 31,Other,X analytics export,https://t.co/Bbfv0SmhDQ,https://x.com/OfTheBraveUSA/status/2082516935749619787,9813,0,566,5.77,389,2,94,11,0
YouTube,2026-05-19,,Breaking News,Shorts,Breaking News: Trump Made MORE Stock Trades Than All of Congress in 3 Months,https://www.youtube.com/watch?v=JyrfQCmlJuc,9804,409,1231,12.56,1117,30,84,0,64
X,2026-06-09,,HOTB clips,raw scrape,"Mike Fanone: ""Donald Trump has hailed the violent insurrectionists of January 6th, 2021 as great patriots, great Americans, and the heroes of the day. He's painted law enforcement …",https://x.com/OfTheBraveUSA/status/2064146523038838929,9775,0,471,4.82,379,1,84,7,0
X,2026-08-11,Week 33,Produced videos,X analytics export,"Trump claimed that children receive vaccinations that are the ""size of a bottle of soda."" Let's see how that holds up: https://t.co/4wWRMkrycM",https://x.com/OfTheBraveUSA/status/2087298582474829839,9745,0,528,5.42,340,8,109,32,0
Instagram,2026-02-12,,News,IG reel,"Joe Rogan on Epstein File redactions: "" None of this is good for this administration. It looks fucking terrible. It looks terrible for Trump, when he was saying that, 'none of this…",https://www.instagram.com/reel/DUrZ48KDmVU/,9667,6681,641,6.63,374,55,166,46,22
YouTube,2026-06-30,Week 27,Breaking News,Shorts,Breaking News: Ballroom Update,https://www.youtube.com/watch?v=DfD2DNPsxJU,9629,488,315,3.27,296,15,4,0,3
X,2026-02-28,,General clips,X analytics export,"Donald Trump: ""Our president will start a war with Iran because he has absolutely no ability to negotiate. He's weak and he's ineffective."" (2011) https://t.co/fP0y516ntz",https://x.com/OfTheBraveUSA/status/2027782793372246250,9610,0,391,4.07,224,7,103,19,0
YouTube,2026-08-18,Week 34,Breaking News,Shorts,Breaking News: Trump Admin to Put 50% Tariff on Canada Unless There's a Deal,https://www.youtube.com/watch?v=2LPlX9oXxPA,9601,952,236,2.46,223,12,1,0,3
YouTube,2026-07-06,Week 28,Breaking News,Shorts,Breaking News: Trump Administration Using $90M of National Park Entry Fees to Beautify DC,https://www.youtube.com/watch?v=_eHT91vvR7Q,9586,759,594,6.2,543,39,12,0,11
X,2026-01-29,,General clips,X analytics export,"Rep. Greg Landsman on the FBI investigating Minneapolis protestors: ""I don't think that they want to start criminalizing folks who are protesting peacefully…That will backfire. Mos…",https://x.com/OfTheBraveUSA/status/2016894600632316296,9579,0,346,3.61,250,0,59,4,0
X,2026-01-29,,General clips,X analytics export,".@SarahLongwell25: “Trump is not doing the thing that voters hired him to do…At a time when he is not addressing their concerns, he’s creating chaos in the streets, and they’re sho…",https://x.com/OfTheBraveUSA/status/2016988653856108812,9564,0,446,4.66,319,3,61,7,0
Instagram,2026-08-14,Week 33,Breaking News,IG reel,"The Trump administration is now asking the Supreme Court to let it finish building the $600 million White House ballroom. ⚖️

The appeal comes after a federal appeals court ruled t…",https://www.instagram.com/reel/DcB9i62io9J/,9556,8117,237,2.48,212,21,2,2,5
X,2026-08-24,,Other,X analytics export,"Trump's disclosures showed up to $45.6 million in oil and gas stocks at the end of 2025. That portfolio is now worth up to $61.1 million, a gain of as much as $15.5 million since t…",https://x.com/OfTheBraveUSA/status/2091931870921470034,9556,0,108,1.13,33,1,21,1,0
Instagram,2026-08-20,Week 34,Breaking News,IG reel,"Trump gathered crypto executives at the White House this week to push Congress to pass industry-friendly legislation, an industry he is personally profiting from on a massive scale…",https://www.instagram.com/reel/DcRCyP7j6mf/,9549,8153,369,3.86,316,21,26,6,10
X,2026-08-17,Week 34,General clips,X analytics export,".@DrPaulOffit, Vaccine Education Center: ""You have the President of the United States casting doubt on vaccine safety at a time when we have more measles cases than we've had in th…",https://x.com/OfTheBraveUSA/status/2089443563771752945,9495,0,267,2.81,189,2,55,5,0
X,2026-07-15,Week 29,General clips,raw scrape,"Blumenthal: ""Will you apologize to [the Epstein survivors in the room] for the mishandling and mistakes that were made by the United States Department of Justice?"" Blanche: ""I will…",https://x.com/OfTheBraveUSA/status/2077424821873377695,9441,0,64,0.68,50,3,10,1,0
X,2026-03-27,,General clips,X analytics export,"https://t.co/FN418rdgH6 Ezra Levin: ""Just text 59798, 'No Kings'. You will get your closest protest to you.""",https://x.com/OfTheBraveUSA/status/2037548950576611496,9432,0,701,7.43,338,13,224,9,0
X,2026-08-18,Week 34,General clips,X analytics export,"Fmr. UN Amb. John Bolton: ""That's how Trump sees foreign affairs. If he has a good personal relationship with Kim, Xi, Putin—he thinks the US has good relations with that country…I…",https://x.com/OfTheBraveUSA/status/2089744978071191765,9418,0,644,6.84,440,2,139,11,0
Instagram,2026-05-24,,Breaking News,IG reel,The Trump White House is reportedly requiring employees to download an app filled with pro-Trump propaganda — raising major ethics and cybersecurity concerns inside the federal gov…,https://www.instagram.com/reel/DYvEJcVDSW5/,9310,7930,176,1.89,114,41,12,9,3
X,2026-02-11,,General clips,X analytics export,"Rep. Jason Crow: "" Every American should be appalled that Trump and his political goons in the DOJ have weaponized our Justice Dept. against his political opponents."" https://t.co/…",https://x.com/OfTheBraveUSA/status/2021685704888057912,9257,0,803,8.67,544,53,127,2,0
YouTube,2026-07-10,Week 28,Breaking News,Shorts,Breaking News: Trump Fires Election Assistance Committee,https://www.youtube.com/watch?v=QBMXZt9XXvc,9238,762,401,4.34,370,25,6,0,13
X,2026-05-27,,General clips,raw scrape,"Donald Trump: ""Oman will behave just like everybody else, or we'll have to blow them up."" The ""no more foreign wars"" president just threatened to attack yet another country.",https://x.com/OfTheBraveUSA/status/2059684377500569952,9235,0,681,7.37,447,24,193,7,0
X,2026-08-16,Week 33,Tom & Bill,X analytics export,".@BillKristol: ""The election subversion side of things remains remains very disconcerting."" Tom Joscelyn: ""This can't be the new normal… It's all based on fake emergencies that he'…",https://x.com/OfTheBraveUSA/status/2089117664543191143,9222,0,113,1.23,58,4,25,2,0
X,2026-07-08,Week 28,General clips,raw scrape,"Sen. Coons: ""This war has made clear that the mullahs have the ability to shut the Strait of Hormuz using mines and drones…My hunch is we will soon see the prices of oil, and gas, …",https://x.com/OfTheBraveUSA/status/2074871254343958647,9211,0,233,2.53,187,2,39,4,0
X,2026-07-20,Week 30,Produced videos,X analytics export,"Home of the Brave is proud to honor Bob Hilliard, a 101-year-old World War II veteran who's been fighting for democracy since the Battle of the Bulge in 1944. He's seen firsthand w…",https://x.com/OfTheBraveUSA/status/2079222873273553020,9196,0,238,2.59,150,2,40,9,0
Instagram,2026-07-09,Week 28,Breaking News,IG reel,"The White House just hung a large tarp over the scaffolding at its front entrance. 

The official explanation is standard restoration of the 200-year-old North Portico. However, Tr…",https://www.instagram.com/reel/DaloxUfkwUh/,9183,7527,86,0.94,64,18,0,4,4
YouTube,2026-03-11,,News,Shorts,"Joe Rogan on Trump: ""He's 80…He Doesn't Have Much to Lose"" | News",https://www.youtube.com/watch?v=aiAMvdbUcRw,9174,1455,119,1.3,86,14,19,0,2
X,2026-08-06,Week 32,General clips,X analytics export,"Rep. Crow: ""For Donald Trump, the problem is never that things are going bad, or that they're falling apart, or that there isn't a plan. The problem is always that people call it o…",https://x.com/OfTheBraveUSA/status/2085470202154643901,9143,0,536,5.86,416,0,94,5,0
X,2026-05-29,,General clips,X analytics export,"Rep. Garcia: ""We continue to be incredibly disappointed of the decision to not have [Bondi's] interview videotaped and then released to the American public."" https://t.co/UtnEWLSNk…",https://x.com/OfTheBraveUSA/status/2060363280271487078,9128,0,403,4.41,280,17,80,3,0
X,2026-05-12,,Sarah Matthews,raw scrape,".@SarahAMatthews1: ""They know that they can't win on the merits. They can't win on their policies. They're watching these cratering poll numbers. So they have to do tactics like di…",https://x.com/OfTheBraveUSA/status/2054017255046787351,9080,0,607,6.69,479,6,110,11,0
Instagram,2026-06-22,,Breaking News,IG reel,"Prosecutors were reportedly told to ""put their pencils down."" 🖊️

The DOJ just dropped a years-long investigation into Trump ally Sen. Jim Justice's coal companies — despite tens o…",https://www.instagram.com/reel/DZ5WH4Fiapd/,9050,7698,314,3.47,281,7,13,13,15
X,2026-06-09,,Produced videos,raw scrape,"We hit the streets to hear from real people about the prices they're paying at the pump this summer. The receipts are in, and they're brutal: Under Trump's policies, filling your t…",https://x.com/OfTheBraveUSA/status/2064467578333151486,9005,0,109,1.21,87,1,19,1,0
X,2026-06-05,,HOTB clips,raw scrape,"Fmr FBI Agent Michael Feinberg: ""If the cartels really are terrorists, if we're gonna take them down, we need people in the communities they are destroying to trust us…That is neve…",https://x.com/OfTheBraveUSA/status/2062700940247851301,8971,0,223,2.49,170,1,42,10,0
Instagram,2026-08-10,Week 33,Breaking News,IG reel,"The Trump administration handed Barnard Construction a $1.6 billion contract to build 112.5 miles of border wall in New Mexico, and awarded it without competitive bidding, citing ""…",https://www.instagram.com/reel/Db4ChzZANeb/,8946,7890,365,4.08,297,28,32,8,14
X,2026-06-10,,Other,X analytics export,"Today's CPI report showed inflation up to 4.2%. If it feels like EVERYTHING costs more this summer, you're NOT imagining it. We put these billboards up in 16 states for Sticker Sho…",https://x.com/OfTheBraveUSA/status/2064821150367043900,8919,0,281,3.15,89,3,41,5,0
X,2026-06-03,,General clips,raw scrape,"Rep. Walkinshaw on DHS Secretary Mullins: ""I think his inexperience is shining through. This is someone who never ran a large organization and had no experience with respect to the…",https://x.com/OfTheBraveUSA/status/2062189490710409506,8910,0,202,2.27,168,3,29,2,0
Instagram,2026-06-24,,Breaking News,IG reel,"The president put his own face on a federal building. 

Meanwhile prices keep climbing and there are reports of a multi-billion-dollar deal tied to a war nobody asked for.

""Americ…",https://www.instagram.com/reel/DZ-uVjEEtLf/,8894,8087,155,1.74,125,15,9,6,3
TikTok,2026-08-10,Week 33,Breaking News,Video,"Asked whether Democrats might impeach him again if they retake the House, Trump deflected: ""A lot of people are saying I'm one of the greatest presidents ever."" Punchbowl News repo…",https://www.tiktok.com/@ofthebraveusa/video/7672480151334145293,8882,0,335,3.77,300,8,13,14,0
X,2026-07-22,Week 30,General clips,raw scrape,"Rep. Raskin: ""Typical now of ICE's hiring practices. Bring everybody in, just like Donald Trump's parties. 'We don't care really what your background is. Clothe you with the power …",https://x.com/OfTheBraveUSA/status/2080049729644474391,8849,0,923,10.43,692,2,214,15,0
X,2026-05-28,,General clips,X analytics export,"Rep. Robert Garcia: ""It is a shame that Pam Bondi refused to meet with the survivors. It's a shame that the current Acting Attorney General, Todd Blanche, has done everything to tr…",https://x.com/OfTheBraveUSA/status/2060068084732371269,8839,0,679,7.68,500,6,141,9,0
TikTok,2026-02-11,,News,Video,"Rep. Dan Goldman: ""In an interview last week, Deputy Attorney General Todd Blanche said that any victim who wants to speak with the DOJ has done so. Thanks to the incredibly brave …",https://www.tiktok.com/@ofthebraveusa/video/7605763149999951117,8779,0,643,7.32,536,24,50,33,0
Instagram,2026-08-15,Week 33,Bill Kristol & Tom Joscelyn,IG reel,"Bill Kristol on conditions aboard USS Lincoln: "" People who are close to the military almost can't believe it, it's such a disgrace…They're kind of rattled by the degree of apparen…",https://www.instagram.com/reel/DcEQAO5lOP-/,8760,7096,659,7.52,607,30,8,14,38
X,2026-05-04,,General clips,X analytics export,"Marjorie Taylor Greene: ""Donald Trump proceeded to tell me that it was my fault, and that I deserve it. If my son gets killed, I deserve it because I was a traitor to him. That is …",https://x.com/OfTheBraveUSA/status/2051375053926010971,8760,0,724,8.26,458,19,180,18,0
YouTube,2026-07-07,Week 28,Breaking News,Shorts,Breaking News: New White House Photos Are Insane,https://www.youtube.com/watch?v=BAzIDvrH_L8,8748,569,378,4.32,304,60,14,0,8
X,2026-08-13,Week 33,General clips,X analytics export,"Rep. Auchincloss: ""The Chairman of the Joint Chiefs understands the loss of munitions and troop readiness that this war has caused. But the president is not taking his counsel. He'…",https://x.com/OfTheBraveUSA/status/2087947364145172898,8740,0,366,4.19,267,2,71,4,0
X,2026-07-28,Week 31,General clips,X analytics export,"Kaitlan Collins: ""I don't want it to be about my reaction. I think it's more effective to remind people in those moments, when [Trump] is insulting me or criticizing me…it's import…",https://x.com/OfTheBraveUSA/status/2082133932108067237,8719,0,494,5.67,388,2,60,15,0
X,2026-08-06,Week 32,General clips,X analytics export,"Rep. Crow on the Iran war: ""Every passing week, we have fewer options. We have fewer things to protect our troops in the region, fewer options to assert pressure on Iran, and fewer…",https://x.com/OfTheBraveUSA/status/2085468649654010031,8676,0,250,2.88,175,1,60,1,0
YouTube,2026-08-18,Week 34,Breaking News,Shorts,Breaking News: Trump Truth is Insane,https://www.youtube.com/watch?v=JrE3-Vjn8LI,8645,428,163,1.89,148,9,6,0,13
YouTube,2026-07-16,Week 29,News,Shorts,Blanche Says He'll Resign if Asked to Violate the Constitution | News,https://www.youtube.com/watch?v=iM8VVpKYmHM,8636,338,143,1.66,130,10,3,0,0
Instagram,2026-08-15,Week 33,Breaking News,IG reel,"Attorney General Todd Blanche has a message: touch a federal law enforcement officer, and his DOJ will ""prosecute you to the fullest extent of the law."" 🚔

It's worth holding that …",https://www.instagram.com/reel/DcELVDNieSa/,8618,7669,303,3.52,258,37,2,6,4
X,2026-07-29,Week 31,Newsletter,X analytics export,"""An academic competition is supposed to be different. It’s supposed to be a clear meritocracy. For Aangad, it wasn’t. And ironically, that’s fundamentally un-American."" Read our la…",https://x.com/OfTheBraveUSA/status/2082455867878776978,8586,0,245,2.85,33,0,6,3,0
YouTube,2026-06-13,,Breaking News,Shorts,Breaking News: Kennedy Center Removes Trump's Name,https://www.youtube.com/watch?v=7hNaGhFsBy8,8584,1130,431,5.02,420,7,4,0,19
X,2026-07-28,Week 31,General clips,X analytics export,"GOP Gov. DeWine: ""It doesn't make any sense to take someone who has been here for a long time now…who have established a life, who've been productive members of society, who have d…",https://x.com/OfTheBraveUSA/status/2082111032156160211,8521,0,510,5.99,344,3,107,14,0
Instagram,2026-05-12,,Breaking News,IG reel,"New CNN polling just came out, and its brutal for Trump. 7 in 10 Americans disapprove of how he’s managing the economy, and the other numbers aren’t any better.",https://www.instagram.com/reel/DYPjCfViXSt/,8491,6141,298,3.51,248,39,6,5,10
Instagram,2026-05-17,,Breaking News,IG reel,New reports reveal Kash Patel used an FBI jet for a luxury concert trip while questions grow about who paid for the private flights and expensive suite. Americans deserve answers a…,https://www.instagram.com/reel/DYdSX78Dg6z/,8464,6928,501,5.92,411,47,25,18,7
Instagram,2026-08-13,Week 33,Breaking News,IG reel,"The Department of Homeland Security spent $464 million on planes it isn't using. ✈️

According to the New York Times, DHS bought 10 used aircraft through a no-bid contract to run i…",https://www.instagram.com/reel/Db_AbvOCth9/,8451,7158,250,2.96,228,8,10,4,5
Instagram,2026-07-20,Week 30,Produced Videos,IG reel,"He fought fascism at the Battle of the Bulge. Eighty years later, at 101, he's still defending democracy. This is Bob Hilliard's story.",https://www.instagram.com/reel/DbCO3gdib3D/,8450,6122,2126,25.16,1058,58,846,164,20
X,2026-01-10,,HOTB clips,X analytics export,"""I was a cop for 20 years. I managed to not shoot any innocent people."" Read more from Michael Fanone @OfTheBraveUSA: https://t.co/baeN8LiChp",https://x.com/OfTheBraveUSA/status/2010125569061527868,8439,0,325,3.85,172,2,35,5,0
X,2026-05-26,,Other,raw scrape,"Instead of helping Americans with high gas prices and a soaring cost of living, Donald Trump is prioritizing prediction markets — which his son Don Jr. just happens to be advising …",https://x.com/OfTheBraveUSA/status/2059398003958423860,8420,0,331,3.93,226,6,92,5,0
X,2026-07-31,Week 31,Sarah Matthews,X analytics export,".@SarahAMatthews1: ""The Trump administration is trying to gaslight their voters and tell them everything's fine. Having Kevin Hassett go on the news and say that the economy is ama…",https://x.com/OfTheBraveUSA/status/2083297703383953428,8408,0,268,3.19,177,7,45,4,0
X,2026-02-12,,General clips,X analytics export,"https://t.co/zLRIkKq2xY Rep. Jamie Raskin: ""I think the whole country got to see what extraordinary disrespect the Attorney General of the United States of America has for the rule…",https://x.com/OfTheBraveUSA/status/2021954871927218386,8405,0,1656,19.7,1340,13,257,11,0
YouTube,2026-08-19,Week 34,Breaking News,Shorts,Breaking News: Ballroom Update,https://www.youtube.com/watch?v=lNF2koOvnZg,8395,656,230,2.74,220,9,1,0,6
Instagram,2026-05-19,,Breaking News,IG reel,"A new video reveals the planned White House ballroom will sit atop a military hospital and research facilities and double as a sniper outpost with ""great sniper capacity""—what the …",https://www.instagram.com/reel/DYidEZzDSDG/,8349,6992,203,2.43,145,23,18,17,7
X,2026-06-17,,Sarah Matthews,raw scrape,".@SarahAMatthews1 on the Iran deal: ""I used to work in communications at the White House. You don't dump good news on a Friday. They should want to talk about this today and be tou…",https://x.com/OfTheBraveUSA/status/2067268026765131915,8329,0,221,2.65,191,0,25,4,0
Instagram,2026-08-06,Week 32,Breaking News,IG reel,"President Trump and Defense Secretary Pete Hegseth reportedly had a tense confrontation at Camp David last week over the Iran war. ⚔️

According to the Washington Post, citing two …",https://www.instagram.com/reel/DbtjR_VEUYY/,8306,6539,199,2.4,183,14,0,2,13
X,2026-07-22,Week 30,General clips,X analytics export,"Rep. Raskin: ""Roughly 90% of the 891 people detained at Delaney Hall in April had no criminal record...as billions of dollars of taxpayer money are pocketed by corporations in lavi…",https://x.com/OfTheBraveUSA/status/2080039439661949192,8305,0,1455,17.52,976,6,435,23,0
Instagram,2026-07-13,Week 29,Podcast Promo,IG image,🚨This Tuesday: @prothplz joins @SarahAMatthews1 LIVE on The Home of the Brave Podcast to preview the Senate hearings for AG nominee Todd Blanche and what a Blanche-run DOJ would me…,https://www.instagram.com/p/DavGDrzDdNm/,8294,4551,84,1.01,78,3,1,2,1
Instagram,2026-05-05,,News,IG reel,"Joe Rogan on Jimmy Kimmel's Trump joke: ""Ridiculous… He said that joke on a Thursday. On Friday, nobody gave a shit… No one cared on Saturday until Saturday night when the assassin…",https://www.instagram.com/reel/DX-WbiFgh_5/,8267,6247,144,1.74,113,19,7,5,0
Instagram,2026-03-23,,News,IG reel,"“The answer to unchecked power is not more violence — it’s more people.”

Join former Capitol Police Officer Mike Fanone in the fight against Trump's authoritarian regime by peacef…",https://www.instagram.com/reel/DWPjHz3AclX/,8174,6321,1765,21.59,1502,52,155,56,39
X,2026-08-14,Week 33,Produced videos,X analytics export,Trump says the families of sailors aboard the USS Abraham Lincoln aren't worried about conditions on the ship. The families say otherwise. https://t.co/HEXOYyhPd1,https://x.com/OfTheBraveUSA/status/2088330845987729458,8164,0,337,4.13,204,5,79,6,0
Instagram,2026-05-15,,Breaking News,IG reel,"The Trump admin is building a massive triumphal arch in DC — and they just got caught trying to skip the bidding process entirely. Here's what they don't want you to know.
#trump #…",https://www.instagram.com/reel/DYXsvo2lZ_e/,8137,6439,183,2.25,142,28,10,3,7
X,2026-08-15,Week 33,Tom & Bill,X analytics export,This week's It's Happening Here is a must-listen. @BillKristol and Tom dig into the Christian nationalism currently running the Pentagon and how the institution's moral and profess…,https://x.com/OfTheBraveUSA/status/2088650547133882627,8111,0,103,1.27,18,1,6,0,0
X,2026-06-24,,General clips,raw scrape,"Lindsey Graham (2015) on the JCPOA: "" We've taken the largest state sponsor of terrorism, the people who overran our embassy, who've killed hundreds of Americans, we've given them …",https://x.com/OfTheBraveUSA/status/2069797322196746288,8076,0,99,1.23,67,1,22,9,0
X,2026-08-24,,General clips,X analytics export,"Q: ""The president is threatening 50% tariffs on Canada…What does this get for the U.S.?"" Sen. @ChrisVanHollen: ""Nothing except for more economic pain…Instead, [Trump] should give b…",https://x.com/OfTheBraveUSA/status/2091939256604238082,8074,0,284,3.52,189,0,45,9,0
Instagram,2026-07-24,Week 30,News,IG reel,"Alan Ritchson Lays into Trump Admin For Slow-Walking Epstein File Release

Known for his roles as Jack Reacher and Thad Castle, actor Alan Ritchson, delivered an emotional rant cri…",https://www.instagram.com/reel/DbLbp-PAM09/,8053,7270,458,5.69,333,15,97,13,7
Instagram,2026-07-26,Week 30,Newsletter,IG image,"Trump’s Renovations are Tacky, Garish, and un-American

""The architecturally incongruent design changes are a clear example of his disregard for history. The pile of rubble that wa…",https://www.instagram.com/p/DbQmDBkjdEh/,8049,4946,180,2.24,139,25,4,12,1
X,2026-08-20,Week 34,Other,X analytics export,Worth watching 👇,https://x.com/OfTheBraveUSA/status/2090434061277753722,8042,0,165,2.05,88,3,27,11,0
X,2026-06-04,,Sarah Matthews,raw scrape,".@SarahAMatthews1: ""Americans are so fed up with our politics because of the hypocrisy. Both sides are guilty of making excuses for bad behavior from candidates… We want our childr…",https://x.com/OfTheBraveUSA/status/2062573845605916966,8038,0,98,1.22,85,0,10,3,0
X,2026-07-10,Week 28,Live podcast,raw scrape,Brian Tyler Cohen on Saving Democracy https://t.co/eWkMQucjn9,https://x.com/OfTheBraveUSA/status/2075664094426993115,8036,0,15,0.19,10,0,4,0,0
X,2026-01-06,,General clips,X analytics export,"Officer Winston Pingeon: ""Hundreds of police officers, my friends, fought valiantly to defend the Capitol and our democratic process that day. From the West Front to inside the Cap…",https://x.com/OfTheBraveUSA/status/2008570683488694400,8035,0,673,8.38,446,8,197,18,0
X,2026-05-27,,General clips,raw scrape,"Rep. Moulton: ""Candidly, we don't have a lot of leverage. But what we should do is, first of all, start by putting professional negotiators in charge — not Trump's real estate budd…",https://x.com/OfTheBraveUSA/status/2059712196091764947,7941,0,302,3.8,248,3,48,2,0
TikTok,2026-08-13,Week 33,Breaking News,Video,President Trump is being sued over his plan to sell faster access to his Truth Social posts. The Intercept and the Freedom of the Press Foundation filed a federal lawsuit arguing t…,https://www.tiktok.com/@ofthebraveusa/video/7673586274845969677,7911,0,167,2.11,137,6,5,19,0
Instagram,2026-08-18,Week 34,Breaking News,IG reel,"Trump posted an image to Truth Social today declaring the Strait of Hormuz ""New US Territory."" 🗺️

The graphic circles the strategic waterway between Iran and Oman beneath a large …",https://www.instagram.com/reel/DcMKDlVDZEP/,7897,6888,140,1.77,113,18,5,4,7
Instagram,2026-07-28,Week 31,Breaking News,IG reel,"America's closest ally is voting with its feet, and its wallet. 🇨🇦

According to the Washington Post, Canadian travel to the U.S. fell about 25% in 2025 compared to 2024, the longe…",https://www.instagram.com/reel/DbWC5h6jzvE/,7884,6275,394,5.0,310,73,4,7,15
X,2026-08-18,Week 34,General clips,X analytics export,"Three-time Trump voter expresses her disappointment over the Iran war: ""I would tell him enough. Bring our guys and girls home…He was a 'no war' president, and now we're at war."" h…",https://x.com/OfTheBraveUSA/status/2089830316466725345,7793,0,149,1.91,101,7,16,4,0
Instagram,2026-06-29,Week 27,Breaking News,IG reel,"Trump's newest reported obsession: trees. 🌳

Word is he's fixated on Lafayette Park — right across from the White House — and wants it planted with exactly 47 trees to match his 47…",https://www.instagram.com/reel/DaLOpevjx2l/,7778,6709,57,0.73,51,2,0,4,1
X,2026-06-23,,General clips,raw scrape,"Marco Rubio on Obama's Iran Deal (2015): ""It's an arrangement that, if it goes through, will turn over billions and billions of dollars into the hands of the chief state sponsor of…",https://x.com/OfTheBraveUSA/status/2069567428053680300,7758,0,152,1.96,112,3,29,8,0
Instagram,2026-04-22,,Podcast Promo,IG reel,"Tune in Today for a livestream with Home of the Brave’s Michael Fanone and Sarah Matthews. We’ll be going live on all platforms starting at 12 noon ET.

Michael and Sarah will brea…",https://www.instagram.com/reel/DXb-92Cjt6I/,7754,6037,244,3.15,225,5,4,10,8
TikTok,2026-02-11,,News,Video,"Rep. Crow: "" I have a message for the Trump administration: If you are turning your back on the law, turning your back on the Constitution, cowing to Donald Trump, and abusing the …",https://www.tiktok.com/@ofthebraveusa/video/7605770862997802253,7719,0,537,6.96,464,28,16,29,0
X,2026-05-07,,Sarah Matthews,X analytics export,".@SarahAMatthews1: "" We did an abrupt U-turn on Project Freedom because Trump failed to read [the Saudis] in on his plan, so they revoked access to their air bases. That speaks to …",https://x.com/OfTheBraveUSA/status/2052415660760932679,7675,0,501,6.53,390,1,84,6,0
X,2026-05-13,,Produced videos,raw scrape,"Last week, Trump claimed that Iran had ""18-19%"" of its missile capacity left. Turns out, it was yet another bald-faced lie.",https://x.com/OfTheBraveUSA/status/2054671449089032702,7673,0,111,1.45,72,2,31,6,0
X,2026-07-27,Week 31,General clips,X analytics export,"Q: ""President Zelensky says that Russia is giving Iran satellite imagery of U.S. Bases in the Gulf. What can you do about that?"" Trump: ""We'll find out if that's true. I'll ask Put…",https://x.com/OfTheBraveUSA/status/2081802782600729025,7648,0,99,1.29,39,6,14,2,0
X,2026-05-07,,General clips,X analytics export,"Just yesterday, Trump claimed that Iran's missiles were ""mostly decimated,"" with ""18-19%"" left. Today, Washington Post reported that Iran retains 70% of its prewar missile stockpil…",https://x.com/OfTheBraveUSA/status/2052447211263287406,7639,0,298,3.9,159,13,83,17,0
X,2026-06-24,,General clips,raw scrape,"Sen. Warren on the Bipartisan housing bill: ""We didn't just water everything down. There's a lot of meaningful provisions in here…Republicans were all tweeting about how terrific i…",https://x.com/OfTheBraveUSA/status/2069816340630712434,7624,0,248,3.25,199,0,49,0,0
Instagram,2026-06-24,,Breaking News,IG reel,"Plot twist nobody saw coming. 🏛️

The House and Senate passed a housing bill. The stage was set for Trump to sign it at the Capitol today. Republicans were already on TV touting it…",https://www.instagram.com/reel/DZ-TWmCgJLc/,7622,5734,164,2.15,135,20,3,6,4
X,2026-06-12,,Other,raw scrape,"🚨 BREAKING: Trump said he ""loves the inflation."" So we put up billboards across the country so everyone knows that the administration isn't concerned about bringing down their pric…",https://x.com/OfTheBraveUSA/status/2065472956193546294,7617,0,411,5.4,326,11,72,1,0
X,2026-07-15,Week 29,General clips,raw scrape,"JD Vance on the Trump administration's war of choice with Iran: "" I don't know exactly where this is going to go, but I think fundamentally we are on the right trajectory. It's jus…",https://x.com/OfTheBraveUSA/status/2077479921669038307,7612,0,28,0.37,17,7,2,2,0
Instagram,2026-07-14,Week 29,Breaking News,IG reel,"The Lincoln Memorial Reflecting Pool has been drained again, which has undercut Trump's claim of sabotage. 🪣

He's insisted vandals slashed the pool's new lining, and the alleged ""…",https://www.instagram.com/reel/DayJ9vHkZYh/,7597,6312,306,4.03,256,29,11,10,4
X,2026-08-05,Week 32,HOTB clips,X analytics export,".@harryjsisson: ""What gives me hope is the people who are doing the work silently around the country…The public servants who — despite everything — still get up, one foot in front …",https://x.com/OfTheBraveUSA/status/2085043633984516549,7567,0,272,3.59,206,4,35,6,0
Instagram,2026-02-03,,Sarah Matthews,IG reel,"If President Trump won’t fire Kristi Noem, Congress should impeach her.",https://www.instagram.com/reel/DUT3HiVgq57/,7550,2167,134,1.77,128,3,3,0,1
X,2026-05-13,,Live podcast,raw scrape,"Trump’s ""Counterterrorism"" Charade https://t.co/Jhid0cFQbc",https://x.com/OfTheBraveUSA/status/2054577901383921686,7530,0,27,0.36,17,2,6,1,0
YouTube,2026-06-15,,Breaking News,Shorts,Breaking News: New Epstein Poll,https://www.youtube.com/watch?v=jgBrL4pgccE,7522,718,607,8.07,579,23,5,0,13
Instagram,2026-05-18,,Breaking News,IG reel,"Tova Noel, the corrections officer who was on duty the night Jeffrey Epstein died in 2019 and who told federal investigators she believes she was the last person to see him alive, …",https://www.instagram.com/reel/DYfIzlhDZeH/,7506,6188,350,4.66,287,12,39,12,14
Instagram,2026-08-20,Week 34,Breaking News,IG reel,"Oil prices rose more than 3% today, and the Trump administration's Treasury Secretary says he can't figure out why. 🛢️

The jump came after President Trump threatened Iran with wha…",https://www.instagram.com/reel/DcRrlCggKkS/,7503,6687,330,4.4,271,26,26,7,5
YouTube,2026-08-04,Week 32,Breaking News,Shorts,Breaking News: Blanche Clears Hurdles to Move Forward With AG Nomination,https://www.youtube.com/watch?v=1BGSYZtq_Kk,7499,460,144,1.92,131,10,3,0,2
X,2026-08-12,Week 33,General clips,X analytics export,"Fmr. Acting ICE Dir. Sandweg: ""[ICE] is struggling with use of force, and a lot of that is a byproduct of the reduction in training…Deploying [shock gloves] in an era when we're re…",https://x.com/OfTheBraveUSA/status/2087618672399471034,7488,0,543,7.25,362,6,138,16,0
X,2026-05-27,,General clips,raw scrape,"Rep. Seth Moulton: ""On February 23rd, the strait was open, oil was at $66 a barrel. Inflation was at 2.4%. Now, thanks to the war, thousands of people are dead. Oil is over $100 a …",https://x.com/OfTheBraveUSA/status/2059709083272306695,7471,0,472,6.32,372,8,85,6,0
X,2026-05-22,,Newsletter,raw scrape,"When ICE invaded Maine, Rev. Jane Field and her fellow clergy faced a choice: roll over, or mobilize to protect their immigrant neighbors. Read her firsthand account of how ""The Go…",https://x.com/OfTheBraveUSA/status/2057810985184887015,7431,0,54,0.73,41,3,8,2,0
Instagram,2026-05-21,,Breaking News,IG reel,Agriculture Secretary Brooke Rollins just blamed high beef prices on the MAHA movement—ignoring the administration's own tariffs on agriculture products driving costs up—as the Whi…,https://www.instagram.com/reel/DYneCMUEr1F/,7407,6597,98,1.32,88,7,0,3,1
Instagram,2026-07-24,Week 30,Breaking News,IG reel,"The House has passed a bill banning members of Congress from buying individual stocks, but one person is notably exempt: the president. 📉

The Stop Insider Trading Act passed 232-1…",https://www.instagram.com/reel/DbLvPKXFe9T/,7407,6491,146,1.97,120,13,9,4,2
X,2026-06-18,,Sarah Matthews,raw scrape,".@SarahAMatthews1: "" This 60-day window where we still have to iron out the details on the nuclear provisions…It took the Obama admin two years to negotiate the JCPOA. You're telli…",https://x.com/OfTheBraveUSA/status/2067668005035847964,7399,0,110,1.49,92,0,18,0,0
X,2026-08-20,Week 34,General clips,X analytics export,"Husband of a USS Lincoln sailor: "" Since the war has started, it has shown that America is sadly not the strongest country in the world… It's very disheartening because my father f…",https://x.com/OfTheBraveUSA/status/2090489525390749943,7380,0,107,1.45,52,2,21,2,0
X,2026-07-16,Week 29,HOTB clips,raw scrape,".@PeterTwinklage: ""[Todd Blanche] has made very clear that he has no interest beyond protecting one of the most — no, I'm not even gonna qualify it — the most corrupt jackass to ev…",https://x.com/OfTheBraveUSA/status/2077884509656109403,7325,0,252,3.44,199,1,48,3,0
Instagram,2026-05-09,,Breaking News,IG reel,Donald Trump just announced plans to remake Washington D.C.’s public golf courses — including Langston and Potomac — as part of his broader push to reshape the nation’s capital in …,https://www.instagram.com/reel/DYIRVc8uPEu/,7292,5665,283,3.88,180,54,43,6,4
X,2026-06-12,,General clips,raw scrape,"Donald Trump: "" Remember when [Obama] filled up a 757 with billions of dollars of cash and sent it to Iran?…I realized the presidency is very powerful, when you could put over a bi…",https://x.com/OfTheBraveUSA/status/2065573611746807862,7191,0,100,1.39,71,2,18,7,0
X,2026-05-21,,Live podcast,raw scrape,"EMERGENCY LIVESTREAM: Join us at 10:30 am ET for a full breakdown from @BillKristol and @thomasjoscelyn on the ""anti-weaponization"" slush fund and blatant corruption happening in p…",https://x.com/OfTheBraveUSA/status/2057447594113052935,7159,0,40,0.56,21,5,13,1,0
Instagram,2026-05-18,,Breaking News,IG reel,"While millions of Americans continue to face real pain under this administration, this is what the president is posting on Truth Social: memes claiming he ""ages in reverse.”",https://www.instagram.com/reel/DYf2fryDDUq/,7109,6030,295,4.15,232,54,4,5,8
X,2026-06-18,,Sarah Matthews,raw scrape,".@SarahAMatthews1: ""This administration is trying to gaslight the American people and tell them that we inherited these prices…That's why Home of the Brave launched Sticker Shock S…",https://x.com/OfTheBraveUSA/status/2067689873658499175,7043,0,302,4.29,242,4,54,2,0
Instagram,2026-08-19,Week 34,Breaking News,IG reel,"Trump says the US has ""complete control"" of the Strait of Hormuz and that ""a lot of oil"" is coming through. The shipping data contradicts him. 🛢️

Traffic through the strait, one o…",https://www.instagram.com/reel/DcPKLmFAV1e/,7040,5960,329,4.67,274,43,9,3,3
X,2026-08-12,Week 33,General clips,X analytics export,"Fmr. Acting ICE Dir. Sandweg: ""This [shock] glove issue, I think it's too easy for this to get misused against a population that doesn't pose a threat…When you're targeting mothers…",https://x.com/OfTheBraveUSA/status/2087623364122751329,7036,0,425,6.04,287,5,102,6,0
X,2026-06-24,,General clips,X analytics export,"Sen. Warren: ""Americans across this country look out and say he's made $2 billion on crypto. His kids are out there scamming money off being related to the President of the United …",https://x.com/OfTheBraveUSA/status/2069818380626878756,7016,0,572,8.15,398,2,130,4,0
X,2026-07-14,Week 29,HOTB clips,raw scrape,".@petertwinklage and @SarahAMatthews1 discuss Todd Blanche's confirmation hearing: "" If Blanche tries to dance around proper accountability for these Pillsbury doughboy fascists ju…",https://x.com/OfTheBraveUSA/status/2077170281794142507,6981,0,67,0.96,56,2,9,0,0
YouTube,2026-07-06,Week 28,Breaking News,Shorts,Breaking News: Trump Continues to Promote Dell Products ‚Äî a Company He Invested In,https://www.youtube.com/watch?v=dnWm9XVxB5A,6952,576,278,4.0,250,22,6,0,11
Instagram,2026-08-24,,Breaking News,IG reel,"A new congressional analysis finds that President Trump's oil and gas investments have jumped in value as the war in Iran pushes energy prices higher. 📈

According to the Joint Eco…",https://www.instagram.com/reel/DcbjIV3CQSA/,6947,6261,333,4.79,129,11,191,2,6
Instagram,2026-02-20,,News,IG reel,"Rogan: ""It's too much fucking madness. We're about to go to war with Iran.""",https://www.instagram.com/reel/DVACeNjjv68/,6938,4664,226,3.26,135,60,23,8,0
YouTube,2026-07-03,Week 27,Bill Kristol & Tom Joscelyn,Shorts,Meltdown Over Birthright Ruling w/ Bill Kristol & Tom Joscelyn,https://www.youtube.com/watch?v=Y_JpEWDX-YU,6937,376,142,2.05,131,9,2,0,4
X,2026-06-08,,Newsletter,raw scrape,Breaking News: Home of the Brave JUST launched a $15M Sticker Shock Summer campaign all about how the Trump administration's policies are making YOUR summer more expensive!,https://x.com/OfTheBraveUSA/status/2064045176012628294,6921,0,100,1.44,65,3,26,5,0
X,2026-06-09,,Other,raw scrape,Americans are paying more to hit the road this summer thanks to the Trump admin's war in Iran. That’s why we’re running this billboard across the country as part of our Sticker Sho…,https://x.com/OfTheBraveUSA/status/2064363172484505699,6921,0,243,3.51,169,4,64,2,0
X,2026-06-08,,Other,X analytics export,"We’re starting our campaign by putting these billboards in 16 states across the country, showing exactly how much Trump’s policies are squeezing family budgets this summer — from t…",https://x.com/OfTheBraveUSA/status/2063954321893363985,6904,0,759,10.99,143,5,46,3,0
YouTube,2026-08-15,Week 33,Bill Kristol & Tom Joscelyn,Long-Form,The Dangerous Christian Nationalism at the Heart of DoD w/ Bill Kristol & Tom Joscelyn,https://www.youtube.com/watch?v=vxRvtq9eeAQ,6898,95386,274,3.97,207,47,20,0,50
TikTok,2026-01-24,,News,Video,"Cumberland Co. Sheriff Joyce fumes over ICE arresting his corrections officer recruit in Maine "" The book & the movie do not line up. What I heard from Tom Homan almost a year ago,…",https://www.tiktok.com/@ofthebraveusa/video/7598974192922529038,6888,0,328,4.76,293,6,6,23,0
X,2026-07-15,Week 29,General clips,raw scrape,"Klobuchar: ""Will you commit to continued information-sharing between federal and state investigators in these cases, as well as with regard to the recent [ICE] shootings in Texas a…",https://x.com/OfTheBraveUSA/status/2077401634359927185,6884,0,82,1.19,61,2,14,4,0
Instagram,2026-07-08,Week 28,Breaking News,IG reel,"Trump was just gifted a diamond-encrusted ""Freedom 250"" ring from Belgium's Antwerp diamond industry. 

It's a monument to Trump iconography: two diamond ""T""s, the numbers 45 and 4…",https://www.instagram.com/reel/DajAtXqAqzp/,6874,6120,182,2.65,134,21,14,13,8
X,2026-05-11,,General clips,raw scrape,"FCC Commissioner Anna Gomez commended Disney for standing firm against Trump's attempt to censor Jimmy Kimmel: ""I am encouraged to see that Disney is choosing courage over capitula…",https://x.com/OfTheBraveUSA/status/2053938677902942413,6851,0,218,3.18,174,1,43,0,0
X,2026-06-17,,Other,raw scrape,"""Strongest economy we've ever had."" Meanwhile this summer: gas is up, groceries are up, and your family vacation costs a fortune. Strongest for who?",https://x.com/OfTheBraveUSA/status/2067324529764958486,6848,0,121,1.77,82,2,31,5,0
X,2026-07-15,Week 29,General clips,raw scrape,"JD Vance: ""You actually have to have a very clear objective. Military power can accomplish a clear objective, but you've gotta have that clear objective. You can't just say, 'We're…",https://x.com/OfTheBraveUSA/status/2077484005511811344,6819,0,70,1.03,49,5,10,5,0
Instagram,2026-05-19,,Breaking News,IG reel,"Treasury Department general counsel Brian Morrissey resigned immediately after the administration unveiled its $1.8 billion ""Anti-Weaponization Fund""—a taxpayer-funded pot that cou…",https://www.instagram.com/reel/DYh_6yBCeEC/,6806,5444,263,3.86,229,24,5,5,8
X,2026-06-17,,Sarah Matthews,raw scrape,".@SarahAMatthews1: ""I don't think that they've made a great case for the war to the American people…I agree that we don't want to see Iran acquire a nuclear weapon, but Trump's the…",https://x.com/OfTheBraveUSA/status/2067269285169307724,6788,0,153,2.25,127,2,19,5,0
YouTube,2026-07-15,Week 29,News,Shorts,Todd Blanche Dodges Question About His Relationship With Trump | News,https://www.youtube.com/watch?v=A_31mKYL9hg,6787,341,91,1.34,82,8,1,0,2
X,2026-06-18,,Sarah Matthews,raw scrape,".@SarahAMatthews1: ""Even if this peace deal goes through, we end the war, the strait is open — It's not like the economy is just gonna snap back. That's not how this works…It's goi…",https://x.com/OfTheBraveUSA/status/2067728663982837872,6774,0,66,0.97,48,2,15,1,0
X,2026-07-10,Week 28,HOTB Podcast Promo,raw scrape,".@SarahAMatthews1 is now live with @briantylercohen to talk about his new book ""The Day After"" and what defending democracy actually asks of us right now. Tune in here!",https://x.com/OfTheBraveUSA/status/2075664808276267382,6740,0,16,0.24,13,0,3,0,0
YouTube,2026-05-22,,Breaking News,Shorts,Breaking News: Iran's Latest Move Suggests U.S. Talks Are Far From Done.,https://www.youtube.com/watch?v=7KqTXG080_E,6737,393,510,7.57,487,19,4,0,11
Instagram,2026-08-18,Week 34,Breaking News,IG reel,"The Trump administration has found a new justification for the $400 million White House ballroom. 🏛️

After a federal appeals court ruled that construction couldn't continue withou…",https://www.instagram.com/reel/DcLxBhklSTd/,6716,5933,200,2.98,164,19,15,2,5
YouTube,2026-08-13,Week 33,Breaking News,Shorts,Breaking News: DHS Spent Almost $500M on Planes That They Haven't Even Used,https://www.youtube.com/watch?v=SQ5-y26dykg,6706,571,405,6.04,379,17,9,0,4
YouTube,2026-08-20,Week 34,Breaking News,Shorts,Breaking News: Scott Bessent Says He Doesn't Understand Why Oil Prices Are Rising,https://www.youtube.com/watch?v=y_1ibNlprZQ,6670,1118,356,5.34,331,20,5,0,3
X,2026-05-26,,Newsletter,raw scrape,"""This man is not the Secretary of State. He was not confirmed by the Senate. Not a single ethics official signed his financial disclosure. He appears to answer only to the presiden…",https://x.com/OfTheBraveUSA/status/2059322533367660976,6658,0,177,2.66,113,5,54,3,0
X,2026-06-24,,General clips,raw scrape,"Sen. Graham (2015): ""Does anybody really believe the Iranians will take the billions of dollars that we're about to give them and build hospitals and schools?…Until they stop their…",https://x.com/OfTheBraveUSA/status/2069914716411982269,6649,0,88,1.32,64,4,15,4,0
Instagram,2026-02-20,,News,IG reel,"Donald Trump: ""Our president will start a war with Iran because he has absolutely no ability to negotiate. He's weak and he's ineffective."" (2011)",https://www.instagram.com/reel/DU_7n_OmNhP/,6640,4395,197,2.97,117,26,41,13,5
X,2026-05-26,,General clips,raw scrape,"Rep. Menendez on Delaney Hall detainees: ""These are individuals who have no criminal records. These are mothers, fathers, people who are married to U.S. Citizens, people who have U…",https://x.com/OfTheBraveUSA/status/2059306894351536263,6638,0,273,4.11,203,4,60,6,0
X,2026-07-01,Week 27,Sarah Matthews,raw scrape,".@SarahAMatthews1: ""Millions of Americans across this country are struggling right now in this economy…We were already facing an affordability crisis when Trump came into office. E…",https://x.com/OfTheBraveUSA/status/2072345160936038464,6634,0,105,1.58,82,1,20,2,0
Instagram,2026-06-17,,Breaking News,IG reel,"🟢 The $14M reflecting pool saga keeps getting worse.

After painting the bottom blue, it turned green from algae — and now it's an all-out emergency. The National Park Service is e…",https://www.instagram.com/reel/DZtNNcLkknt/,6623,5072,88,1.33,73,8,3,4,3
X,2026-05-14,,Breaking News,raw scrape,Vance says this the same day the DOJ is set to drop fraud charges against Indian billionaire Gautam Adani. The Trump administration never means what it says.,https://x.com/OfTheBraveUSA/status/2054996048565645392,6595,0,173,2.62,114,3,50,2,0
YouTube,2026-07-08,Week 28,Breaking News,Shorts,Breaking News: Iran Ceasefire Is Over and Oil Prices Are Surging,https://www.youtube.com/watch?v=iituK9p3ukc,6559,455,274,4.18,260,13,1,0,4
YouTube,2026-07-30,Week 31,Breaking News,Shorts,Breaking News: Trump Admin Allows For Data Center Power Plants to Pollute,https://www.youtube.com/watch?v=cugRsLBqKqI,6527,549,509,7.8,492,13,4,0,15
Instagram,2026-02-17,,News,IG reel,"Dave Smith: ""Nothing could vindicate Trump in this. Even if all the files were released and there's no evidence that Donald Trump did anything with girls or young girls or anything…",https://www.instagram.com/reel/DU4O9C8ATnF/,6519,4357,260,3.99,207,14,26,13,8
YouTube,2026-06-08,,Ad,Long-Form,Trump's Sticker Shock Summer | Ad,https://www.youtube.com/watch?v=fK3XldXUsX4,6507,26553,475,7.3,157,18,300,0,39
Instagram,2026-05-17,,Breaking News,IG reel,"Donald Trump just unveiled a new reason for wanting a massive ballroom: China has one. After returning from his trip overseas with billionaires and officials in tow, Trump posted t…",https://www.instagram.com/reel/DYcT_KDEorW/,6501,4848,306,4.71,188,97,15,6,2
Instagram,2026-03-03,,News,IG reel,"Pete Hegseth: "" I've been a recovering neocon for six years now...The foolishness with which we ricocheted around the world intervening, thinking it was in our best interest when r…",https://www.instagram.com/reel/DVcXObSj9Fr/,6484,4744,252,3.89,133,22,61,36,3
X,2026-07-21,Week 30,KOC,X analytics export,Trump's tariffs cost Americans $100 a month on average. So we gave a few of them the chance to win some of it back. How many of these questions can you answer correctly? https://t.…,https://x.com/OfTheBraveUSA/status/2079598774138135038,6482,0,131,2.02,79,1,26,1,0
Instagram,2026-07-07,Week 28,Breaking News,IG reel,"Trump is at the NATO summit in Ankara today. Rather than talk strategy with allies, he revived his aspiration of taking over Greenland.

""Greenland doesn't help Denmark,"" he told r…",https://www.instagram.com/reel/DagtIIDldGp/,6457,5599,86,1.33,68,16,1,1,8
X,2026-08-24,,General clips,X analytics export,"Sen. @ChrisVanHollen: ""The American people are hurting at the pump. Gas prices are around $4 a gallon…And now [Trump] is grossly profiting off of a senseless war that's hurting Ame…",https://x.com/OfTheBraveUSA/status/2091934907891089614,6449,0,59,0.91,33,3,9,2,0
Instagram,2026-07-07,Week 28,Breaking News,IG reel,The Trump administration is weighing a rollback of federal gun regulations. This includes proposed rules that would allow firearms to be purchased entirely online and loosen restri…,https://www.instagram.com/reel/DagYjQwALW2/,6440,5808,63,0.98,48,6,5,4,7
X,2026-04-30,,General clips,X analytics export,"Sen Slotkin: ""The administration has taken military action in 10 different places in the world…The difference with this war with Iran, is that the American public is feeling it in …",https://x.com/OfTheBraveUSA/status/2049910403044606087,6440,0,216,3.35,123,17,25,4,0
Instagram,2026-06-26,,Breaking News,IG reel,"The Great American State Fair is reportedly off to a rough start. 🍦

In this clip you can hear what sounds like someone saying the power went out — and the original post claimed al…",https://www.instagram.com/reel/DaDPc5JAdGn/,6434,5347,193,3.0,169,14,1,9,9
YouTube,2026-05-15,,Breaking News,Shorts,Breaking News: Trump is Building Arch,https://www.youtube.com/watch?v=uqEjTI5gcW8,6432,676,343,5.33,333,8,2,0,13
X,2026-06-04,,Sarah Matthews,raw scrape,".@SarahAMatthews1 on Bill Pulte's DNI appointment: ""He has one qualification, which is blind loyalty. That's exactly what Trump wants in that role. He doesn't care about national s…",https://x.com/OfTheBraveUSA/status/2062572021800714664,6422,0,110,1.71,78,1,26,5,0
YouTube,2026-07-28,Week 31,Breaking News,Shorts,Breaking News: Canadian Travel to the US Fell 25% in 2025 Due to Trump's Rhetoric,https://www.youtube.com/watch?v=aW2jNERkpAw,6422,462,452,7.04,417,29,6,0,9
X,2026-08-04,Week 32,General clips,X analytics export,"Senator Booker: ""I think this committee should pass a law that no children of presidents should be able to grift off their parents' office. To me, it is ridiculous the corruption t…",https://x.com/OfTheBraveUSA/status/2084650461953401041,6394,0,828,12.95,632,12,154,4,0
YouTube,2026-06-17,,Breaking News,Shorts,Breaking News: Bleach Not Working,https://www.youtube.com/watch?v=DN7Dg6jFsec,6382,653,226,3.54,202,19,5,0,2
X,2026-04-22,,HOTB clips,X analytics export,"Michael Fanone: ""It's embarrassing to watch the president of the United States change his position on this war multiple times within a 24 hour news cycle…At what point are we gonna…",https://x.com/OfTheBraveUSA/status/2047011542097367375,6367,0,385,6.05,308,2,50,5,0
X,2026-08-03,Week 32,Other,X analytics export,War budget? ⬆️ Your budget? ⬇️ We put up this billboard in 16 states to educate Americans about this administration’s priorities. https://t.co/JmqLlGyZx7,https://x.com/OfTheBraveUSA/status/2084353437630668908,6367,0,202,3.17,104,2,31,0,0
Instagram,2026-05-13,,Breaking News,IG reel,Trump's reflecting pool dramas gets even worse after he lied about not knowing the contractor hired to do the job.,https://www.instagram.com/reel/DYSB99aCZbn/,6346,4380,289,4.55,251,15,11,12,8
YouTube,2026-07-30,Week 31,Breaking News,Shorts,Breaking News: Trump Admin Asks Congress for $10M to Cover Freedom 250 Events,https://www.youtube.com/watch?v=D3JkShYfg3M,6344,497,367,5.78,336,25,6,0,3
YouTube,2026-07-31,Week 31,Home of the Brave Podcast,Long-Form,Todd Blanche’s Nomination in Chaos With Aaron Parnas  | Home of the Brave Podcast,https://www.youtube.com/watch?v=GNKZHQxnmuI,6344,105097,607,9.57,568,30,9,0,89
X,2026-07-08,Week 28,Other,raw scrape,"Vacation, electricity, gas, and groceries — why does all of it cost more this summer? Our new Times Square billboard shows Americans who's behind these soaring expenses.",https://x.com/OfTheBraveUSA/status/2074890057559707832,6321,0,153,2.42,109,4,38,2,0
X,2026-06-09,,General clips,raw scrape,"Rep. Jason Crow: ""It's tone deaf for Donald Trump to say something like 'they're perfectly safe'…There are over 50,000 service members over there. There are active combat operation…",https://x.com/OfTheBraveUSA/status/2064369092669145286,6315,0,297,4.7,245,1,49,2,0
TikTok,2026-03-05,,Produced Videos,Video,Meet the new Secretary of Homeland Security Markwayne Mullin:,https://www.tiktok.com/@ofthebraveusa/video/7613918289034530079,6296,0,569,9.04,314,33,183,39,0
X,2026-05-27,,General clips,raw scrape,"Rep. Smith: ""Trump dragged us into this war with no idea where it was going…We've seen the cost. 14 service members killed, hundreds wounded, thousands of civilians killed. The glo…",https://x.com/OfTheBraveUSA/status/2059630094893621397,6290,0,395,6.28,301,0,88,6,0
X,2026-08-06,Week 32,General clips,X analytics export,"Kyle Simon of the Home Care Assoc. of FL on how eliminating Haitian migrants' TPS impacts home health care: ""Florida can not absorb a sudden caregiver loss as it is, especially in …",https://x.com/OfTheBraveUSA/status/2085369356012155042,6231,0,170,2.73,110,5,40,6,0
Instagram,2026-05-22,,Breaking News,IG reel,"Days before Memorial Day, Trump waved off the 13 Americans lost in his war of choice with Iran—""somebody else would have lost 100,000 people""—reducing 13 grieving families to a tal…",https://www.instagram.com/reel/DYpghu-FsPI/,6229,5376,311,4.99,226,65,12,8,15
X,2026-05-13,,General clips,raw scrape,"Rep. Garcia on Pam Bondi: ""We need a commitment from Chairman Comer that this interview is live, videotaped and released to the American public…We expect her to answer why only 50%…",https://x.com/OfTheBraveUSA/status/2054573126906765704,6226,0,508,8.16,418,1,82,7,0
X,2026-02-14,,General clips,X analytics export,"Tim Dillon mocks Pam Bondi: ""The Dow is up. Who cares that [Epstein] kidnapped kids and took them to an island to abuse them. The Dow is up."" https://t.co/n0ReT6w17T",https://x.com/OfTheBraveUSA/status/2022736541983084656,6181,0,296,4.79,205,6,48,7,0
Instagram,2026-02-10,,News,IG reel,"Rogan: ""The FBI concluded Jeffrey Epstein wasn't running a sex trafficking ring for powerful men, files show.""

HHS Sec. RFK Jr.'s wife Cheryl Hines: ""That's uh…""

Rogan: ""That's t…",https://www.instagram.com/reel/DUmShqSEV8T/,6125,4496,226,3.69,163,27,17,19,0
Instagram,2026-02-10,,News,IG reel,"Sen. Merkley to Howard Lutnick: ""I can hear the angst in your voice over the Epstein files. The reason people are bothered is because last year you said you had cut off all contact…",https://www.instagram.com/reel/DUmHMO5CXTQ/,6120,4670,308,5.03,256,16,6,30,14
X,2026-07-15,Week 29,General clips,X analytics export,"Sen. Coons: ""If you're confirmed and you're asked to take an action you believe to be illegal or unethical, would you resign? Todd Banche: ""That will never happen. But yes, if it w…",https://x.com/OfTheBraveUSA/status/2077414858455126197,6105,0,110,1.8,38,27,9,5,0
Instagram,2026-01-06,,Sarah Matthews,IG reel,"""We cannot forget what happened five years ago, because we cannot allow it to ever happen again.""

Sarah Matthews on why telling her first-hand account of the events of January 6th…",https://www.instagram.com/reel/DTMA-adgNtl/,6101,4980,612,10.03,410,0,157,45,18
X,2026-05-12,,General clips,raw scrape,"Rep. James Walkinshaw: ""There are a handful of Republicans on our committee and in Congress who have courageously put [the Epstein] survivors ahead of protecting the [Trump] admini…",https://x.com/OfTheBraveUSA/status/2054251759464337533,6096,0,549,9.01,451,3,91,3,0
Instagram,2026-05-29,,Breaking News,IG reel,NYT reported that the Trump administration will send Iran a $300 billion investment fund as part of the deal to end the war and reopen the Strait of Hormuz. #BreakingNews,https://www.instagram.com/reel/DY7WDolCYuO/,6090,4837,160,2.63,77,17,61,5,5
X,2026-05-20,,Breaking News,raw scrape,"Trump's new Bureau of Land Management director, Steve Pierce, is an oil millionaire who doesn't believe national parks should exist, led rallies against endangered species protecti…",https://x.com/OfTheBraveUSA/status/2056889015022837989,6080,0,1239,20.38,628,21,531,48,0
X,2026-07-31,Week 31,HOTB clips,X analytics export,".@AaronParnas: ""I think my biggest concern really is the weaponization of DOJ…Confirming Blanche as Attorney General will open the floodgates for the DOJ to go after the president'…",https://x.com/OfTheBraveUSA/status/2083269678600786236,6055,0,186,3.07,131,1,32,2,0
YouTube,2026-03-04,,News,Shorts,"Hegseth in 2024: ""I've Been a Recovering NeoCon for 6 Years"" | News",https://www.youtube.com/watch?v=Hup15FCVUiU,6050,2272,179,2.96,71,18,90,0,1
YouTube,2026-07-08,Week 28,Breaking News,Shorts,Breaking News: Trump Won't Stop Talking About Greenland at NATO Summit,https://www.youtube.com/watch?v=8ogys1-UIww,6042,583,226,3.74,212,13,1,0,9
X,2026-07-04,Week 27,Tom & Bill,raw scrape,"Tom Joscelyn: ""Not too long ago, there was this whole right-wing paranoia about woke cancel culture. Whatever that was, it's dead. There's no woke cancel culture anymore because th…",https://x.com/OfTheBraveUSA/status/2073459556206649696,6028,0,61,1.01,45,1,11,4,0
X,2026-08-20,Week 34,General clips,X analytics export,"Colorado Attorney General Phil Weiser: ""This administration continues to peddle conspiracy theories about elections — they're lies…The president has said that Colorado's mail-in ba…",https://x.com/OfTheBraveUSA/status/2090452718200439083,6021,0,361,6.0,253,2,85,5,0
X,2026-06-04,,Live podcast,raw scrape,Livestream: The Trumpification of the DOJ https://t.co/vOhOdzLCys,https://x.com/OfTheBraveUSA/status/2062534851354612046,6007,0,10,0.17,7,0,2,0,0
Instagram,2026-05-18,,Breaking News,IG reel,"A new New York Times/Siena poll shows Trump's approval at 37%—the lowest of either of his two terms, 22 points underwater overall, 31 points underwater on the economy, and 42 point…",https://www.instagram.com/reel/DYe2OCDGjNM/,5991,5132,296,4.94,235,34,24,3,11
X,2026-08-17,Week 34,General clips,X analytics export,".@RepBrendanBoyle: ""[Trump] just wants to be able to throw fancy parties for the billionaire class that he hangs out with at Mar-a-Lago…At a time in which we have an affordability …",https://x.com/OfTheBraveUSA/status/2089406164337401902,5990,0,267,4.46,178,1,70,4,0
Instagram,2026-07-30,Week 31,Breaking News,IG reel,"The Trump administration wants Congress to approve another $10 million for its 250th anniversary events. 🎆

The request, revealed by Sen. Jeff Merkley, the top Democrat on the Sena…",https://www.instagram.com/reel/DbbjWD8j4Oq/,5980,4935,185,3.09,128,20,35,2,2
YouTube,2026-07-09,Week 28,Breaking News,Shorts,Breaking News: White House Puts Tarp Over Scaffolding,https://www.youtube.com/watch?v=NQRBrqs1lok,5962,545,184,3.09,153,30,1,0,2
X,2026-07-15,Week 29,Produced videos,raw scrape,"We're running a version of this ad on primetime Fox News this week, because we believe all Americans deserve to know about Todd Blanche's record on Jeffrey Epstein. Tell your Senat…",https://x.com/OfTheBraveUSA/status/2077382696204910822,5943,0,104,1.75,66,1,34,2,0
YouTube,2026-08-15,Week 33,Social Ads,Shorts,"The Trump administration is calling this ""America's golden age.""  | Social Ads",https://www.youtube.com/watch?v=e0t3TCwEg0U,5926,475,215,3.63,175,17,23,0,0
YouTube,2026-05-12,,News,Shorts,James Comey on Trump's Inner Circle | News,https://www.youtube.com/watch?v=aZ7-0I7T8m0,5900,592,182,3.08,166,3,13,0,8
Instagram,2026-08-05,Week 32,Breaking News,IG reel,"Trump has ordered a do-over on the White House helipad because he doesn't like the way it looks. 🚁

According to the Washington Post, the president grew frustrated that the new lan…",https://www.instagram.com/reel/Dbqj3NmAXfM/,5878,4724,296,5.04,200,50,36,10,9
X,2026-08-14,Week 33,General clips,X analytics export,".@SenBlumenthal on the USS Lincoln: ""What we see right now is a lack of sufficient supplies — basic necessities like toothpaste, soap, clean water, and even food. That is a betraya…",https://x.com/OfTheBraveUSA/status/2088283237881672102,5876,0,347,5.91,231,4,74,5,0
X,2026-08-20,Week 34,Newsletter,X analytics export,Learn more: https://t.co/bmou8tXiKA,https://x.com/OfTheBraveUSA/status/2090540723179274469,5860,0,577,9.85,143,2,35,5,0
TikTok,2026-03-02,,News,Video,"JD Vance in 2024: "" Our interest, I think, very much is in not going to war with Iran.  It would be a huge distraction of resources. It would be massively expensive to our country.…",https://www.tiktok.com/@ofthebraveusa/video/7612834935107259662,5801,0,156,2.69,119,10,19,8,0
YouTube,2026-06-27,,Bill Kristol & Tom Joscelyn,Long-Form,Trump Is Spiraling Over 2026 w/ Bill Kristol & Tom Joscelyn,https://www.youtube.com/watch?v=Xv7BnTkXCCY,5785,98603,164,2.83,126,22,16,0,29
X,2026-03-03,,General clips,X analytics export,"Sen. Ruben Gallego on Iran briefing: ""I still don't know what the endgame is. There still is no clear indication. What is success? What is victory?…I think the American public has …",https://x.com/OfTheBraveUSA/status/2028953694738305532,5783,0,206,3.56,157,2,28,5,0
X,2026-01-23,,General clips,X analytics export,"Not even law enforcement officers are safe from ICE's dragnet. Cumberland County Sheriff Kevin Joyce: "" I can confirm last night around 5PM-6PM that ICE arrested one of our correct…",https://x.com/OfTheBraveUSA/status/2014787562615775555,5781,0,533,9.22,358,12,101,12,0
X,2026-07-24,Week 30,General clips,X analytics export,Actor Alan Ritchson lays into the Trump administration for slow-walking the Epstein file release: https://t.co/o5NZN9rBBE,https://x.com/OfTheBraveUSA/status/2080650894241051007,5777,0,176,3.05,122,3,29,8,0
X,2026-06-08,,Other,X analytics export,Learn more about our campaign and how you can get involved here! https://t.co/R8VBRcdCmB,https://x.com/OfTheBraveUSA/status/2064125110357815420,5752,0,376,6.54,95,2,36,8,0
X,2026-07-30,Week 31,HOTB Podcast Promo,X analytics export,"🎙️ LIVE today, Thursday 12pm ET: The Home of the Brave Podcast. Sarah Matthews and Aaron Parnas break down Todd Blanche's stalled hearing, the ICE surge into new cities, and the Fa…",https://x.com/OfTheBraveUSA/status/2082820993655902341,5748,0,66,1.15,26,1,8,0,0
X,2026-05-18,,Breaking News,raw scrape,"Donald Trump just dropped his $10 billion lawsuit against the IRS in exchange for a $1.8 billion taxpayer-funded ""Anti-Weaponization Fund"" that will pay out to people who claim the…",https://x.com/OfTheBraveUSA/status/2056438555979706497,5726,0,88,1.54,54,8,21,4,0
X,2026-02-11,,General clips,X analytics export,"Rep. Steve Cohen: ""ICE is running rampant and you are not investigating. When they killed Mr. Pretti and Ms. Good, that was an execution, and you did not investigate it…They were e…",https://x.com/OfTheBraveUSA/status/2021621322376188022,5719,0,495,8.66,344,3,94,5,0
X,2026-08-13,Week 33,Produced videos,X analytics export,"He was hired to protect the American public's health. Instead, he's destroying the American public's trust. https://t.co/V3nAjXJuh1",https://x.com/OfTheBraveUSA/status/2087910366650990746,5718,0,203,3.55,137,7,43,4,0
Instagram,2026-07-27,Week 31,Breaking News,IG reel,"Over the weekend, President Trump published a barrage of AI-generated images on Truth Social, reportedly firing off more than a dozen in just a few hours. 📱

The posts included a S…",https://www.instagram.com/reel/DbTV-XIlIQj/,5716,4764,263,4.6,220,33,4,6,10
X,2026-06-19,,Live podcast,X analytics export,LIVE NOW with Bob Kagan and @SarahAMatthews1!,https://x.com/OfTheBraveUSA/status/2068031730187907227,5713,0,20,0.35,12,0,1,1,0
YouTube,2026-02-11,,News,Shorts,Ted Lieu Accuses Pam Bondi of Lying Under Oath | News,https://www.youtube.com/watch?v=t5Ue5UlVTMo,5711,615,109,1.91,101,8,0,0,9
Instagram,2026-07-15,Week 29,Breaking News,IG reel,"Trump reposted an AI-edited image to Truth Social showing himself displaying a map to world leaders with the American flag draped over Canada, Greenland, and Venezuela. 🗺️

The ima…",https://www.instagram.com/reel/Da0Ku8eHCxk/,5710,4880,68,1.19,53,8,3,4,5
X,2026-08-18,Week 34,General clips,X analytics export,"Gov. Shapiro: ""In Trump's world, if you don't think, look, or vote like him, then you don't count as much in America. He wants to make it harder for you to vote. I will always stan…",https://x.com/OfTheBraveUSA/status/2089835844249256340,5710,0,166,2.91,119,2,27,3,0
X,2026-06-08,,Newsletter,raw scrape,"Under the Trump administration, your summer vacation is WAY more expensive! This video ad is running as a part of Home of the Brave's new Sticker Shock Summer campaign to educate t…",https://x.com/OfTheBraveUSA/status/2064071423618941313,5709,0,108,1.89,69,3,32,4,0
X,2026-07-31,Week 31,General clips,X analytics export,"Donald Trump: ""We heard in Minnesota there was a cyber attack and they blame it on Iran. I don't think so. I blame it on Minnesota because they're grossly incompetent."" https://t.c…",https://x.com/OfTheBraveUSA/status/2083215975478927517,5683,0,102,1.79,29,10,17,3,0
Instagram,2026-04-08,,Other,IG image,"Trump started a war with Iran, destroyed the economy, raised gas prices, and cost American lives.

After the ""deal,"" we're now left worse off than before the war started.

Do you h…",https://www.instagram.com/p/DW4HHjhjkd2/,5643,4626,21,0.37,17,0,3,1,6
Instagram,2026-08-13,Week 33,Breaking News,IG reel,"President Trump is facing a federal lawsuit over his plan to sell faster access to his own Truth Social posts. ⚖️

The Intercept and the Freedom of the Press Foundation sued Trump …",https://www.instagram.com/reel/Db_ZOx4DKh-/,5637,4869,134,2.38,128,5,0,1,1
Instagram,2026-06-16,,Breaking News,IG reel,The White House posted a photo claiming the DC reflecting pool 'wows' in blue after Trump's renovations — but a community note flagged it was actually green at the time. Blue or gr…,https://www.instagram.com/reel/DZqLRdjF4H5/,5629,4692,110,1.95,97,9,1,3,1
Instagram,2026-08-11,Week 33,Breaking News,IG reel,"President Trump appeared to nod off during an Oval Office event on Monday, eyes closed in a moment that quickly went viral. 😴

Trump was there to sign an executive order cutting th…",https://www.instagram.com/reel/Db6Q5EhkSl2/,5628,4891,162,2.88,150,10,0,2,4
X,2026-03-26,,General clips,X analytics export,"Trump: ""I don't want to drive housing prices down. I want to drive housing prices up for people who own their homes."" https://t.co/3XUNrHRhUh",https://x.com/OfTheBraveUSA/status/2037211728145174862,5616,0,122,2.17,65,3,18,7,0
X,2026-02-28,,General clips,X analytics export,"Trump on Iran in 2012: ""You could make a much better deal than war, but it may be good politics."" https://t.co/nnRI21gfdn",https://x.com/OfTheBraveUSA/status/2027845756074299403,5605,0,180,3.21,107,1,43,19,0
X,2026-07-19,Week 29,Tom & Bill,X analytics export,".@BillKristol on ICE: ""They want to make people scared — scared of the government and scared especially of the agents who are loyal to Donald Trump in the government…They want a sc…",https://x.com/OfTheBraveUSA/status/2078640761357132088,5588,0,438,7.84,307,4,100,8,0
X,2026-07-04,Week 27,Tom & Bill,raw scrape,"Tom Joscelyn on right-wing criticisms of SCOTUS Justices post-birthright ruling: ""None of this has anything to do with birthright citizenship in the least, right? This is basically…",https://x.com/OfTheBraveUSA/status/2073535018006151169,5575,0,59,1.06,49,2,4,3,0
X,2026-08-13,Week 33,General clips,X analytics export,"Rep. Auchincloss: ""When [service members] deploy, they understand that they're going to have to yield personal comfort towards a higher purpose. But they deserve a clearly articula…",https://x.com/OfTheBraveUSA/status/2087943631357272157,5568,0,264,4.74,190,4,57,3,0
X,2026-05-05,,General clips,X analytics export,"Rep. Pat Ryan on the war in Iran: ""The situation continues to escalate…The inability or unwillingness of Hegseth and Trump to acknowledge the reality is a real problem, because how…",https://x.com/OfTheBraveUSA/status/2051661944374112428,5564,0,98,1.76,55,1,22,3,0
YouTube,2026-02-19,,News,Shorts,Saagar Enjeti on Trump's Relationship with Epstein | News,https://www.youtube.com/watch?v=ayre9DCGyOw,5564,1467,143,2.57,136,0,7,0,6
X,2026-02-11,,General clips,X analytics export,"Rep. Ross: ""Your own DOJ employee…advises on pardons. Do you think he will be advising Mr. Trump on any sort of clemency or pardon for Ghislaine Maxwell?"" Pam Bondi: ""I am not goin…",https://x.com/OfTheBraveUSA/status/2021659966629990699,5554,0,120,2.16,65,2,24,3,0
X,2026-07-12,Week 28,Tom & Bill,raw scrape,"Tom Joscelyn: ""Trump said he was gonna have the largest deportation scheme in history. You can't do that without rounding up the Lorenzo Araujos of the world…You can't have the lar…",https://x.com/OfTheBraveUSA/status/2076109556367712686,5535,0,272,4.91,202,1,66,3,0
YouTube,2026-08-03,Week 32,Breaking News,Shorts,Breaking News: Trump Might Fire Jean Pirro Over Dropped Charges Against Canoeist,https://www.youtube.com/watch?v=Ol9Wclp3D9M,5530,346,336,6.08,316,16,4,0,4
X,2026-05-26,,General clips,X analytics export,"Rep. Menendez on Delaney Hall ICE facility: ""The conditions continue to plague this facility, whether it's the health care treatment of individuals in there, whether it's the food …",https://x.com/OfTheBraveUSA/status/2059306484509351940,5522,0,125,2.26,73,8,27,2,0
Instagram,2026-05-18,,Breaking News,IG reel,"The president dropped his $10 billion IRS lawsuit in exchange for the DOJ creating a $1.8 billion taxpayer-funded ""Anti-Weaponization Fund"" that pays out to people claiming they we…",https://www.instagram.com/reel/DYfV1ylCcpV/,5515,4802,204,3.7,182,8,3,11,6
X,2026-05-29,,General clips,raw scrape,"Rep. Garcia: ""Ms. Bondi claims to have no knowledge of [Ghislaine Maxwell's] actual transfer, no knowledge that it was a less secure prison, and didn't know about it until she foun…",https://x.com/OfTheBraveUSA/status/2060401300567707806,5512,0,275,4.99,212,10,49,3,0
YouTube,2026-08-11,Week 33,Breaking News,Shorts,Breaking News: Donald Trump Admits There Is No Video Evidence of Vandalism at Reflecting Pool,https://www.youtube.com/watch?v=PRfksX5TgTQ,5506,489,352,6.39,340,8,4,0,0
YouTube,2026-08-20,Week 34,Breaking News,Shorts,Breaking News: Park Service Employee Warned Admin That Reflecting Pool Peeling Was Contractor Error,https://www.youtube.com/watch?v=mopow8OcoU0,5500,1029,490,8.91,460,25,5,0,8
Instagram,2026-01-06,,Newsletter,IG image,Today marks the five year anniversary since January 6. Five years since I was beaten and tased by a Trump-incited mob while defending the United States Capitol. Five years since th…,https://www.instagram.com/p/DTL9hwlDlLd/,5493,3397,375,6.83,354,5,6,10,5
YouTube,2026-07-16,Week 29,Breaking News,Shorts,Breaking News: WaPo Analysis Shows Vandalism Did Not Cause Reflecting Pool Mishaps,https://www.youtube.com/watch?v=_FHA7hh-CAk,5426,502,464,8.55,456,6,2,0,2
Instagram,2026-03-27,,News,IG reel,"Dropkick Murphys' Ken Casey: ""Home of the Brave is trying to offer a platform for people to tell their stories about how they were personally affected [by the Trump admin]…It's a h…",https://www.instagram.com/reel/DWZ9Q4FioML/,5382,4827,89,1.65,78,0,3,8,12
Instagram,2026-05-18,,Breaking News,IG reel,"While Americans pay more for gas and groceries and continue suffering through the war in Iran, this is what the president is posting on Truth Social: AI-generated images of himself…",https://www.instagram.com/reel/DYfowBfjFaw/,5365,4365,297,5.54,203,51,35,8,8
X,2026-06-10,,Sarah Matthews,raw scrape,".@SarahAMatthews1: ""It was so condescending and misogynistic, but it's not all that surprising when it comes from Donald Trump…We saw it in that interview with Kristen Welker. We s…",https://x.com/OfTheBraveUSA/status/2064812349848969547,5330,0,323,6.06,265,3,50,5,0
Instagram,2026-03-26,,Other,IG carousel,"Yesterday, nearly 300 newspapers across the country are running our ads, encouraging Americans to peacefully protest at their local #NoKings event on March 28th",https://www.instagram.com/p/DWXRb-UDv_3/,5321,4196,71,1.33,61,0,7,3,0
YouTube,2026-07-18,Week 29,Bill Kristol & Tom Joscelyn,Long-Form,Trump Is Already Planning to Interfere in 2026 w/ Bill Kristol & Tom Joscelyn,https://www.youtube.com/watch?v=YPczFxfv2EE,5320,80408,244,4.59,198,32,14,0,57
X,2026-06-28,,Tom & Bill,raw scrape,".@BillKristol on Pulte's appointment: ""He doesn't mention Russia, China. We're in the middle of a war with Iran…Instead it's all about the election. It's part of the election subve…",https://x.com/OfTheBraveUSA/status/2071021159391379658,5316,0,325,6.11,226,2,93,3,0
X,2026-05-28,,General clips,raw scrape,"Rep. Robert Garcia: ""Pam Bondi is no longer the AG, but certainly she was at the center of an enormous amount of weaponization and corruption at the Department of Justice…The weapo…",https://x.com/OfTheBraveUSA/status/2060069594757284064,5313,0,210,3.95,161,2,45,2,0
TikTok,2026-07-24,Week 30,News,Video,"Alan Ritchson Lays into Trump Admin For Slow-Walking Epstein File Release Known for his roles as Jack Reacher and Thad Castle, actor Alan Ritchson, delivered an emotional rant crit…",https://www.tiktok.com/@ofthebraveusa/video/7666097969371811085,5310,0,285,5.37,199,17,51,18,0
X,2026-06-04,,Live podcast,raw scrape,LIVE NOW! 🚨🚨🚨 Former FBI Special Agent Michael Feinberg sits down with Home of the Brave's Mike Fanone to discuss the Trumpification of the DOJ!,https://x.com/OfTheBraveUSA/status/2062535933472186596,5306,0,39,0.74,26,0,13,0,0
Instagram,2026-08-03,Week 32,Breaking News,IG reel,"Trump is now publicly fighting his own Justice Department over the Reflecting Pool. 🌊 

US Attorney Jeanine Pirro — a Trump appointee and former Fox News host — moved Friday to dro…",https://www.instagram.com/reel/Dbli0W2kV8T/,5300,4551,86,1.62,80,3,1,2,0
YouTube,2026-07-21,Week 30,Breaking News,Shorts,Breaking News: Trump Admin Sought NYT Reporters' Phone Records to Identify Their Sources,https://www.youtube.com/watch?v=BUxa_HqC8sw,5294,325,403,7.61,389,11,3,0,18
X,2026-05-19,,Breaking News,raw scrape,Donald Trump just revealed his White House ballroom will sit on top of a military hospital and research facility — and the ballroom itself will serve as a sniper outpost. He's brag…,https://x.com/OfTheBraveUSA/status/2056876431771099493,5254,0,276,5.25,176,24,68,4,0
X,2026-07-15,Week 29,Other,X analytics export,"Booker: Did your interview with Ms. Maxwell lead to a single additional person being charged, yes or no? Blanche: No. Booker: Did it lead to a single new investigation, yes or no? …",https://x.com/OfTheBraveUSA/status/2077435334149750961,5249,0,144,2.74,94,3,20,6,0
X,2026-06-23,,IHH Podcast Promo,raw scrape,".@BillKristol on Ghislaine Maxwell's transfer: ""This is just a purely political operation which the Deputy AG is personally handling for Donald Trump."" Watch the first episode of I…",https://x.com/OfTheBraveUSA/status/2069435394098102385,5246,0,102,1.94,84,0,17,1,0
YouTube,2026-06-19,,Home of the Brave Podcast,Long-Form,Checkmate in Iran | Home of the Brave Podcast,https://www.youtube.com/watch?v=cK5JkeN_Nz8,5235,55302,194,3.71,115,40,39,0,70
X,2026-05-14,,HOTB clips,raw scrape,".@thomasjoscelyn: ""They wanna say that Antifa is an organization that has a real structure, and that it's supported by the broader Democrat left…Therefore they can go after the Dem…",https://x.com/OfTheBraveUSA/status/2054923846818336992,5215,0,62,1.19,42,4,13,3,0
X,2026-06-20,,IHH Podcast Promo,X analytics export,"Introducing Home of the Brave’s newest weekly podcast series: It’s Happening Here — hosted by @BillKristol and Tom Joscelyn. Our first episode covers Trump’s AG nominee, Todd Blanc…",https://x.com/OfTheBraveUSA/status/2068354219082420575,5212,0,85,1.63,18,1,9,1,0
YouTube,2026-05-15,,Breaking News,Shorts,Breaking News: Kash Patel Lied about Snorkeling Trip,https://www.youtube.com/watch?v=9dzUz_DQZQQ,5206,448,407,7.82,376,24,7,0,13
Instagram,2026-02-11,,News,IG reel,"Rep. Dan Goldman: ""In an interview last week, Deputy Attorney General Todd Blanche said that any victim who wants to speak with the DOJ has done so. Thanks to the incredibly brave …",https://www.instagram.com/reel/DUoxpR7lEi4/,5195,3913,398,7.66,306,6,61,25,6
X,2026-05-29,,General clips,raw scrape,"Survivor Liz Stein: ""For survivors, this has never been about politics...It's about whether the United States Department of Justice is willing to fully confront a massive sex traff…",https://x.com/OfTheBraveUSA/status/2060395141018349702,5156,0,614,11.91,450,17,135,10,0
Instagram,2026-05-14,,Breaking News,IG reel,"The DOJ is set to drop fraud and bribery charges against Indian billionaire Gautam Adani after he hired one of Trump's personal attornies, Robert Giuffra. In a presentation to the …",https://www.instagram.com/reel/DYVNCBcFbaz/,5154,4324,310,6.01,229,24,42,15,11
Instagram,2026-07-23,Week 30,Breaking News,IG reel,"Most Americans are not on board with President Trump's Washington building projects, according to new polling. 🏛️

A Washington Post-Ipsos survey of more than 2,600 U.S. adults ask…",https://www.instagram.com/reel/DbJBCttiSjN/,5142,4481,46,0.89,39,0,7,0,2
YouTube,2026-07-16,Week 29,News,Shorts,Todd Blanche Won't Commit to Meeting Epstein Victims | News,https://www.youtube.com/watch?v=zinYdVTWCq4,5136,491,327,6.37,318,6,3,0,5
X,2026-07-27,Week 31,General clips,X analytics export,"Trump: ""Congress doesn't like approving money for the military. They like giving it to things that shouldn't be done."" https://t.co/VqrgoMZl1J",https://x.com/OfTheBraveUSA/status/2081803809752301957,5100,0,62,1.22,27,5,9,1,0
X,2026-06-27,,Tom & Bill,raw scrape,"Tom Joscelyn: ""Trump ordered Gabbard to oversee the Fulton County operation to seize 2020 election ballots…This is pretty much a five-alarm fire. They're trying to find a way to us…",https://x.com/OfTheBraveUSA/status/2070960188945813521,5094,0,377,7.4,258,3,104,11,0
X,2026-08-06,Week 32,Sarah Matthews,X analytics export,".@SarahAMatthews1: ""Trump keeps going out there and repeating that we're in the golden age of America. I don't know who it's the golden age for other than himself and his family, t…",https://x.com/OfTheBraveUSA/status/2085417747593253003,5090,0,258,5.07,176,3,65,6,0
Instagram,2026-07-09,Week 28,Breaking News,IG reel,"A 67-year-old former Olympian is facing up to 10 years in prison — for touching the Lincoln Memorial Reflecting Pool.

David Hearn, a three-time Olympic canoeist, pleaded not guilt…",https://www.instagram.com/reel/Dak7yl-gi7L/,5087,4408,238,4.68,221,11,0,6,13
X,2026-06-29,Week 27,Other,raw scrape,"Prices are up, and so are our newest Sticker Shock Summer billboards. Happy 4th of July!",https://x.com/OfTheBraveUSA/status/2071609882151702544,5054,0,118,2.33,80,0,33,4,0
X,2026-06-24,,General clips,raw scrape,"Sen. Warren: ""Republicans and Democrats have put together a housing bill designed to increase housing supply and bring down costs…Trump has now said, 'nope,' he's not going to do t…",https://x.com/OfTheBraveUSA/status/2069815107010408940,5039,0,247,4.9,192,2,52,1,0
YouTube,2026-06-24,,Breaking News,Shorts,Breaking News: Trump Embarrasses Republicans,https://www.youtube.com/watch?v=Md6tP5QM9qY,5039,313,196,3.89,188,4,4,0,5
X,2026-07-14,Week 29,Produced videos,X analytics export,We're blanketing DC with a simple message ahead of Todd Blanche's confirmation hearing: ASK TODD BLANCHE ABOUT EPSTEIN. Blanche oversaw the Epstein files release that exposed victi…,https://x.com/OfTheBraveUSA/status/2077042625584967770,5034,0,355,7.05,173,7,86,3,0
X,2026-05-29,,General clips,raw scrape,"Survivor Liz Stein: ""For survivors, privacy is safety. Privacy is dignity...that is why people are losing trust in our Department of Justice. Not because this case is politically i…",https://x.com/OfTheBraveUSA/status/2060396487197282593,5027,0,313,6.23,227,9,70,6,0
Instagram,2026-07-24,Week 30,Breaking News,IG reel,"The Trump administration has admitted, in writing and in federal court, that it canceled billions in energy grants to states based on how they voted. ⚡

A Department of Energy lawy…",https://www.instagram.com/reel/DbMo7Zyjv6m/,5023,4585,63,1.25,53,7,2,1,0
X,2026-07-15,Week 29,General clips,raw scrape,"Sen. Booker grills Blanche on Ghislaine Maxwell's prison transfer: ""What is true is someone that is accused of child sex trafficking, under the Bureau of Prisons own policies, is n…",https://x.com/OfTheBraveUSA/status/2077435829358669918,5010,0,374,7.47,291,2,77,3,0
YouTube,2026-05-20,,Breaking News,Shorts,Breaking News: Trump's Job Market Just Collapsed ‚Äî Here's the Chart,https://www.youtube.com/watch?v=yuHdqguOm_s,4998,603,430,8.6,409,12,9,0,3
X,2026-07-30,Week 31,HOTB clips,X analytics export,"Todd Blanche’s Nomination in Chaos, ft. Aaron Parnas https://t.co/InX9GBy2ym",https://x.com/OfTheBraveUSA/status/2082859011657826379,4977,0,165,3.32,36,1,14,3,0
YouTube,2026-07-16,Week 29,Breaking News,Shorts,Breaking News: Elon Musk Might Have Broken Law,https://www.youtube.com/watch?v=u5sMFk6q9qQ,4971,427,369,7.42,336,29,4,0,4
X,2026-05-29,,General clips,raw scrape,"Joe Rogan: ""I had Scott Horton on the podcast explaining what is actually involved in making depleted uranium and making it weapons grade, and what would have to be done to get it …",https://x.com/OfTheBraveUSA/status/2060439352728072323,4968,0,51,1.03,38,1,10,1,0
Instagram,2026-05-28,,Podcast Promo,IG image,"Live taping of the Home of the Brave podcast TODAY at 1:30 PM EST featuring former US Rep. Barbara Comstock and Home of the Brave’s own Sarah Matthews! Come join us on Facebook, X,…",https://www.instagram.com/p/DY4oOpajfXD/,4966,2726,43,0.87,42,0,0,1,0
X,2026-04-10,,Newsletter,X analytics export,NEW: I’m a Nobel Prize-winning immigrant. I can no longer recognize this country. https://t.co/ppOXiFawE0,https://x.com/OfTheBraveUSA/status/2042626787436281937,4950,0,223,4.51,70,1,29,6,0
YouTube,2026-06-22,,Breaking News,Shorts,Breaking News: Pentagon Asks For $80 Billion,https://www.youtube.com/watch?v=sV_U8CGazRQ,4944,629,223,4.51,204,14,5,0,9
X,2026-07-28,Week 31,General clips,raw scrape,"Kaitlan Collins on Trump's insults: ""It really isn't about me. I think my colleagues at CNN and my colleagues in the press corps do a good job of trying to ask tough questions — do…",https://x.com/OfTheBraveUSA/status/2082136643058745719,4942,0,127,2.57,105,1,16,5,0
X,2026-08-01,Week 31,Tom & Bill,X analytics export,".@BillKristol: "" Authoritarians aren't always brilliant, and they often have a lot of missteps on their way to seizing power."" Tom Joscelyn: "" Intent plus power goes a long way, ev…",https://x.com/OfTheBraveUSA/status/2083581182919250386,4939,0,61,1.24,32,2,13,1,0
YouTube,2026-07-09,Week 28,Breaking News,Shorts,Breaking News: Olympic Canoeist Arrested for Touching Reflecting Pool Pleads Not Guilty,https://www.youtube.com/watch?v=PcWXX3U-rxo,4939,489,551,11.16,524,25,2,0,8
X,2026-08-19,Week 34,Sarah Matthews,X analytics export,".@SarahAMatthews1: ""This is what Trump's priorities are, he doesn't care that people are struggling…He knows that people won't build monuments to him after he leaves office. So he …",https://x.com/OfTheBraveUSA/status/2090175857880875389,4935,0,173,3.51,115,3,33,7,0
YouTube,2026-08-18,Week 34,Breaking News,Shorts,Breaking News: Trump Admin Says Ballroom Needed for Security After Court Blocks Construction,https://www.youtube.com/watch?v=zZ1SxfQb40c,4930,459,228,4.62,209,17,2,0,5
X,2026-08-05,Week 32,Newsletter,X analytics export,"""Earned rank built the most professional fighting force the world has ever known. Patronage will destroy it."" Read our latest on politicization in the military, authored by @glenns…",https://x.com/OfTheBraveUSA/status/2085012873722335681,4928,0,128,2.6,43,1,16,2,0
X,2026-01-20,,Other,X analytics export,https://t.co/Cyey2vp72m,https://x.com/OfTheBraveUSA/status/2013693233520373802,4927,0,260,5.28,46,0,17,3,0
Instagram,2026-04-22,,Produced Videos,IG reel,Kash Patel's happy hour at the FBI might be coming to a close.,https://www.instagram.com/reel/DXc0lKpjgqa/,4925,3624,261,5.3,179,35,34,13,7
X,2026-03-26,,Produced videos,X analytics export,"Trump claims we're in a ""Golden Age."" Disagree? Join Former Capitol Police Michael Fanone and millions of Americans this Saturday, March 28, to peacefully protest Trump’s regime an…",https://x.com/OfTheBraveUSA/status/2037161325877469630,4916,0,623,12.67,409,14,151,6,0
Instagram,2026-08-18,Week 34,Breaking News,IG reel,"Prices on a range of Canadian goods could jump as soon as tonight. 🇨🇦

The Trump administration is set to impose a 50% tariff on roughly $20 billion worth of Canadian products at 1…",https://www.instagram.com/reel/DcMjoFgDyL1/,4905,4251,80,1.63,68,7,4,1,5
YouTube,2026-02-12,,News,Shorts,Tim Pool Discusses Redacted Epstein Files | News,https://www.youtube.com/watch?v=THl5epDtb0k,4900,1016,135,2.76,127,6,2,0,1
YouTube,2026-08-12,Week 33,Breaking News,Shorts,Breaking News: Trump Threatens Lawsuit Over Report That National Guard Hasn't Lowered Crime,https://www.youtube.com/watch?v=HqKut4c4TFk,4863,448,321,6.6,313,5,3,0,3
Instagram,2026-08-03,Week 32,Breaking News,IG reel,"Trump posted that his ""REAL Polling Numbers... are the best they have ever been,"" and that anything else is fake news. 📉

Here's what the actual numbers say. A Quinnipiac poll rele…",https://www.instagram.com/reel/Dbl2lONgo96/,4857,4049,151,3.11,126,17,1,7,7
X,2026-08-04,Week 32,General clips,X analytics export,"Sen. Schiff: ""[Todd Blanche's] efforts to protect the president and others in the Epstein files investigation is a scandalous abuse of power...We should not confirm anyone so incom…",https://x.com/OfTheBraveUSA/status/2084659979777159472,4856,0,631,12.99,474,8,133,13,0
X,2026-07-27,Week 31,Tom & Bill,raw scrape,"Tom Joscelyn on Pete Hegseth: ""It's very easy to throw bombs from the outside like he did and didn't really have anything to offer, and then get in power and show that he's far wor…",https://x.com/OfTheBraveUSA/status/2081772580608852107,4845,0,139,2.87,99,2,32,5,0
Instagram,2026-02-11,,News,IG reel,"Rep. Crow: "" I have a message for the Trump administration: If you are turning your back on the law, turning your back on the Constitution, cowing to Donald Trump, and abusing the …",https://www.instagram.com/reel/DUo1JKxlXWN/,4842,3630,610,12.6,508,27,50,25,4
TikTok,2026-06-01,,Breaking News,Video,CNBC reports that Iran has stopped negotiating with the U.S. to end the war and vowed to completely block the Strait of Hormuz in response to what it says are repeated ceasefire vi…,https://www.tiktok.com/@ofthebraveusa/video/7646447293175975181,4822,0,250,5.18,217,24,3,6,0
X,2026-08-04,Week 32,General clips,X analytics export,"Senator Booker: ""After two days of meetings [between Todd Blanche and Ghislaine Maxwell], did we get information that led to an indictment? No. Did we get information that led to n…",https://x.com/OfTheBraveUSA/status/2084651450127241296,4809,0,370,7.69,285,4,61,5,0
Instagram,2026-06-15,,Breaking News,IG reel,"Trump spent $14.8M repainting the Lincoln Memorial reflecting pool 'American flag blue' for America 250. Days later, it's green with algae. 

Follow us here for more news. #Breakin…",https://www.instagram.com/reel/DZoRZtECT_K/,4787,3827,273,5.7,211,39,11,12,4
X,2026-05-11,,Other,raw scrape,https://t.co/VJ3cZVAGF3,https://x.com/OfTheBraveUSA/status/2053855649239285827,4780,0,68,1.42,53,2,11,2,0
YouTube,2026-02-06,,News,Shorts,Beshear Says Trump Is “Trying to Rig the Next Election” as His Economic Agenda Falters | News,https://www.youtube.com/watch?v=i_winYTtHS4,4777,855,105,2.2,96,5,4,0,3
X,2026-01-30,,Other,X analytics export,"Today is January 31st, 2026 and Donald J. Trump still has not released the Epstein files.",https://x.com/OfTheBraveUSA/status/2017213026592583942,4755,0,271,5.7,201,9,42,2,0
X,2026-08-17,Week 34,General clips,X analytics export,".@RepBrendanBoyle: ""Trump has said he does not think about the financial situation of the American people at all. He has also said, 'I love the inflation'…You have a president who …",https://x.com/OfTheBraveUSA/status/2089413951872229423,4754,0,138,2.9,96,3,25,4,0
Instagram,2026-05-10,,Breaking News,IG reel,"Trump still thinks the gold at Fort Knox isn’t real. With a war in Iran and rising gas and grocery prices, this doesn't seem like where the president's attention should be.",https://www.instagram.com/reel/DYLnVyrAqLw/,4750,3519,86,1.81,71,13,0,2,1
Instagram,2026-05-15,,Breaking News,IG reel,"BREAKING: Trump calls his gold statue a ""landmark.""",https://www.instagram.com/reel/DYXZtccgJU5/,4740,3589,89,1.88,67,19,1,2,2
Instagram,2026-07-24,Week 30,Breaking News,IG reel,"The Trump administration is now formally pushing to rename New York's Penn Station. 🚉

In a letter to senators seeking funding approval for the multibillion-dollar overhaul of the …",https://www.instagram.com/reel/DbMc6IOjMrE/,4737,3720,88,1.86,58,16,9,5,0
Instagram,2026-01-20,,Produced Videos,IG carousel,Trump Wrapped: One year of chaos,https://www.instagram.com/p/DTwEYpljbJE/,4733,3274,118,2.49,80,6,22,10,0
X,2026-05-24,,Breaking News,raw scrape,BREAKING: White House Staff Forced to Use Trump Praise App,https://x.com/OfTheBraveUSA/status/2058651463648170391,4730,0,121,2.56,77,6,32,5,0
Instagram,2026-07-21,Week 30,Breaking News,IG reel,"The Trump administration went after the phone records of New York Times journalists, and even some of their family members. 📱

According to a court filing unsealed Monday, the subp…",https://www.instagram.com/reel/DbD0zwHgRLR/,4726,4010,98,2.07,72,2,17,7,8
Instagram,2026-07-15,Week 29,HOTB Pod,IG reel,"@prothplz: ""You've got Todd Blanche, who unfortunately will likely be confirmed to be the next Attorney General, saying from a press podium, 'I love Donald Trump. I live to carry o…",https://www.instagram.com/reel/Da1JzsQgm40/,4720,3360,158,3.35,137,3,10,8,6
X,2026-08-06,Week 32,Sarah Matthews,X analytics export,".@SarahAMatthews1: ""Affordability is a serious issue, and all Trump does is make it about himself and whine and complain because he's a big baby. He doesn't like hearing anything n…",https://x.com/OfTheBraveUSA/status/2085415328075382795,4716,0,221,4.69,149,2,49,1,0
X,2026-07-14,Week 29,Live podcast,raw scrape,Todd Blanche Wants to Break the DOJ https://t.co/Byju3CVLHm,https://x.com/OfTheBraveUSA/status/2077068111128432738,4714,0,26,0.55,16,4,5,0,0
X,2026-05-12,,Sarah Matthews,raw scrape,".@SarahAMatthews1: ""I really am thankful to someone like James Comey, who went out on TV and is pushing back…He's showing that he will not stand for that and that he is fighting fo…",https://x.com/OfTheBraveUSA/status/2054011174665199783,4713,0,199,4.22,175,1,21,2,0
X,2026-07-15,Week 29,General clips,raw scrape,"Whitehouse: ""Are you sure [Kash Patel] knows what he's doing? Do you vouch for him?"" Blanche: ""That's an extraordinarily obnoxious question, Senator, and I have full faith in Direc…",https://x.com/OfTheBraveUSA/status/2077413542404215000,4699,0,49,1.04,40,1,8,0,0
X,2026-07-21,Week 30,Live podcast,raw scrape,The Unraveling of American Power ft. Kori Schake https://t.co/3NegKJTqan,https://x.com/OfTheBraveUSA/status/2079653918150365344,4695,0,8,0.17,5,1,1,0,0
X,2026-06-12,,KOC,X analytics export,How Trump and DOGE left America exposed to a flesh-eating fly: https://t.co/NnHw9lQbWB,https://x.com/OfTheBraveUSA/status/2065547188265177272,4687,0,316,6.74,205,2,82,14,0
X,2026-06-23,,HOTB clips,raw scrape,"Bob Kagan: ""When Trump agreed to the idea of a 60-day truce, what he's really saying is, 'I'm done with it, we're gonna put this war in the rear view mirror… don't ask me any more …",https://x.com/OfTheBraveUSA/status/2069533455365587200,4687,0,153,3.26,129,0,21,3,0
X,2026-06-10,,Sarah Matthews,raw scrape,".@SarahAMatthews1 on Trump getting booed: ""He needed to hear that. That's how the American people feel about him right now across the country, not just in New York. There are peopl…",https://x.com/OfTheBraveUSA/status/2064816068984766501,4676,0,226,4.83,185,1,37,3,0
YouTube,2026-08-11,Week 33,Breaking News,Shorts,Breaking News: One Big Beautiful Bill Act Will Remove School Lunches for 1.5 Million Kids,https://www.youtube.com/watch?v=7QRmO_1x_QA,4663,564,440,9.44,373,60,7,0,4
X,2026-07-01,Week 27,Other,raw scrape,"""The president pulled in at least $2.2 billion…That compares to a minimum of $622 million his enterprises pulled in for all of 2024, before he returned to the presidency."" It's no …",https://x.com/OfTheBraveUSA/status/2072320626883227941,4642,0,99,2.13,63,0,32,4,0
Instagram,2026-02-11,,News,IG reel,"Sen. Slotkin: ""At the direction of President Trump, U.S. Attorney Jeanine Pirro attempted to persuade a grand jury to indict us on criminal charges. If things had gone a different …",https://www.instagram.com/reel/DUowf1bElQn/,4632,3607,260,5.61,229,5,11,15,5
YouTube,2026-07-31,Week 31,News,Shorts,"Blanche to Epstein Survivors: ""Get to the Point"" | News",https://www.youtube.com/watch?v=slTzrGOXYtA,4602,735,471,10.23,446,16,9,0,2
X,2026-07-19,Week 29,Tom & Bill,X analytics export,"Tom Joscelyn on the Blanche–Maxwell interview: ""She tries to defend Epstein, she tries to defend herself, and she lies about the victims…And then one week later, she's actually tra…",https://x.com/OfTheBraveUSA/status/2078934344928751702,4600,0,143,3.11,96,2,25,3,0
X,2026-08-20,Week 34,General clips,X analytics export,"Colorado AG Phil Weiser: ""It's a scary thing that when the DOJ's civil rights division talks about wanting to monitor elections, the first thing that comes to mind for me is they'r…",https://x.com/OfTheBraveUSA/status/2090455960963686722,4574,0,146,3.19,101,1,34,4,0
X,2026-05-13,,Live podcast,raw scrape,LIVE NOW! Come join us for a great discussion!,https://x.com/OfTheBraveUSA/status/2054578733915234460,4552,0,12,0.26,9,0,3,0,0
X,2026-05-18,,Breaking News,raw scrape,"Donald Trump spent the weekend reposting Truth Social memes claiming he ""ages in reverse"" and ""gets younger,"" weeks before his 80th birthday. This is what the president is focused …",https://x.com/OfTheBraveUSA/status/2056510364485890437,4547,0,74,1.63,55,5,11,2,0
Instagram,2026-06-16,,Breaking News,IG reel,"Trump's White House ballroom has ballooned from $400M to $600M — and now $300M of it is reportedly coming from taxpayers, despite promises it'd be privately funded. 

Follow us her…",https://www.instagram.com/reel/DZp2icLFBWT/,4524,3647,90,1.99,79,7,3,1,3
X,2026-08-13,Week 33,Newsletter,X analytics export,"""America does not need a military molded in the image of any one Secretary of Defense. It needs a military that reflects the nation it serves and rewards excellence wherever it is …",https://x.com/OfTheBraveUSA/status/2087897213800218963,4495,0,177,3.94,83,1,38,7,0
Instagram,2026-05-13,,Breaking News,IG reel,The National Parks service asked the FAA to investigate whether Trump's arch posed a risk to flights in and out of DCA.,https://www.instagram.com/reel/DYSYyPkAmWV/,4493,3589,124,2.76,93,11,13,7,1
X,2026-05-12,,General clips,raw scrape,"Rep. Jason Crow: ""I never believe that [the United States is] in decline. I mean, [the Trump] administration is doing their best to put us into decline…The things that make America…",https://x.com/OfTheBraveUSA/status/2054320792087765252,4473,0,246,5.5,209,2,31,4,0
Instagram,2026-02-19,,News,IG reel,"Les Wexner: ""At some of the fashion shows, Jeffrey [Epstein] was there and some Trump was there, and I remembered because Trump would always introduce himself to me and I always th…",https://www.instagram.com/reel/DU9W4YYEe0g/,4470,2796,123,2.75,85,6,21,11,2
YouTube,2026-08-03,Week 32,Breaking News,Shorts,Breaking News: Trump is Beefing With US Attorney for DC After Charges Against Canoeist Dropped,https://www.youtube.com/watch?v=HzBEBOFnZ20,4445,349,188,4.23,178,8,2,0,1
YouTube,2026-07-24,Week 30,Breaking News,Shorts,Breaking News: Congress Passes Stock Trading Ban…But Not For The President,https://www.youtube.com/watch?v=5xtXA8k_57Y,4434,478,427,9.63,401,21,5,0,2
X,2026-05-14,,Breaking News,raw scrape,"According to X Community Notes, the $500 Trump Mobile phone is just a rebranded T-Mobile device made in China that retails for under $130.",https://x.com/OfTheBraveUSA/status/2054966289060212884,4407,0,173,3.93,115,3,47,7,0
YouTube,2026-08-14,Week 33,Social Ads,Shorts,"Trump on Gas Prices, Then vs. Now | Social Ads",https://www.youtube.com/watch?v=aSYjf1IlY-w,4393,467,109,2.48,67,26,16,0,4
X,2026-07-10,Week 28,Tom & Bill,raw scrape,"Tom Joscelyn: ""This boils down to propaganda the White House and different executive agencies are putting out using white nationalist tropes…They've gotten away with their extremis…",https://x.com/OfTheBraveUSA/status/2075706402379616697,4388,0,130,2.96,98,1,29,2,0
X,2026-07-21,Week 30,HOTB clips,raw scrape,"AEI Sr. Fellow Kori Schake: ""The Trump administration is strategically incompetent. They don't seem able to identify clear objectives and priorities and resource those objectives a…",https://x.com/OfTheBraveUSA/status/2079694272505250022,4370,0,189,4.32,165,2,19,3,0
Instagram,2026-08-14,Week 33,Produced Videos,IG reel,Trump says the families of sailors aboard the USS Abraham Lincoln aren't worried about conditions on the ship. The families say otherwise.,https://www.instagram.com/reel/DcCCx9AlBH3/,4367,3642,115,2.63,89,20,4,2,5
X,2026-02-24,,General clips,X analytics export,"Virginia Giuffre's sister-in-law Amanda: ""It's very important for the nation to see representation, to see survivors, to tell this administration and tell the world — we're not goi…",https://x.com/OfTheBraveUSA/status/2026323554858418617,4360,0,545,12.5,407,3,114,10,0
YouTube,2026-06-08,,Ad,Long-Form,Why You're Paying More This Summer | Ad,https://www.youtube.com/watch?v=efMlTC9pnbU,4360,13832,207,4.75,91,1,115,0,25
X,2026-07-20,Week 30,Newsletter,X analytics export,"""I opposed the fascists in America and fought them in Europe in World War II. I will continue to fight fascists wherever they are, here or abroad, until I cannot fight any longer.""…",https://x.com/OfTheBraveUSA/status/2079196943469650364,4352,0,106,2.44,57,0,20,3,0
YouTube,2026-07-24,Week 30,Breaking News,Shorts,Breaking News: Pentagon Removes 4 U.S. Soldier Deaths From Its Website,https://www.youtube.com/watch?v=Z-5ceAEpfe8,4348,574,338,7.77,320,14,4,0,3
Instagram,2026-01-09,,Newsletter,IG carousel,"Unfortunately, I can say I saw the horror of January 6 unfold up close and personal. I was deputy press secretary in Donald Trump’s White House then, and I stood beside the stage a…",https://www.instagram.com/p/DTTr4fNDqbu/,4327,2950,98,2.26,71,2,18,7,0
X,2026-07-12,Week 28,Tom & Bill,raw scrape,"Tom Joscelyn on Trump's mass deportation plans: ""More than 14,000 times, federal judges have said that the government did something wrong or unlawful in detaining these people…This…",https://x.com/OfTheBraveUSA/status/2076347364168671709,4326,0,254,5.87,165,3,76,8,0
X,2026-05-29,,General clips,raw scrape,"Joe Rogan: "" I don't like the Iran war thing…I don't necessarily know there's a clear way to get out this. You know what we did in Afghanistan for 20 years and how much American ta…",https://x.com/OfTheBraveUSA/status/2060436547724279922,4325,0,42,0.97,33,5,2,2,0
YouTube,2026-05-15,,Social Ads,Shorts,NEW BILLBOARDS | Social Ads,https://www.youtube.com/watch?v=Dfda74iYa1k,4324,1726,424,9.81,376,13,35,0,35
X,2026-08-19,Week 34,General clips,X analytics export,"Q: ""What are Americans losing by those members of [LGBT community] not being included in high level jobs for which you have years of experience?"" Fmr. NSC Dir. Julia Curlee: ""I thi…",https://x.com/OfTheBraveUSA/status/2090107092342292592,4316,0,77,1.78,43,2,10,5,0
YouTube,2026-07-14,Week 29,Breaking News,Shorts,Breaking News: South Korean Company Paid Trump $2 Million,https://www.youtube.com/watch?v=MrFkuOdS-N4,4310,532,384,8.91,371,10,3,0,2
X,2026-07-13,Week 29,HOTB Podcast Promo,X analytics export,@briantylercohen @SarahAMatthews1 Catch the full conversation on the latest episode of The Home of the Brave Podcast: https://t.co/Y4XvkXIPYl,https://x.com/OfTheBraveUSA/status/2076456962061971674,4306,0,20,0.46,7,0,2,0,0
X,2026-05-14,,Breaking News,X analytics export,"The DOJ is set to drop fraud and bribery charges against Indian billionaire Gautam Adani after he hired one of Trump's personal attorneys, Robert Giuffra. In a presentation to the …",https://x.com/OfTheBraveUSA/status/2055018668191555850,4300,0,285,6.63,164,5,83,4,0
YouTube,2026-02-11,,News,Shorts,Sen. Slotkin Remarks on Jeanine Pirro's Attempt to Persuade Grand Jury to Indict Her | News,https://www.youtube.com/watch?v=BnztC9apbgw,4298,1724,257,5.98,247,5,5,0,3
YouTube,2026-08-06,Week 32,Breaking News,Shorts,Breaking News: Case Against Olympic Canoeist Dismissed!,https://www.youtube.com/watch?v=2VxwGe9YKxc,4297,622,346,8.05,339,6,1,0,5
X,2026-06-16,,Sarah Matthews,raw scrape,".@SarahAMatthews1 on Wisconsin fake electors: ""Look at Colorado and the case with Tina Peters…a Democratic governor, Jared Polis gave in to Trump's pressure campaign to give her th…",https://x.com/OfTheBraveUSA/status/2067001450102685937,4258,0,145,3.41,118,1,22,4,0
Instagram,2026-08-12,Week 33,Breaking News,IG reel,"The cost of Trump's White House makeover keeps climbing, and taxpayers are increasingly on the hook. 🏛️

New estimates put the full slate of renovations, the ballroom, the South La…",https://www.instagram.com/reel/Db8Uxt-EjiP/,4255,3521,215,5.05,129,37,41,8,2
YouTube,2026-05-07,,Home of the Brave Podcast,Long-Form,Iran War Wrecks the Economy | Home of the Brave Podcast,https://www.youtube.com/watch?v=7WOdzbIsbog,4240,75452,155,3.66,134,15,6,0,88
Instagram,2026-01-24,,News,IG reel,"Cumberland County Sheriff Joyce condemned the incompetence ICE displayed while arresting one of his corrections officer recruits in Maine: "" That's bush league policing""",https://www.instagram.com/reel/DT54c2_DN2B/,4235,3187,293,6.92,256,6,11,20,2
X,2026-06-08,,Other,raw scrape,Cookouts. Beach Days. Even back-to-school items. Here are just a few of the items that cost more this summer thanks to the Trump administration's policies ⬇️,https://x.com/OfTheBraveUSA/status/2064026793825255769,4233,0,57,1.35,35,1,20,1,0
YouTube,2026-05-17,,Breaking News,Shorts,BREAKING NEWS: Trump Says America Needs a Ballroom Because China Has One,https://www.youtube.com/watch?v=k-pImQ0K0nU,4229,397,158,3.74,149,6,3,0,4
TikTok,2026-01-24,,News,Video,"Cumberland County Sheriff Joyce condemned the incompetence ICE displayed while arresting one of his corrections officer recruits in Maine: "" That's bush league policing""",https://www.tiktok.com/@ofthebraveusa/video/7599005082167807287,4212,0,547,12.99,482,16,10,39,0
X,2026-05-28,,General clips,raw scrape,"U. Michigan Economist Justin Wolfers: ""If you look over the last six months as a whole, the economy has barely grown at a rate of 1%…If I brought that report card home to my mom, s…",https://x.com/OfTheBraveUSA/status/2060032348952134104,4209,0,268,6.37,199,1,64,4,0
X,2026-08-20,Week 34,General clips,X analytics export,"Colorado AG Phil Weiser: ""It's hard to know what this administration's political games are, but it appears that they've got a simple narrative — When they win elections, they're on…",https://x.com/OfTheBraveUSA/status/2090454551404920850,4189,0,88,2.1,61,1,16,2,0
X,2026-05-11,,General clips,raw scrape,"James Comey: ""Federal judges are a reliable leg, no matter who appointed them. They believe in something — and it's very different from the way that Donald Trump approaches justice…",https://x.com/OfTheBraveUSA/status/2053953475134800248,4167,0,73,1.75,56,2,11,3,0
X,2026-07-02,Week 27,Other,X analytics export,"Temperatures are through the roof, and so is your electricity bill! That's why we put up these Sticker Shock Summer billboards across the country. While you crank the A/C through t…",https://x.com/OfTheBraveUSA/status/2072719526815252495,4163,0,133,3.19,58,4,21,2,0
Instagram,2026-05-14,,Sarah Matthews,IG reel,Inflation just hit 3.8% — the highest it's been since 2023. But Trump shrugged off Americans' financial pain when asked whether soaring gas and grocery prices factored into his neg…,https://www.instagram.com/reel/DYUv27IjoWo/,4161,3168,296,7.11,256,7,18,15,0
X,2026-07-16,Week 29,General clips,raw scrape,"Epstein survivor Dani Bensky: ""There's a chilling effect that it sends to survivors everywhere when their government is outing their personal information. Other survivors are not g…",https://x.com/OfTheBraveUSA/status/2077783638398181385,4157,0,360,8.66,280,2,74,3,0
YouTube,2026-03-03,,News,Shorts,Vance in 2024: War with Iran not in U.S. Interest | News,https://www.youtube.com/watch?v=X-7Gy58YY6U,4153,692,66,1.59,24,9,33,0,2
X,2026-05-13,,General clips,raw scrape,"Rep. Garcia: ""The acting Attorney General in the Department of Justice [Todd Blanche] basically said that there's nothing else to do with the Epstein case, that we need to move on …",https://x.com/OfTheBraveUSA/status/2054572177240850787,4143,0,579,13.98,466,2,107,3,0
X,2026-06-24,,Tom & Bill,raw scrape,"Tom Joscelyn: ""On July 17, 2025, top Trump administration officials gathered in the White House Situation Room to talk about the Epstein files. 45 minutes later, the WSJ reports on…",https://x.com/OfTheBraveUSA/status/2069895842991882350,4134,0,247,5.97,175,2,66,4,0
X,2026-07-14,Week 29,HOTB Podcast Promo,raw scrape,.@PeterTwinklage joins Sarah Matthews TODAY at 12:30 PM ET on The Home of the Brave Podcast to break down the upcoming Todd Blanche confirmation hearings and what a Blanche-run DOJ…,https://x.com/OfTheBraveUSA/status/2077022023969013860,4110,0,12,0.29,7,0,4,1,0
Instagram,2026-08-04,Week 32,Breaking News,IG reel,"Trump Media has launched a product called ""Truth API"" and it's exactly what it sounds like. 📈

For $60,000 to $100,000 a month, Wall Street trading firms can get the fastest possib…",https://www.instagram.com/reel/Dbo9x4siYdY/,4107,3636,150,3.65,137,4,8,1,4
Instagram,2026-02-23,,News,IG reel,"Rep. Garcia on Epstein Survivors: ""I have invited Annie Farmer to take a seat at the State of the Union…She wants Donald Trump to look up and see their faces there, and she wants t…",https://www.instagram.com/reel/DVHw4QOib0Q/,4092,3521,211,5.16,179,11,16,5,6
X,2026-06-01,,HOTB clips,raw scrape,".@BarbaraComstock: ""These unilateral actions that the Trump administration is taking — in so many cases over, and over, and over because Congress is not involved — the courts are r…",https://x.com/OfTheBraveUSA/status/2061523176849572234,4090,0,175,4.28,141,0,30,4,0
Instagram,2026-06-08,,Newsletter,IG reel,"Under the Trump administration, your summer vacation is WAY more expensive!

This video ad is running as a part of Home of the Brave's new Sticker Shock Summer campaign to educate …",https://www.instagram.com/reel/DZVlmU6jgAu/,4087,3455,80,1.96,66,0,11,3,0
Instagram,2026-07-14,Week 29,Breaking News,IG reel,"For the first time in American history, a sitting president's signature is going on U.S. paper currency. 💵

President Trump's signature is set to appear on new $100 bills, which th…",https://www.instagram.com/reel/DaxxAEMjzD_/,4085,3538,154,3.77,72,60,16,6,4
X,2026-05-27,,Newsletter,raw scrape,"""We’re not sure what Comer means by 'we’ll be able to move forward.' Who does 'we' refer to? The Oversight Committee? The survivors? The American people? For the time being, 'we' t…",https://x.com/OfTheBraveUSA/status/2059727861343195511,4062,0,64,1.58,45,1,16,2,0
YouTube,2026-05-22,,Breaking News,Shorts,Breaking News: Trump Just Waved Off 13 American Deaths. Before Memorial Day.,https://www.youtube.com/watch?v=2AdYflYRPgY,4051,919,534,13.18,496,22,16,0,10
Instagram,2026-05-10,,Breaking News,IG reel,"Donald Trump just called Iran's response to the US peace proposal ""totally unacceptable."" 

Expect higher gas prices until a deal is reached.",https://www.instagram.com/reel/DYLYBkAjajL/,4040,3094,55,1.36,46,0,8,1,2
Instagram,2026-01-21,,News,IG reel,"Gov. Andy Beshear: ""You now understand why Canadians have stopped buying American products like bourbon, why they stopped going to tourist destinations like Las Vegas. Every state …",https://www.instagram.com/reel/DTyl_4rDPdP/,4038,2957,265,6.56,236,6,15,8,2
X,2026-04-30,,General clips,X analytics export,"Sen Rosen: ""Mr. Secretary, you compared journalists, you compare us, you compare so many, to Pharisees…a problematic and historically weaponized term that casts Jewish communities …",https://x.com/OfTheBraveUSA/status/2049916580092338380,4031,0,177,4.39,106,4,39,4,0
YouTube,2026-06-18,,Breaking News,Shorts,Breaking News: Reflecting Pool Drama 2,https://www.youtube.com/watch?v=EW2NFcybbH0,3996,543,145,3.63,138,7,0,0,4
Instagram,2026-07-09,Week 28,Breaking News,IG reel,"As of today, the airport nearest Mar-a-Lago has a new name: President Donald J. Trump International Airport. 🛬

Florida Gov. Ron DeSantis signed the renaming into law in March; it …",https://www.instagram.com/reel/Dal4X3QEQE0/,3983,3519,59,1.48,40,13,3,3,4
YouTube,2026-08-17,Week 34,Breaking News,Shorts,Breaking News: Supreme Court Denies Trump a Rehearing in E. Jean Carroll Case,https://www.youtube.com/watch?v=CwjFqS2tV8g,3977,316,205,5.15,198,6,1,0,2
Instagram,2026-07-27,Week 31,Breaking News,IG reel,"President Trump has signed an executive order taking his fight with the Smithsonian to the institution's front door. 🏛️

An executive order signed Friday directs the installation o…",https://www.instagram.com/reel/DbUGNhPDTcF/,3971,3428,114,2.87,101,2,6,5,0
X,2026-06-01,,General clips,raw scrape,"Sen. Chris Murphy on the 'weaponization' slush fund: ""The President of the United States cannot dip his mitts into the treasury and scoop out $1.8 billion to give to police-beaters…",https://x.com/OfTheBraveUSA/status/2061550128893247581,3959,0,184,4.65,146,1,32,4,0
Instagram,2026-05-11,,Breaking News,IG reel,"Donald Trump appeared to fall asleep during a maternal health event — and the Trump rapid response team tried to claim he was just “blinking.” Then Ted Lieu posted the full clip, a…",https://www.instagram.com/reel/DYOKGXBOWs_/,3957,3353,191,4.83,177,4,4,6,10
X,2026-08-16,Week 33,Newsletter,X analytics export,"""I saw the announcement that the Trump administration was taking over the Kennedy Center. And that there was an intention to install the president as chairman. I immediately called…",https://x.com/OfTheBraveUSA/status/2088992030026346603,3940,0,355,9.01,117,1,27,1,0
X,2026-05-12,,Sarah Matthews,raw scrape,".@SarahAMatthews1: ""People are thinking…How can I afford my groceries? How can I fill up my gas tank? Then they're looking at what the Trump administration is focused on — re-litig…",https://x.com/OfTheBraveUSA/status/2054013647286903242,3922,0,151,3.85,128,3,19,1,0
X,2026-08-17,Week 34,General clips,X analytics export,".@RepBrendanBoyle: ""This president and those minions who work for him, including now the Attorney General, they want to pretend that there aren't three branches of government…That'…",https://x.com/OfTheBraveUSA/status/2089411797119828080,3912,0,82,2.1,48,0,19,2,0
YouTube,2026-08-12,Week 33,Breaking News,Shorts,Breaking News: Trump Hosting His Patriot Games,https://www.youtube.com/watch?v=NTr8ha2Dhg4,3891,440,204,5.24,189,11,4,0,2
X,2026-08-19,Week 34,General clips,X analytics export,"Fmr. NSC Dir. Julia Curlee: ""The division of Americans into the right and wrong kind — It is weakening our national security…I don't understand why they would so casually throw awa…",https://x.com/OfTheBraveUSA/status/2090108259440975943,3877,0,77,1.99,49,0,19,2,0
Instagram,2026-08-18,Week 34,Breaking News,IG reel,"President Trump berated a CNN reporter in the Oval Office this week, refusing to answer her question and instead telling her, over and over, to ""be quiet."" 🎙️

The question was a s…",https://www.instagram.com/reel/DcMzEKplJkC/,3858,3455,83,2.15,71,10,0,2,4
Instagram,2026-05-12,,Breaking News,IG reel,A 22-foot gold statue of Trump was unveiled at one of his golf courses last week. Guess who else does this?,https://www.instagram.com/reel/DYPknpyEVnB/,3854,2912,128,3.32,100,20,4,4,3
X,2026-06-01,,HOTB clips,raw scrape,".@BarbaraComstock on the weaponization slush fund: ""If you wanted to have a fund like this, you should go to Congress….That applies to so many of these executive orders or attempts…",https://x.com/OfTheBraveUSA/status/2061462438629777843,3845,0,92,2.39,81,0,9,2,0
YouTube,2026-05-28,,Breaking News,Shorts,Breaking News: Pam Bondi to Appear Before Congress on Friday,https://www.youtube.com/watch?v=fzTxhySQq4g,3844,823,359,9.34,347,9,3,0,12
YouTube,2026-06-14,,Breaking News,Shorts,Breaking News: Trump's UFC Disaster,https://www.youtube.com/watch?v=o9_RZyO05wo,3841,1252,193,5.02,167,23,3,0,2
X,2026-06-03,,General clips,raw scrape,"Rep. Walkinshaw: ""ICE violated hundreds of court orders. It's not liberal judges saying that, it's Republican judges saying time and time again that they violated the law and court…",https://x.com/OfTheBraveUSA/status/2062192331999101124,3839,0,301,7.84,221,5,71,3,0
Instagram,2026-05-12,,Podcast Promo,IG image,"Introducing the Home of the Brave podcast!

Every week, Home of the Brave leadership and friends will bring you fresh content breaking down today's news and what it means for Ameri…",https://www.instagram.com/p/DYPYyltDeU_/,3835,3085,14,0.37,13,0,1,0,2
YouTube,2026-08-01,Week 31,Bill Kristol & Tom Joscelyn,Long-Form,“Intent Plus Power Goes a Long Way” w/ Bill Kristol & Tom Joscelyn,https://www.youtube.com/watch?v=rewKKhh7Ti4,3834,55175,219,5.71,181,22,16,0,40
X,2026-02-28,,General clips,X analytics export,"Trump in 2012: "" I happen to think that the president is going to start a war with Iran. I think it'll be a short term popular thing to do and I think he's going to do that for pol…",https://x.com/OfTheBraveUSA/status/2027785570148106733,3824,0,151,3.95,105,2,31,16,0
Instagram,2026-06-26,,Breaking News,IG reel,"Trump is inaccurately blaming vandals for his reflecting pool debacle—admitting that, despite spending $14 million on renovations, the work will have to continue after the 4th of J…",https://www.instagram.com/reel/DaERhyDjXbM/,3822,3028,92,2.41,82,2,1,7,4
X,2026-06-23,,Newsletter,raw scrape,"NEW: ""One year ago today, we launched this Substack. The idea was simple and straightforward: provide a platform for courageous Americans who are willing to speak out against this …",https://x.com/OfTheBraveUSA/status/2069504621333094778,3819,0,26,0.68,22,0,4,0,0
X,2026-05-12,,Sarah Matthews,raw scrape,".@SarahAMatthews1 on the 2020 election: ""Trump's gone through countless lawsuits and he's never been able to prove anything…The only thing that is insecure is Donald Trump's ego, b…",https://x.com/OfTheBraveUSA/status/2054017728206278762,3816,0,120,3.14,99,2,16,3,0
X,2026-06-25,,General clips,raw scrape,"Sen. Graham (2015): ""At the end of the day, you're never going to get a deal from any rational American president where you give them billions of dollars, and they promise to stop …",https://x.com/OfTheBraveUSA/status/2069941141102076402,3804,0,33,0.87,23,1,9,0,0
Instagram,2026-08-25,,Breaking News,IG reel,"The Trump administration is now threatening to demolish the Kennedy Center if it isn't allowed to put Trump's name on it. 🎭

In a court filing this week, Justice Department lawyers…",https://www.instagram.com/reel/Dce2VIBARLZ/,3799,3289,96,2.53,74,13,2,7,1
X,2026-05-28,,General clips,raw scrape,"U. Michigan Economist Justin Wolfers: ""If prices are rising because of tariffs, the easiest thing to do is get rid of the tariffs. If prices are rising because the Strait of Hormuz…",https://x.com/OfTheBraveUSA/status/2060031091273056623,3796,0,254,6.69,183,1,69,1,0
Instagram,2026-08-06,Week 32,Breaking News,IG reel,"Trump is ordering weeks of work on the new White House helipad redone, because he doesn't like the way it looks. 🚁

A nearly 100-foot granite presidential seal was installed around…",https://www.instagram.com/reel/DbtNHzPieth/,3786,3386,54,1.43,49,1,4,0,3
Instagram,2026-05-30,,Breaking News,IG reel,Trump melts down after artists drop out of his America 250 lineup — and just wait until you hear his backup plan. #BreakingNews,https://www.instagram.com/reel/DY-Ro-GgZd7/,3777,3145,136,3.6,104,17,10,5,4
YouTube,2026-08-17,Week 34,Breaking News,Shorts,Breaking News: US and Iran Fail to Secure Peace Deal Within 60-Day Ceasefire Set by MOU,https://www.youtube.com/watch?v=DbhEnXB0zek,3775,321,208,5.51,201,7,0,0,6
X,2026-06-05,,HOTB clips,raw scrape,"Fmr FBI Agent Michael Feinberg: ""A lot of [agents], including people who voted for Donald Trump, were terrified at the FBI being destroyed and punished for doing its job. There was…",https://x.com/OfTheBraveUSA/status/2062993794971402693,3766,0,119,3.16,91,0,26,2,0
X,2026-07-26,Week 30,Newsletter,raw scrape,"""The changes to the White House are the physical manifestation of the president’s persona. The pile of rubble that was once the East Wing is a shockingly visible metaphor of his ab…",https://x.com/OfTheBraveUSA/status/2081383612818022723,3766,0,146,3.88,104,2,36,4,0
X,2026-05-18,,Breaking News,raw scrape,"Tova Noel, the corrections officer on duty the night Jeffrey Epstein died and who told federal investigators she believes she was the last person to see him alive, is testifying be…",https://x.com/OfTheBraveUSA/status/2056409864260186556,3752,0,208,5.54,148,0,54,5,0
Instagram,2026-05-16,,Breaking News,IG reel,"Trump’s latest financial disclosures are raising huge questions.

After taking massive stakes in companies like Nvidia, Dell, Meta, Google, Apple, Palantir, and Lockheed Martin, Tr…",https://www.instagram.com/reel/DYaLglEE3Pi/,3750,3004,145,3.87,118,17,3,7,1
X,2026-08-04,Week 32,HOTB clips,X analytics export,"Jeanine Pirro Has Upset the Boss, ft. Harry Sisson https://t.co/sXcZSdIbES",https://x.com/OfTheBraveUSA/status/2084671872101482910,3750,0,73,1.95,13,0,2,1,0
Instagram,2026-07-10,Week 28,Breaking News,IG reel,"Trump has removed the last three members of the Election Assistance Commission — the only federal agency devoted solely to running elections. 🗳️

The bipartisan agency is left with…",https://www.instagram.com/reel/DanwoKen9Xx/,3737,3190,80,2.14,57,6,13,4,2
Instagram,2026-08-25,,Breaking News,IG reel,"Trump has insisted the Kennedy Center would be ""in financial ruin"" without him, and that not putting his name on it would ""cause donors to flee."" New reporting shows the reverse is…",https://www.instagram.com/reel/DcecrnbAkhM/,3734,3345,53,1.42,49,2,1,1,4
Instagram,2026-02-11,,News,IG reel,"Rep. Lieu: ""I believe you just lied under oath.""

Pam Bondi: ""Don't you ever accuse me of a crime!""

Rep. Lieu: ""I believe you just lied under oath and this is all on videotape.""",https://www.instagram.com/reel/DUouORek5Ru/,3727,2577,149,4.0,129,5,9,6,4
X,2026-06-05,,Other,X analytics export,Public Citizen found that 14 corporate donors to Trump's ballroom were awarded new or expanded federal contracts totaling $50 billion over the last six months. Americans are strugg…,https://x.com/OfTheBraveUSA/status/2062908358382780878,3725,0,86,2.31,39,2,30,1,0
X,2026-07-22,Week 30,HOTB clips,raw scrape,"AEI Sr. Fellow Kori Schake: "" The report also tried to make the case that Cuba is brilliant at fomenting racial discord…It seemed a ridiculous stretch to suggest that Americans wou…",https://x.com/OfTheBraveUSA/status/2079730907447992685,3724,0,25,0.67,21,1,2,1,0
YouTube,2026-05-12,,Breaking News,Shorts,Breaking News: 22 ft gold Trump statue unveiled,https://www.youtube.com/watch?v=2gNBIUyNCE4,3721,908,61,1.64,48,8,5,0,2
Instagram,2026-06-12,,KOC,IG reel,"His words. Your wallet.

Spotted one of our billboards on the road? Snap a pic and send it to us in the DMs — we want to see it!

Navigate to stickershocksummer.org via the link in…",https://www.instagram.com/reel/DZfksY0kWTy/,3719,3014,313,8.42,284,15,7,7,6
Instagram,2026-01-02,,News,IG reel,"""Trump saying that the Epstein files will hurt his friends flies in the face of everything that his movement has stood for. When he says that he would drain the swamp, that was a l…",https://www.instagram.com/reel/DTCEEtYFHFx/,3717,3245,77,2.07,71,1,3,2,4
X,2026-07-12,Week 28,Tom & Bill,X analytics export,"Huge thanks to @SarahLongwell25 and @BillKristol for sharing our ad to show Americans who Todd Blanche really is, and why he should never be allowed to run the Justice Department, …",https://x.com/OfTheBraveUSA/status/2076421707418550389,3701,0,27,0.73,18,0,3,0,0
Instagram,2026-05-17,,Breaking News,IG reel,"New financial disclosures show Donald Trump making massive stock trades involving companies like Palantir, Dell, and Microsoft. Critics say Trump seems more focused on playing the …",https://www.instagram.com/reel/DYdcDFWFCoA/,3695,3287,124,3.36,91,6,23,4,2
YouTube,2026-02-11,,News,Shorts,Joe Rogan and Cheryl Hines on FBI's Epstein Conclusions | News,https://www.youtube.com/watch?v=vtyO2p1aU9A,3692,2714,107,2.9,98,4,5,0,1
Instagram,2026-08-06,Week 32,Breaking News,IG reel,"A new federal review has found that Trump's proposed 250-foot arch would damage dozens of Washington's most historic sites. 🏛️

According to a National Park Service assessment, the…",https://www.instagram.com/reel/Dbs8PNpDQVc/,3691,3145,98,2.66,85,8,4,1,2
Instagram,2026-02-24,,News,IG reel,"Rep. Garcia: ""We're beginning to see right now in some reporting is that there is a manifest that exists within the DOJ that talks about a survivor and some allegations that surviv…",https://www.instagram.com/reel/DVKKR0TAFua/,3689,3182,162,4.39,134,5,14,9,1
X,2026-06-19,,Newsletter,X analytics export,"In LESS THAN 30 MINUTES — live taping of Home of the Brave Podcast at 2PM ET. Sarah Matthews &amp; Bob Kagan break down the new US–Iran MoU. Watch on Substack, YouTube, X &amp; Fac…",https://x.com/OfTheBraveUSA/status/2068024540219781451,3688,0,30,0.81,11,1,4,0,0
YouTube,2026-05-02,,News,Shorts,"Sen. Blumenthal: ""I'd hate to see what losing looks like."" | News",https://www.youtube.com/watch?v=vbTVbegOu5w,3688,419,72,1.95,65,3,4,0,3
YouTube,2026-06-11,,Social Ads,Shorts,"Trump ""Loves the Inflation"" ‚Äî And It's Not the First Time He's Dismissed Your Wallet | Social Ads",https://www.youtube.com/watch?v=YPw0KCpvTx0,3683,554,116,3.15,97,9,10,0,1
YouTube,2026-08-12,Week 33,Breaking News,Shorts,Breaking News: Sailors Aboard USS Lincoln Trying to Jump Overboard Amid Extended Deployment,https://www.youtube.com/watch?v=0TrtwGzQL50,3674,956,242,6.59,223,7,12,0,3
Instagram,2026-07-29,Week 31,Breaking News,IG reel,"The EPA just exempted a wave of new power plants from the rules meant to prevent acid rain. ⚡
The guidance, issued Monday, covers ""islanded"" plants that serve only data centers and…",https://www.instagram.com/reel/DbZg3jniDhV/,3653,3216,97,2.66,86,7,1,3,2
Instagram,2026-02-24,,Produced Videos,IG reel,"George Retes, a U.S. citizen and veteran detained for 3 days by ICE: ""Agents shooting innocent people…It could have easily been me. I could have easily been one of those people…And…",https://www.instagram.com/reel/DVKRx6PgKy1/,3649,3316,280,7.67,263,5,3,9,6
Instagram,2026-02-24,,Newsletter,IG image,"At tonight’s State of the Union address, Donald Trump will undoubtedly lie, spread conspiracy theories, smear his enemies, say he did things that he didn’t, and say he didn’t do th…",https://www.instagram.com/p/DVKG0meDu0u/,3647,2353,51,1.4,29,1,19,2,1
X,2026-08-02,Week 31,Tom & Bill,X analytics export,"Tom Joscelyn: "" Rubio cited this to build his case [on left-wing terrorism], 'Between 1971-1972, the FBI counted 2,500 bombings on American soil by left-wing actors'… I wasn't even…",https://x.com/OfTheBraveUSA/status/2083980925931520184,3638,0,119,3.27,72,4,24,3,0
YouTube,2026-02-24,,News,Shorts,Rep. Garcia Discusses Missing Epstein Files That Accuse Trump of Crimes | News,https://www.youtube.com/watch?v=VdoZOX1py4Y,3638,580,208,5.72,185,9,14,0,9
X,2026-06-12,,Newsletter,raw scrape,"NEW: ""Right now we are missing in action, content to pull back our resources and hope against hope that, somehow, the disease will simply spare us…It’s never worked before; there’s…",https://x.com/OfTheBraveUSA/status/2065434183313326404,3636,0,41,1.13,25,0,13,2,0
Instagram,2026-05-25,,Breaking News,IG reel,Trump’s Memorial Day post is getting backlash from critics who say he has a long history of disrespecting the military. #BreakingNews,https://www.instagram.com/reel/DYx7eZIAvBd/,3635,3117,111,3.05,88,19,1,3,8
Instagram,2026-06-03,,Breaking News,IG reel,Trump compares the newly constructed UFC arena on the White House South Lawn to the Eiffel Tower and floats the idea of leaving it up after the fight takes place on June 14. #Break…,https://www.instagram.com/reel/DZJNdPTCbR_/,3635,3240,105,2.89,64,10,24,7,1
YouTube,2026-07-15,Week 29,Breaking News,Shorts,Breaking News: Trump $1 Coin,https://www.youtube.com/watch?v=fWov64978v8,3616,1870,133,3.68,89,38,6,0,4
Instagram,2026-05-29,,Breaking News,IG reel,"Last night, the White House posted a tweet linking to ""aliens.gov"" — a site teasing that extraterrestrials ""walk among us."" But scroll to the bottom, and the truth comes out: it's …",https://www.instagram.com/reel/DY8A7phlfmo/,3615,2847,76,2.1,52,11,7,6,0
Instagram,2026-01-28,,News,IG reel,"Andrew Schultz: "" Kash Patel said something like, 'why would you bring a gun to a protest?'… They're scrambling to defend something indefensible to the point where they're willing …",https://www.instagram.com/reel/DUE1ZvRAFdJ/,3614,2772,224,6.2,141,20,42,21,2
X,2026-05-21,,HOTB clips,raw scrape,".@stephen_richer: ""There's this weird situation where election officials are often portrayed by MAGA world as grossly incompetent...But then simultaneously they are these incredibl…",https://x.com/OfTheBraveUSA/status/2057257831884038534,3611,0,78,2.16,56,5,12,4,0
X,2026-06-24,,HOTB clips,raw scrape,"Bob Kagan: ""Trump really is not reliable, not even when you think he's reliable…That means the United States is not reliable, even when it says it's gonna be reliable. So much of o…",https://x.com/OfTheBraveUSA/status/2069808113553744284,3604,0,118,3.27,97,0,17,4,0
YouTube,2026-05-16,,Breaking News,Shorts,Breaking News: Trump Is Trading the Presidency Like a Portfolio,https://www.youtube.com/watch?v=2QwJSiVkscg,3603,382,354,9.83,338,8,8,0,7
Instagram,2026-07-08,Week 28,Breaking News,IG reel,"President Trump declared the Iran ceasefire ""over"" at the NATO summit today and the markets reacted within hours.

Oil surged nearly 6%, pushing U.S. crude back above $74 a barrel.…",https://www.instagram.com/reel/Daio0YFjT34/,3602,3094,57,1.58,49,6,1,1,3
X,2026-07-18,Week 29,Tom & Bill,raw scrape,"Tom Joscelyn: ""DHS is claiming that he tried to use his vehicle to ram officers…We've seen it disproven numerous times now. You're gonna really have to show me the evidence of that…",https://x.com/OfTheBraveUSA/status/2078514161911279647,3602,0,124,3.44,100,2,20,1,0
YouTube,2026-06-29,Week 27,Breaking News,Shorts,Breaking News: 40k Trump Passports,https://www.youtube.com/watch?v=xJmU-qOoPY0,3602,852,104,2.89,101,2,1,0,1
X,2026-07-19,Week 29,IHH Podcast Promo,X analytics export,"@BillKristol Catch the latest episode of It's Happening Here, out now: https://t.co/nxp3sKY7L4",https://x.com/OfTheBraveUSA/status/2078640763320016907,3601,0,7,0.19,5,0,0,0,0
X,2026-02-28,,Other,X analytics export,"JD Vance co-sponsored the ""End Endless Wars Act"" (introduced by Rand Paul) when he was a senator in 2023. https://t.co/EdTYGrifW7",https://x.com/OfTheBraveUSA/status/2027871593133998244,3598,0,87,2.42,34,1,11,4,0
YouTube,2026-05-26,,Breaking News,Shorts,Breaking News: Everything You Need to Know About the Iran Deal in 60 Seconds,https://www.youtube.com/watch?v=zIVtsto2VdQ,3594,779,309,8.6,293,13,3,0,8
X,2026-06-10,,HOTB Podcast Promo,raw scrape,"JOIN US for a live taping of The Home of the Brave Podcast tomorrow, June 11, at 12p ET on X, Facebook, YouTube, or Substack! Sarah Matthews and Michael Fanone will be discussing h…",https://x.com/OfTheBraveUSA/status/2064807699129278809,3581,0,18,0.5,10,0,7,1,0
Instagram,2026-05-13,,Breaking News,IG reel,Trump is weighing pardons for 250 criminals to celebrate America's 250th anniversary.,https://www.instagram.com/reel/DYS3wwggvwk/,3577,2698,191,5.34,103,34,42,12,2
Instagram,2026-05-12,,Breaking News,IG reel,New data reveals how Trump is making your life more expensive.,https://www.instagram.com/reel/DYPbLpzDbuY/,3566,2993,146,4.09,105,7,28,6,2
X,2026-07-21,Week 30,HOTB Podcast Promo,raw scrape,"Join us TODAY at 3:45pm ET for a live-taping of The Home of the Brave Podcast! @SarahAMatthews1 will sit down with Kori Schake, Senior Fellow and Director of Foreign and Defense Po…",https://x.com/OfTheBraveUSA/status/2079620123770372244,3561,0,7,0.2,4,0,2,1,0
X,2026-08-24,,Other,X analytics export,👇,https://x.com/OfTheBraveUSA/status/2091904654800019870,3555,0,84,2.36,61,2,9,0,0
X,2026-05-26,,General clips,raw scrape,"Sen. Warner on the war in Iran: ""I don't think any of the president's objectives when he started this war of choice are going to be met…But however we can end this, I don't know ho…",https://x.com/OfTheBraveUSA/status/2059345893355135002,3553,0,129,3.63,108,1,19,1,0
YouTube,2026-06-11,,Breaking News,Shorts,Breaking News: Trump Mobile Phone Drama,https://www.youtube.com/watch?v=n_Es-PXf4WY,3550,2295,170,4.79,158,8,4,0,4
YouTube,2026-07-23,Week 30,Breaking News,Shorts,Breaking News: Listen to Fox News React to Horrible Polling for Trump on the Economy,https://www.youtube.com/watch?v=3BBEJOWjMZY,3549,535,335,9.44,326,6,3,0,1
X,2026-06-09,,Newsletter,raw scrape,"""I never thought I would need to submit an affidavit to the Supreme Court, or write this essay in order to be able to run my small business unencumbered in the United States of Ame…",https://x.com/OfTheBraveUSA/status/2064383912915222951,3545,0,41,1.16,26,0,13,1,0
X,2026-06-17,,Sarah Matthews,raw scrape,".@SarahAMatthews1: ""What are the objectives of this deal? Trump initially said no nuclear weapons and regime change. Regime change is not happening…The International Atomic Energy …",https://x.com/OfTheBraveUSA/status/2067266768327025007,3520,0,106,3.01,86,1,16,3,0
TikTok,2026-07-01,Week 27,Breaking News,Video,"The FBI DIRECTOR bought up to $250K in a bitcoin company that does millions in business with his own DOJ 📉 and ""forgot"" to disclose it for 6 months — the law says he needed to repo…",https://www.tiktok.com/@ofthebraveusa/video/7657702011504233742,3507,0,570,16.25,479,25,38,28,0
X,2026-05-17,,HOTB clips,raw scrape,".@thomasjoscelyn on Seb Gorka: "" The counterterrorism strategy he just put out says that if you call the US government fascists, then you may be part of some sort of threatening mo…",https://x.com/OfTheBraveUSA/status/2056053691480789005,3495,0,183,5.24,147,0,31,5,0
X,2026-07-22,Week 30,HOTB clips,raw scrape,".@SarahAMatthews1 and AEI Sr. Fellow Kori Schake discuss the war in Iran: "" I think the president's trapped himself between humiliating concession or dramatic escalation in order t…",https://x.com/OfTheBraveUSA/status/2080075593366827370,3482,0,36,1.03,28,4,3,0,0
YouTube,2026-07-22,Week 30,Breaking News,Shorts,Breaking News: Don Jr.'s Investment Firm Has 200% Returns,https://www.youtube.com/watch?v=NH8YPzveXK4,3481,519,358,10.28,336,17,5,0,3
YouTube,2026-07-27,Week 31,Bill Kristol & Tom Joscelyn,Shorts,"Pete Hegseth is ""Manifestly Unqualified"" to be Defense Secretary w/ Bill Kristol & Tom Joscelyn",https://www.youtube.com/watch?v=sngi1kOgUc8,3480,669,271,7.79,261,7,3,0,5
Instagram,2026-08-10,Week 33,Breaking News,IG reel,"The One Big Beautiful Bill Act is already reaching into school cafeterias. 🍎

Since the law took effect, 4.5 million people have lost their SNAP benefits, including 1.5 million chi…",https://www.instagram.com/reel/Db4R3zVEim0/,3471,3168,168,4.84,139,16,10,3,5
X,2026-06-18,,HOTB Podcast Promo,raw scrape,JOIN US tomorrow at 2pm ET for a live-taping of Home of the Brave podcast! Sarah Matthews and foreign policy expert Bob Kagan will be discussing the ins and outs and potential cons…,https://x.com/OfTheBraveUSA/status/2067726517426090118,3461,0,14,0.4,8,0,6,0,0
Instagram,2026-07-16,Week 29,News,IG reel,"Blanche Questioned on the Trump Family Tax Settlement

Durbin: ""You don't believe that is a discharge forever from [tax] liability?""

Blanche: ""From past filings, yes it is.""

Durb…",https://www.instagram.com/reel/Da3xb3_jbLL/,3458,2700,58,1.68,47,3,3,5,1
Instagram,2026-05-12,,Sarah Matthews,IG reel,"Sarah Matthews expresses her gratitude for James Comey's courage in speaking out against the Trump administration, and echoes his calls for former DOJ officials like AG Bill Barr t…",https://www.instagram.com/reel/DYQS9gmgcdT/,3454,2871,188,5.44,166,6,5,11,7
Instagram,2026-01-29,,News,IG reel,"Trump: ""I don't want to drive housing prices down. I want to drive housing prices up for people who own their homes.""",https://www.instagram.com/reel/DUHT5EjDCsx/,3452,2187,49,1.42,19,6,12,12,1
YouTube,2026-05-25,,Breaking News,Shorts,BREAKING NEWS: Trump’s Memorial Day Message Sparks Backlash,https://www.youtube.com/watch?v=bHOWVX6Dp0s,3444,1048,397,11.53,381,15,1,0,5
X,2026-06-08,,Newsletter,raw scrape,"From sunscreen and burgers, to gas and airfare, there are countless ways your summer got more expensive this year. Our new Sticker Shock Summer site breaks down exactly how the Tru…",https://x.com/OfTheBraveUSA/status/2063986217486590270,3438,0,36,1.05,26,0,10,0,0
X,2026-05-27,,General clips,raw scrape,"Sen. Chris Murphy: ""It's kind of inappropriate for anybody to be working on their own political agenda right now…I've been putting [money] out to support citizen-led groups…That sh…",https://x.com/OfTheBraveUSA/status/2059738336311316811,3433,0,159,4.63,134,3,22,0,0
Instagram,2026-01-05,,Other,IG reel,"Officer Daniel Hodges narrates his body camera footage from January 6:

""That's me screaming because someone…is reaching underneath my visor and trying to gouge out my eye with his…",https://www.instagram.com/reel/DTJcMEyCAzf/,3427,2693,188,5.49,134,5,29,20,0
YouTube,2026-05-12,,News,Shorts,James Comey Calls on Former AG Bill Barr to Speak Out Against Trump | News,https://www.youtube.com/watch?v=Y9D63IcVDdY,3419,252,99,2.9,93,2,4,0,1
YouTube,2026-08-25,,Ad,Long-Form,What Americans Have to Say About Rising Gas Prices | Ad,https://www.youtube.com/watch?v=D9Csl5S_QY8,3410,713,89,2.61,58,3,28,0,15
Instagram,2026-06-03,,Breaking News,IG reel,GOP Senators stripped funding for Trump's ballroom from the reconciliation bill. #BreakingNews,https://www.instagram.com/reel/DZI8auBEWRp/,3408,2441,123,3.61,104,3,12,4,3
X,2026-07-14,Week 29,Other,X analytics export,"Now that we're back at war with Iran, gas prices are on the rise again. What are you paying to fill up these days? https://t.co/v6OkjKwa1A",https://x.com/OfTheBraveUSA/status/2077090308060299327,3404,0,50,1.47,27,3,10,2,0
YouTube,2026-06-12,,Breaking News,Shorts,Breaking News: Trump Fights to Keep Name on Kennedy Center,https://www.youtube.com/watch?v=_jEnNHjefv8,3404,545,93,2.73,89,3,1,0,6
X,2026-05-12,,HOTB Podcast Promo,X analytics export,"Introducing the Home of the Brave podcast! Every week, Home of the Brave leadership and friends will bring you content breaking down today's news and what it means for American dem…",https://x.com/OfTheBraveUSA/status/2054269815271903687,3394,0,25,0.74,11,0,7,2,0
Instagram,2026-05-22,,Breaking News,IG reel,New NYT reporting shows Iran and Oman are in talks to charge ships for passage through the Strait of Hormuz—suggesting U.S.-Iran negotiations are nowhere near conclusion despite wh…,https://www.instagram.com/reel/DYpQD9HCOwd/,3386,2859,60,1.77,54,4,0,2,1
Instagram,2026-07-24,Week 30,Breaking News,IG reel,"The Trump administration has rolled out new tariffs of 10% to 12.5% on imports from 60 trading partners, covering about 99% of everything the U.S. imports. 🌐

The tariffs took effe…",https://www.instagram.com/reel/DbLlTz4iR3S/,3382,2929,41,1.21,33,6,1,1,2
X,2026-05-19,,Breaking News,raw scrape,Donald Trump still plans to put his face on U.S. passports—alongside the Declaration of Independence signing and his signature in gold. He's also pushing a $1 coin with his face an…,https://x.com/OfTheBraveUSA/status/2056759524900450750,3379,0,123,3.64,92,4,26,0,0
Instagram,2026-05-28,,Breaking News,IG reel,Donald Trump has completely desecrated the White House grounds. #BreakingNews,https://www.instagram.com/reel/DY514kemhex/,3369,2926,135,4.01,101,27,1,6,4
Instagram,2026-06-12,,Breaking News,IG reel,"Just 36 hours before the Kennedy Center would have been forced to remove President Trump's name, the board voted to file an appeal of a federal judge's ruling that called the renam…",https://www.instagram.com/reel/DZf5tYrDg4M/,3367,2707,65,1.93,54,8,0,3,2
TikTok,2026-05-08,,Newsletter,Video,"Back in February, we wrote that Secretary of Commerce Howard Lutnick should show himself the door after documents released by DOJ contradicted his past statements about his relatio…",https://www.tiktok.com/@ofthebraveusa/video/7637601664223989006,3366,0,46,1.37,43,2,0,1,0
X,2026-05-18,,Breaking News,raw scrape,"Donald Trump's latest Truth Social posts show him commanding a Space Force from orbit, walking alongside a handcuffed alien, and pressing a red button captioned ""Target destroyed.""…",https://x.com/OfTheBraveUSA/status/2056480144944992545,3361,0,117,3.48,94,2,18,2,0
YouTube,2026-08-15,Week 33,Breaking News,Shorts,Breaking News: Todd Blanche's Glaring Contradiction on Law Enforcement,https://www.youtube.com/watch?v=aKJZEIvirkc,3360,407,319,9.49,296,22,1,0,1
X,2026-05-27,,General clips,raw scrape,"Sen. Murphy: ""People in this country aren't ready to give up on democracy. They think it's broken and corrupted, but they're not ready to give up…We have to level with people about…",https://x.com/OfTheBraveUSA/status/2059742647330173367,3354,0,229,6.83,178,1,48,2,0
X,2026-06-19,,Live podcast,X analytics export,"TODAY at 2PM ET — live taping of Home of the Brave Podcast. Sarah Matthews &amp; Bob Kagan dig into the new US–Iran MoU and what it means for America. Watch on Substack, YouTube, X…",https://x.com/OfTheBraveUSA/status/2067993388792656057,3349,0,27,0.81,14,0,4,1,0
X,2026-07-03,Week 27,Tom & Bill,X analytics export,"Tom Joscelyn: ""They are acting as if this is like the end of the nation…nobody had really even questioned it, and all of a sudden the end times are upon us because the Supreme Cour…",https://x.com/OfTheBraveUSA/status/2073090466996715766,3346,0,118,3.53,82,5,20,2,0
Instagram,2026-07-06,Week 28,Breaking News,IG reel,"Nearly one million people lost money buying Trump's meme coin — $3.8 billion in total, according to a blockchain analysis from the firm Nansen, reported by the New York Times. 

Th…",https://www.instagram.com/reel/DaeDNIND7rz/,3326,2780,259,7.79,213,17,19,10,17
X,2026-07-12,Week 28,Newsletter,X analytics export,"NEW: ""Blanche wants to add attorney general to his resume. But he’s the very last person who should be put in charge of America’s law enforcement apparatus. Home of the Brave is he…",https://x.com/OfTheBraveUSA/status/2076361521584537793,3326,0,243,7.31,162,1,63,1,0
YouTube,2026-05-22,,Breaking News,Shorts,Breaking News: The President's Son Is Making Millions in Federal Contracts.,https://www.youtube.com/watch?v=3KonWciXzzo,3325,594,470,14.14,397,9,64,0,9
X,2026-05-14,,Breaking News,raw scrape,"DHS is investigating Kristi Noem's purchase of $1 billion worth of vacant warehouses to potentially become ICE detention centers. She paid above 12% over market value, wasting mill…",https://x.com/OfTheBraveUSA/status/2054728567573856275,3316,0,311,9.38,229,1,76,4,0
Instagram,2026-05-13,,Breaking News,IG reel,"Kash Patel assembled a ""payback squad"" of FBI agents to go after more of Trump's perceived political enemies.",https://www.instagram.com/reel/DYTB-9-DaJg/,3315,2768,89,2.68,69,8,2,10,4
YouTube,2026-05-14,,Breaking News,Shorts,Breaking News: Kristi Noem Drama Escalates,https://www.youtube.com/watch?v=5Kf_3H12gn8,3314,1582,83,2.5,80,1,2,0,1
YouTube,2026-02-05,,News,Shorts,Rep. Jason Crow talks about ICE/CBP expansion | News,https://www.youtube.com/watch?v=2UhN9HGk3yY,3312,614,89,2.69,83,2,4,0,4
Instagram,2026-05-11,,Breaking News,IG reel,You won't believe what Trump's Transportation Secretary just did.,https://www.instagram.com/reel/DYOA-KKgkqU/,3303,2528,82,2.48,76,3,2,1,2
Instagram,2026-06-25,,Breaking News,IG reel,"The pitch was ""unity."" 🇺🇸

The Trump administration has been branding the America 250 celebrations as a unifying national moment. Then the Secretary of Transportation got on stage …",https://www.instagram.com/reel/DaBGmh6k9Tz/,3298,2833,33,1.0,31,2,0,0,3
X,2026-07-25,Week 30,Tom & Bill,raw scrape,"Tom Joscelyn: ""You're pushing close to about $50M in about two years to Trump from this major Saudi company that's reportedly tied to the Saudi royals over two years as he's conduc…",https://x.com/OfTheBraveUSA/status/2081054421530648966,3285,0,142,4.32,97,1,43,1,0
Instagram,2026-07-30,Week 31,Podcast Promo,IG image,"Todd Blanche’s Nomination in Chaos, ft. @aaronparnas 

🎙️ LIVE today, Thursday 12pm ET: The Home of the Brave Podcast. @sarahamatthews1 and Aaron Parnas break down Todd Blanche's s…",https://www.instagram.com/p/Dba0GIhDTp6/,3281,2017,45,1.37,43,2,0,0,1
X,2026-07-15,Week 29,HOTB Podcast Promo,X analytics export,@PeterTwinklage Watch @PeterTwinklage &amp; @SarahAMatthews1's full conversation on the latest episode of The Home of the Brave podcast: https://t.co/qnwl1ctFhW,https://x.com/OfTheBraveUSA/status/2077513346975207861,3281,0,23,0.7,4,0,1,1,0
X,2026-02-11,,General clips,X analytics export,"Q: ""Do you still feel comfortable working Secretary Lutnick after the new ties to Jeffrey Epstein were revealed?"" Hassett: ""Secretary Lutnick is one of my best friends in the whole…",https://x.com/OfTheBraveUSA/status/2021604655260684616,3273,0,106,3.24,29,30,11,5,0
X,2026-05-13,,HOTB clips,X analytics export,"Join Home of the Brave's @FanoneMich10892 and @thomasjoscelyn LIVE at 11 am ET TODAY! They'll be discussing Trump's ""Counterterrorism"" Charade and answering your questions! https:/…",https://x.com/OfTheBraveUSA/status/2054560045870846065,3263,0,39,1.2,8,2,3,0,0
X,2026-02-28,,Other,X analytics export,https://t.co/sa09n73wVl,https://x.com/OfTheBraveUSA/status/2027877666875969744,3247,0,125,3.85,35,0,13,10,0
Instagram,2026-07-30,Week 31,HOTB Pod,IG reel,"@aaronparnas on Todd Blanche's meeting with Epstein survivors: ""These survivors have been through hell and back, they survived horrific crimes. Their family members have survived h…",https://www.instagram.com/reel/DbcCLFCicXP/,3244,2598,252,7.77,228,2,14,8,6
X,2026-06-14,,Newsletter,raw scrape,"The Trump administration is still up to its eyeballs in Epstein and trying desperately to deflect, deny, and disparage. https://t.co/otleQEFhIH https://t.co/otleQEFhIH",https://x.com/OfTheBraveUSA/status/2066181444972499065,3242,0,74,2.28,60,0,13,1,0
Instagram,2026-03-04,,News,IG reel,"Marjorie Taylor Green: "" Pete Hegseth said this morning that we didn't start this war. But...America and Israel definitely started this war...I am irate. I am furious about this. W…",https://www.instagram.com/reel/DVe0n9ZiVq4/,3232,2580,360,11.14,155,14,182,9,5
YouTube,2026-08-19,Week 34,Breaking News,Shorts,Breaking News: Bizarre White House Video of Trump Lying About the Strait of Hormuz,https://www.youtube.com/watch?v=U9EtwN-Kqw4,3231,285,164,5.08,159,5,0,0,4
YouTube,2026-05-19,,Breaking News,Shorts,Breaking News: Trump's New Ballroom Is Also a SNIPER NEST,https://www.youtube.com/watch?v=wENkMwzvzug,3230,310,368,11.39,352,8,8,0,12
YouTube,2026-08-19,Week 34,Breaking News,Shorts,Breaking News: President Trump Spends Tuesday Inspecting Columns??,https://www.youtube.com/watch?v=aLtgdmdjTGE,3218,269,135,4.2,126,8,1,0,2
X,2026-07-11,Week 28,HOTB Podcast Promo,X analytics export,Watch the latest episode of the Home of the Brave podcast here: https://t.co/OhOdFIsJuT,https://x.com/OfTheBraveUSA/status/2076071800589504732,3210,0,20,0.62,6,0,0,4,0
YouTube,2026-07-27,Week 31,Breaking News,Shorts,Breaking News: Trump Is Fighting The Smithsonian Museums Again,https://www.youtube.com/watch?v=afB9sykSPr8,3209,536,439,13.68,422,13,4,0,3
X,2026-05-18,,HOTB clips,raw scrape,"Mike Fanone: "" You win elections these days by generating new people at the ballot box…What Donald Trump did back in 2015/16, was he invited these anti-government extremists to com…",https://x.com/OfTheBraveUSA/status/2056506649695682862,3199,0,112,3.5,90,0,20,2,0
X,2026-07-31,Week 31,HOTB clips,raw scrape,".@AaronParnas on Todd Blanche's meeting with Epstein survivors: ""These survivors have been through hell and back, they survived horrific crimes. Their family members have survived …",https://x.com/OfTheBraveUSA/status/2082982196940284365,3187,0,78,2.45,64,2,12,0,0
YouTube,2026-05-19,,Breaking News,Shorts,Breaking News: Top Treasury Lawyer QUITS Over Trump's $1.8B Slush Fund,https://www.youtube.com/watch?v=oBwoO8TMfXE,3183,387,416,13.07,404,6,6,0,10
YouTube,2026-08-12,Week 33,Breaking News,Shorts,Breaking News: Planned WH Renovations Set to Cost Over $900M,https://www.youtube.com/watch?v=spVnxOX-dWs,3183,345,150,4.71,133,13,4,0,2
X,2026-05-14,,Newsletter,raw scrape,This administration isn’t even pretending to care about the price hikes Americans are facing. We're bringing that home for people. Trump is focused on his ballroom. Not your grocer…,https://x.com/OfTheBraveUSA/status/2054922095751053454,3173,0,65,2.05,43,4,18,0,0
TikTok,2026-06-26,,Breaking News,Video,"The ""Great American State Fair"" reportedly lost power and the ice cream MELTED 💀🍦 Small thing but it says everything about how this America 250 stuff is going — vanity project over…",https://www.tiktok.com/@ofthebraveusa/video/7655694032290532621,3166,0,204,6.44,162,13,18,11,0
YouTube,2026-02-24,,News,Shorts,"Rep. Moulton: ""We Have Seen Nothing"" About Trump's Plans for Iran | News",https://www.youtube.com/watch?v=U0W_XyXRHu0,3165,291,33,1.04,28,5,0,0,0
YouTube,2026-07-28,Week 31,Breaking News,Shorts,Breaking News: Worst Polling For Trump in Either of His Terms,https://www.youtube.com/watch?v=6rb9dRYa0zw,3161,763,285,9.02,271,13,1,0,2
Instagram,2026-07-15,Week 29,News,IG reel,"Todd Blanche Won't Commit to Meeting Epstein Victims 

Sen. Booker: ""I was stunned earlier by your conversation with one of my colleagues that you wouldn't even commit to meeting w…",https://www.instagram.com/reel/Da1b_w3FDFT/,3157,2225,196,6.21,160,18,15,3,14
X,2026-07-15,Week 29,General clips,raw scrape,"Blanche: ""My communications with President Trump, I will not talk about. He does not, nor should he, he has no obligation to discuss pardon or commutations decisions with me, and h…",https://x.com/OfTheBraveUSA/status/2077423259893604674,3155,0,32,1.01,24,3,5,0,0
X,2026-08-19,Week 34,Sarah Matthews,X analytics export,".@SarahAMatthews1: ""Trump is willing to do anything and everything when it comes to disputing election results. He already tried to overthrow one election… What's so dangerous now …",https://x.com/OfTheBraveUSA/status/2089872474360238220,3155,0,164,5.2,125,1,29,4,0
YouTube,2026-08-08,Week 32,Bill Kristol & Tom Joscelyn,Long-Form,In Defense of the Multicultural Idea w/ Bill Kristol & Tom Joscelyn,https://www.youtube.com/watch?v=xtWbrt7GR3w,3151,64444,184,5.84,148,26,10,0,32
YouTube,2026-05-01,,News,Shorts,Sen. Reed Slams Pete Hegseth | News,https://www.youtube.com/watch?v=ps39cLi0JYs,3148,225,69,2.19,66,2,1,0,2
YouTube,2026-02-19,,News,Shorts,Saagar Enjeti on Trump's Accusers in the Epstein Files | News,https://www.youtube.com/watch?v=7Jyg4Z9SJzI,3136,807,33,1.05,32,1,0,0,2
YouTube,2026-06-22,,Breaking News,Shorts,Breaking News: Trump Shuts Down Investigation Into Ally,https://www.youtube.com/watch?v=KXRRfFziEwQ,3136,359,169,5.39,163,3,3,0,8
X,2026-05-11,,Breaking News,raw scrape,"Trump still thinks the gold at Fort Knox isn’t real. With a war in Iran and rising gas and grocery prices, this doesn't seem like where the president's attention should be.",https://x.com/OfTheBraveUSA/status/2053662076321595776,3132,0,76,2.43,58,3,13,1,0
YouTube,2026-08-19,Week 34,Breaking News,Shorts,"Breaking News: Trump Calls Americans Against the Ballroom ""Disloyal""",https://www.youtube.com/watch?v=o98aa_0LVzc,3128,410,161,5.15,146,11,4,0,1
YouTube,2026-08-11,Week 33,Breaking News,Shorts,Breaking News: Donald Trump Cannot Stop Falling Asleep in Meetings,https://www.youtube.com/watch?v=nAxl8nHwiW0,3127,604,278,8.89,268,8,2,0,2
X,2026-07-05,Week 27,Other,raw scrape,We've put another $2.5M into our Sticker Shock Summer campaign and brought the message to Times Square: The Trump administration's policies are driving your summer costs WAY UP.,https://x.com/OfTheBraveUSA/status/2073829556713103592,3126,0,121,3.87,92,4,25,0,0
YouTube,2026-08-04,Week 32,Breaking News,Shorts,Breaking News: Is Trump Inflating Stock Value Again?,https://www.youtube.com/watch?v=GzLDEwsDnlY,3124,372,53,1.7,51,2,0,0,1
Instagram,2026-05-28,,Breaking News,IG reel,The Trump administration is using $67 million in U.S. National Park entrance fees typically used for park maintenance to fund Trump's vanity projects in D.C. #BreakingNews,https://www.instagram.com/reel/DY5d4NciDoY/,3122,2616,112,3.59,83,15,8,6,2
Instagram,2026-05-07,,HOTB Pod,IG reel,The Gulf states are changing their stance on the Iran War.,https://www.instagram.com/reel/DYDSqIfCBrm/,3119,2160,76,2.44,62,7,3,4,4
X,2026-05-12,,General clips,raw scrape,"FCC Commissioner Anna Gomez: ""Any action that the [FCC] takes to try to retaliate against Disney for its free speech is legally suspect, and it will be reversed in court. That's wh…",https://x.com/OfTheBraveUSA/status/2053998590998024452,3117,0,76,2.44,61,0,12,3,0
X,2026-05-13,,Breaking News,raw scrape,"Kash Patel assembled a ""payback squad"" of FBI agents to go after more of Trump's perceived political enemies.",https://x.com/OfTheBraveUSA/status/2054705836379734388,3110,0,59,1.9,41,1,15,1,0
YouTube,2026-06-08,,Ad,Shorts,üö®Price increases ‚Äî Coming this summer to a grocery store aisle near you! | Ad,https://www.youtube.com/watch?v=UnLFCK_l7Eo,3103,6305,414,13.34,104,9,301,0,9
YouTube,2026-08-17,Week 34,Breaking News,Shorts,Breaking News: Todd Blanche Refuses to Say He Will Act Independent of the White House,https://www.youtube.com/watch?v=tld0V2YpnQg,3100,244,247,7.97,227,19,1,0,5
X,2026-08-22,Week 34,Newsletter,X analytics export,"NEW: ""The personal conduct of Hegseth provides several examples of a deficit of leadership. Let’s examine what this looks like up-close."" Read our latest on Pete Hegseth by @VetsFo…",https://x.com/OfTheBraveUSA/status/2091171716768628960,3099,0,164,5.29,69,0,18,3,0
X,2026-07-27,Week 31,Newsletter,X analytics export,"""What we are seeing with the Trump administration is an unrelenting and all-out assault on press freedom and a ceaseless attack on the First Amendment. These are not normal times, …",https://x.com/OfTheBraveUSA/status/2081814532209443303,3090,0,85,2.75,39,0,20,2,0
Instagram,2026-08-01,Week 31,Bill Kristol & Tom Joscelyn,IG reel,"Tom Joscelyn: ""Where's the political violence actually coming from today? It's not predominantly coming from opposition to the Trump regime and the government's policies — it's com…",https://www.instagram.com/reel/DbhI8zvicOY/,3084,2601,132,4.28,110,0,11,11,2
YouTube,2026-06-25,,Breaking News,Shorts,Breaking News: What's Going On At The Kennedy Center?,https://www.youtube.com/watch?v=AS4MoI3ep30,3076,293,69,2.24,64,4,1,0,0
Instagram,2026-02-05,,Produced Videos,IG reel,We all saw the videos. Congress must act. Impeach Kristi Noem.,https://www.instagram.com/reel/DUZNigslHc4/,3072,2307,190,6.18,163,2,14,11,13
YouTube,2026-02-24,,News,Shorts,Rep. Garcia Discusses Epstein Survivor Attendance at the State of the Union | News,https://www.youtube.com/watch?v=2q_FSBS_JMw,3067,867,149,4.86,140,6,3,0,11
Instagram,2026-08-20,Week 34,Breaking News,IG reel,"New reporting shows the Trump administration was warned that the Lincoln Memorial Reflecting Pool's peeling was a contractor error, nearly a month before it charged a man with vand…",https://www.instagram.com/reel/DcRYnbcDWVR/,3064,2670,126,4.11,117,6,0,3,3
X,2026-06-11,,HOTB Podcast Promo,raw scrape,"⏰ ONE HOUR AWAY! The Home of the Brave Podcast tapes LIVE today at 12p ET. Watch on X, Facebook, YouTube, or Substack. Sarah Matthews &amp; Michael Fanone break down how the admini…",https://x.com/OfTheBraveUSA/status/2065086736930111873,3059,0,18,0.59,13,0,5,0,0
X,2026-07-29,Week 31,General clips,X analytics export,"Q: ""Do you regret getting so involved in politics?"" Elon Musk: ""I think I got a little too involved in politics. I got carried away, frankly."" https://t.co/JsYyvsCX3v",https://x.com/OfTheBraveUSA/status/2082521630681550875,3059,0,80,2.62,38,5,12,2,0
YouTube,2026-07-26,Week 30,Bill Kristol & Tom Joscelyn,Shorts,A Warning That Iran War is Doing Lasting Damage to U.S. Power w/ Bill Kristol & Tom Joscelyn,https://www.youtube.com/watch?v=brPqs1y9x_0,3057,588,192,6.28,187,4,1,0,1
YouTube,2026-08-05,Week 32,Breaking News,Shorts,Breaking News: Tariff Refunds Aren't Going To Consumers ‚Äî¬†Just Corporations,https://www.youtube.com/watch?v=QESEhhcsIDI,3056,487,296,9.69,281,12,3,0,1
Instagram,2026-07-15,Week 29,Produced Videos,IG reel,"When asked if he was friends with President Trump, Todd Blanche dodged the question. But three months ago, he said ""I love you, sir"" about Trump on live television. 

Blanche (July…",https://www.instagram.com/reel/Da0-_X3DkcK/,3053,2431,23,0.75,16,4,0,3,0
X,2026-07-16,Week 29,General clips,raw scrape,"Epstein survivor Dani Bensky: ""The Epstein files are not merely a collection of embarrassing names and politically damaging associations. They are records connected to the sexual e…",https://x.com/OfTheBraveUSA/status/2077764925800280283,3051,0,202,6.62,147,3,49,1,0
YouTube,2026-02-06,,News,Shorts,3-Time Trump Voter Says He Is “Not Worthy of the Presidency” After Racist Post | News,https://www.youtube.com/watch?v=6etL43h3o8A,3051,813,155,5.08,126,5,24,0,4
Instagram,2026-02-24,,News,IG reel,"Virginia Giuffre's brother Sky: ""They might be ready to move on, but the rest of the world is not.""

Rep. Subramanyam: ""I want the president to look them in the eyes and tell them …",https://www.instagram.com/reel/DVKObjRCo0y/,3038,2690,224,7.37,201,14,2,7,2
Instagram,2026-07-06,Week 28,Breaking News,IG reel,"President Trump told Americans to buy Dell computers at a White House event this week, singling out CEO Michael Dell for praise.

His financial disclosures show his account bought …",https://www.instagram.com/reel/DadwU1kgnyh/,3038,2511,61,2.01,51,6,1,3,4
X,2026-07-02,Week 27,Produced videos,raw scrape,"From the grill to the gas tank, Independence Day is hitting wallets harder than ever this year. That’s why we’re running this video nationwide — so that the American people know wh…",https://x.com/OfTheBraveUSA/status/2072791684409069581,3037,0,79,2.6,59,1,16,2,0
Instagram,2026-05-12,,Breaking News,IG reel,"America was promised a gold-plated Trump phone.

Now it looks like America may never get one.",https://www.instagram.com/reel/DYP1s6CiVol/,3034,2463,114,3.76,91,1,16,6,1
X,2026-05-10,,Breaking News,raw scrape,Donald Trump just announced plans to remake Washington D.C.’s public golf courses — including Langston and Potomac — as part of his broader push to reshape the nation’s capital in …,https://x.com/OfTheBraveUSA/status/2053509323150516580,3029,0,130,4.29,98,5,27,0,0
Instagram,2026-01-03,,Produced Videos,IG reel,"Why did Donald Trump start a regime change war in Venezuela? Because Venezuela has the largest oil fields in the world. 

""We should take over the oil fields…To the victor belongs …",https://www.instagram.com/reel/DTDw8O-CcbN/,3028,2492,138,4.56,77,3,33,25,3
X,2026-07-03,Week 27,Tom & Bill,raw scrape,"Tom Joscelyn: ""The whole effort to demonize immigrants and immigration is really one of the more disgusting aspects of our modern age…But also, I think July 4th is a good reason to…",https://x.com/OfTheBraveUSA/status/2073165277961847187,3023,0,76,2.51,65,2,8,1,0
Instagram,2026-06-03,,Breaking News,IG reel,"The House of Representatives passed a war powers resolution on Iran 215 - 208, with four Republicans voting with Democrats. #BreakingNews",https://www.instagram.com/reel/DZJeoQ7EdP6/,3012,2373,66,2.19,60,1,0,5,0
X,2026-07-10,Week 28,HOTB clips,X analytics export,Watch Tom and @TheOmniLiberal's full conversation here: https://t.co/tiynbLSDwt,https://x.com/OfTheBraveUSA/status/2075706403872756222,3010,0,6,0.2,3,0,0,0,0
YouTube,2026-05-24,,Breaking News,Shorts,BREAKING NEWS: White House Staff Forced to Use Trump Praise App,https://www.youtube.com/watch?v=Eq4VAtRyvN4,2992,502,388,12.97,359,12,17,0,6
X,2026-02-28,,General clips,X analytics export,"Vance: ""Vote Trump for peace!""",https://x.com/OfTheBraveUSA/status/2027870075487727829,2989,0,50,1.67,35,0,6,2,0
Instagram,2026-06-24,,Breaking News,IG reel,"America 250 just reportedly booked Kash Patel's girlfriend, country singer Alexis Wilkins, to perform after a bunch of artists bailed.

For a supposed nationwide celebration, the l…",https://www.instagram.com/reel/DZ_SMMmgitp/,2986,2552,41,1.37,38,2,1,0,2
Instagram,2026-05-04,,Breaking News,IG reel,No other president has made the Oval Office look this hideous.,https://www.instagram.com/reel/DX79sqmgADX/,2977,2187,94,3.16,79,9,1,5,2
YouTube,2026-07-14,Week 29,Breaking News,Shorts,Breaking News: Trump is Putting His Face on Coins and Signature on Bills,https://www.youtube.com/watch?v=jKJTdqq9Y1I,2976,488,206,6.92,183,21,2,0,3
X,2026-06-27,,Tom & Bill,raw scrape,"Tom Joscelyn: ""The pendulum swings back and forth.That's sort the natural order of the political system, especially in a democracy…The authoritarian push is to stop the pendulum fr…",https://x.com/OfTheBraveUSA/status/2070897408771321885,2973,0,43,1.45,27,2,12,1,0
Instagram,2026-07-21,Week 30,Breaking News,IG reel,"Trump promised to cut your electricity bill in half. The deadline passed, and bills went up. ⚡

On the 2024 trail he said it over and over: energy and electricity prices slashed in…",https://www.instagram.com/reel/DbEMM4PE5jS/,2971,2477,57,1.92,50,4,1,2,2
X,2026-05-14,,HOTB clips,raw scrape,".@thomasjoscelyn on January 6th: ""There was a large element of organized right-wing extremists who came there with bad intentions to storm the Capitol and had plans to do so. Peopl…",https://x.com/OfTheBraveUSA/status/2055049579452616846,2971,0,97,3.26,77,0,18,1,0
X,2026-05-15,,Breaking News,X analytics export,"More Kash Patel Drama: FBI Director Took a ""VIP Snorkeling Trip"" in Hawaii. #WasteFraudAbuse https://t.co/5KpfbidfrG",https://x.com/OfTheBraveUSA/status/2055287116079264116,2957,0,173,5.85,110,3,36,6,0
YouTube,2026-06-16,,Breaking News,Shorts,Breaking News: Ballroom Drama,https://www.youtube.com/watch?v=JVcobeOOZh0,2952,371,90,3.05,85,3,2,0,1
X,2026-07-04,Week 27,Other,raw scrape,Record heat. 🔥 Record electricity bills. 🥵 Our Sticker Shock Summer billboards are up across the country reminding people that staying cool and comfortable shouldn't cost a fortune…,https://x.com/OfTheBraveUSA/status/2073497125623595471,2949,0,116,3.93,86,5,24,0,0
Instagram,2026-02-09,,News,IG reel,"Rep. Raskin: ""Epstein's lawyers synopsized & quoted Trump saying that Epstein…was a guest at Mar-a-Lago and he had never been asked to leave. That was redacted for some indetermina…",https://www.instagram.com/reel/DUjomn_AGmr/,2948,2252,151,5.12,137,1,5,8,2
Instagram,2026-05-26,,Breaking News,IG reel,National Economic Council Director Kevin Hassett just proved how out of touch the Trump administration is! #BreakingNews,https://www.instagram.com/reel/DY0WFMkAnI7/,2948,2550,90,3.05,78,10,0,2,1
X,2026-05-27,,General clips,raw scrape,"Sen. Van Hollen: ""This [war] has been a huge blunder from the very start…When you're digging a hole, you should just stop digging. This has already cost us 14 American lives. It's …",https://x.com/OfTheBraveUSA/status/2059656685132632411,2947,0,456,15.47,338,5,110,3,0
Instagram,2026-03-10,,News,IG reel,"Joe Rogan: ""It just seems so insane based on what he ran on. I mean, this is why a lot of people feel betrayed. He ran on no more wars, end these stupid, senseless wars. And then w…",https://www.instagram.com/reel/DVuJ7k1lVoT/,2944,1840,132,4.48,86,20,15,11,0
X,2026-07-19,Week 29,IHH Podcast Promo,X analytics export,"Watch the entire episode of It's Happening Here, out now: https://t.co/Q6gjLX9wsa",https://x.com/OfTheBraveUSA/status/2078934346635894911,2938,0,12,0.41,6,0,1,0,0
X,2026-08-02,Week 31,Tom & Bill,X analytics export,"Tom Joscelyn: ""Where's the political violence actually coming from today? It's not predominantly coming from opposition to the Trump regime and the government's policies — It's com…",https://x.com/OfTheBraveUSA/status/2083712676241228103,2938,0,86,2.93,59,1,16,3,0
Instagram,2026-06-15,,Breaking News,IG reel,"An ad during UFC 250 on the White House lawn promoted Trump gold coins — featuring Trump, his family, even him and Dana White. Prices run $250 to $12,000.

Follow for more updates.…",https://www.instagram.com/reel/DZoB7FyCPnX/,2934,2376,59,2.01,46,7,2,4,1
Instagram,2026-05-19,,Breaking News,IG reel,"The White House's new Bureau of Land Management director, Steve Pierce, is an oil millionaire who doesn't believe national parks should exist, has led rallies against endangered sp…",https://www.instagram.com/reel/DYiirxoEUc5/,2930,2501,161,5.49,93,7,53,8,2
Instagram,2026-02-12,,Produced Videos,IG reel,Former Rep. Marjorie Taylor Greene is speaking out!,https://www.instagram.com/reel/DUrnD2YDark/,2926,2237,199,6.8,136,7,43,13,4
YouTube,2026-07-17,Week 29,Breaking News,Shorts,Breaking News: Trump's Speech Last Night Was Insane,https://www.youtube.com/watch?v=SARSNwA3Shk,2913,591,175,6.01,173,1,1,0,1
X,2026-07-18,Week 29,IHH Podcast Promo,raw scrape,"This week on It's Happening Here, Tom and @BillKristol talk about the latest ICE killing in Maine, Todd Blanche's confirmation hearing Trump's primetime address on ""election interf…",https://x.com/OfTheBraveUSA/status/2078507098074198116,2890,0,8,0.28,7,0,1,0,0
X,2026-08-08,Week 32,IHH Podcast Promo,X analytics export,"This week on It's Happening Here, Tom and @BillKristol discuss the culture wars underpinning the American experiment and why it's more important than ever to defend American multic…",https://x.com/OfTheBraveUSA/status/2086111564868845738,2885,0,18,0.62,7,1,2,0,0
Instagram,2026-05-26,,Breaking News,IG reel,Trump said over the weekend the US was close to a deal to end his war in Iran — but US strikes on Iranian boats and military installations are pushing the tenuous ceasefire to its …,https://www.instagram.com/reel/DYztC0jgqgH/,2881,2413,40,1.39,38,2,0,0,1
Instagram,2026-05-06,,KOC,IG reel,Who is Paolo Zampolli?,https://www.instagram.com/reel/DYBCEI8D-qG/,2878,2379,177,6.15,154,3,14,6,33
YouTube,2026-05-13,,Breaking News,Shorts,Breaking News: Trump Doesn't Care About Americans' Finances,https://www.youtube.com/watch?v=ta_t9fQZaG0,2872,257,106,3.69,99,3,4,0,4
Instagram,2026-06-15,,Breaking News,IG reel,"Trump says America's 250th July 4th will now be 'the most spectacular Trump rally of them all' complete with his own playlist, after the original artists dropped out. Follow for up…",https://www.instagram.com/reel/DZnSXwSEhHF/,2871,2354,54,1.88,41,8,3,2,1
YouTube,2026-07-10,Week 28,Breaking News,Shorts,Breaking News: Palm Beach Int'l Airport Renamed to Donald J. Trump International Airport,https://www.youtube.com/watch?v=56wv1yelQtM,2861,611,139,4.86,125,14,0,0,4
YouTube,2026-07-27,Week 31,Breaking News,Shorts,Breaking News: Trump Made More Money in First Two Years of His Latest Term Than His Entire Career,https://www.youtube.com/watch?v=n_YNuLY91pk,2850,429,348,12.21,312,30,6,0,1
YouTube,2026-08-11,Week 33,Social Ads,Shorts,Trump's Strange Claim About Vaccines | Social Ads,https://www.youtube.com/watch?v=jI2Jef_iugQ,2847,385,180,6.32,150,23,7,0,2
Instagram,2026-08-04,Week 32,Breaking News,IG reel,"The U.S. and Iran can't even agree on whether they're at the negotiating table. ⚠️

President Trump says talks to end the war and reopen the Strait of Hormuz are underway, predicti…",https://www.instagram.com/reel/DbodlcbiXJ7/,2843,2494,64,2.25,59,5,0,0,3
YouTube,2026-07-27,Week 31,Breaking News,Shorts,Breaking News: You Have to See This: Trumps Truth Social Right Now is Completely Insane,https://www.youtube.com/watch?v=gnv9NH5a3Ow,2838,614,296,10.43,282,8,6,0,1
Instagram,2026-06-30,Week 27,Breaking News,IG reel,"The pitch: a new White House ballroom, fully paid for by private donors. No cost to you. 🏛️

The reported reality: a no-bid contract, with taxpayers now expected to cover about hal…",https://www.instagram.com/reel/DaOLxSajE7p/,2837,2216,58,2.04,52,2,3,1,7
X,2026-07-22,Week 30,HOTB Podcast Promo,X analytics export,"Watch @SarahAMatthews1 and Kori's full conversation on the latest episode of The Home of the Brave Podcast, out now: https://t.co/knuzF1xRwl",https://x.com/OfTheBraveUSA/status/2079730909129949416,2835,0,8,0.28,2,0,0,0,0
Instagram,2026-08-24,,Breaking News,IG reel,"The central argument for Trump's White House ballroom just got seriously undercut. 🏛️

To keep construction going, the administration told the Supreme Court that the project's unde…",https://www.instagram.com/reel/Dcb30_ZDIAC/,2834,2488,90,3.18,84,6,0,0,2
X,2026-08-14,Week 33,Other,X analytics export,"Federal judge to DOJ: ""The public has a right to know what the hell is going on"" in Epstein files case.",https://x.com/OfTheBraveUSA/status/2088274944035581987,2827,0,135,4.78,78,4,35,1,0
YouTube,2026-07-24,Week 30,Breaking News,Shorts,Breaking News: Trump Imposes New Tariffs,https://www.youtube.com/watch?v=HqI_RcQwjdI,2825,337,235,8.32,223,8,4,0,2
TikTok,2026-07-10,Week 28,Breaking News,Video,"Per an MS NOW exclusive: FBI Director Kash Patel has been demanding personal perks such as jet ski trips and helicopter tours from bureau employees on taxpayer-funded work travel, …",https://www.tiktok.com/@ofthebraveusa/video/7661007436102356238,2823,0,200,7.08,166,16,3,15,0
X,2026-07-19,Week 29,Newsletter,X analytics export,"NEW: ""What struck me about the Great American State Fair was its hollowness…As an architect and public historian, I saw a project grasping to recreate a moment in American history …",https://x.com/OfTheBraveUSA/status/2078844742918385954,2820,0,146,5.18,65,1,17,2,0
YouTube,2026-06-23,,Breaking News,Shorts,Breaking News: Trump Wants to Add Fist to Arch,https://www.youtube.com/watch?v=YPplj3MeMaE,2818,325,76,2.7,66,6,4,0,3
Instagram,2026-06-29,Week 27,Breaking News,IG reel,"Quick question: when was the last time a sitting American president put his own face on a passport?

The answer is never — which makes the State Department's reported plan to relea…",https://www.instagram.com/reel/DaLz17oCsRA/,2811,2438,18,0.64,15,1,0,2,1
Instagram,2026-05-19,,Breaking News,IG reel,"Gas prices have spiraled under this administration—the cheapest in the country is $3.99 in Texas, California is at $6.15, the entire West Coast plus Alaska and Hawaii are over $5, …",https://www.instagram.com/reel/DYh1kk8FW7G/,2801,2341,84,3.0,71,9,2,2,0
YouTube,2026-07-10,Week 28,Breaking News,Shorts,Breaking News: Trump Refuses to Sign Housing Bill Until SAVE America Act Passes,https://www.youtube.com/watch?v=54T6CAQ1Qw4,2796,836,123,4.4,109,12,2,0,0
YouTube,2026-06-17,,Breaking News,Shorts,Breaking News: Donald Trump Hates Windmills,https://www.youtube.com/watch?v=5OAu01brsyE,2795,364,61,2.18,54,5,2,0,2
TikTok,2026-04-17,,Newsletter,Video,"Before Jared Kushner became a billionaire, he was the wealthy son of a New York real estate magnate and paid next to nothing in federal income taxes for several years running. The …",https://www.tiktok.com/@ofthebraveusa/video/7629759866332024077,2794,0,97,3.47,82,7,5,3,0
X,2026-05-16,,HOTB clips,raw scrape,".@thomasjoscelyn: ""The physical violence that's used as part of this mass deportation scheme…The real elephant in the room is that it's the US government under the Trump regime tha…",https://x.com/OfTheBraveUSA/status/2055683744573407266,2786,0,88,3.16,64,2,18,4,0
YouTube,2026-07-13,Week 29,Breaking News,Shorts,Breaking News: Here's What You Need to Know About Todd Blanche,https://www.youtube.com/watch?v=TEflB5xIYKs,2784,888,209,7.51,202,5,2,0,2
YouTube,2026-08-13,Week 33,Breaking News,Shorts,"Breaking News: US Jobless Claims Continued to Rise Last Week to 209,000",https://www.youtube.com/watch?v=ClNupTLmKGY,2780,369,242,8.71,240,1,1,0,1
Instagram,2026-08-14,Week 33,Breaking News,IG reel,"More than two months after a federal judge ordered Trump's name removed from the Kennedy Center, his handpicked board just voted to put it back on. 🏛️

On Thursday, the board appro…",https://www.instagram.com/reel/DcBmylukvbE/,2778,2405,81,2.92,73,6,2,0,1
Instagram,2026-05-09,,Breaking News,IG reel,"BREAKING: Trump’s FCC Targets The View in Escalating Free Speech Crackdown

Donald Trump promised to protect free speech. Now his FCC is investigating critics like The View while t…",https://www.instagram.com/reel/DYIkg3fgkGz/,2769,2049,129,4.66,107,19,1,2,3
X,2026-06-01,,HOTB clips,raw scrape,".@BarbaraComstock: ""We've got $5 gas. We've got people who are concerned about affordability. When you have all these issues that we need to address for the American people, we nee…",https://x.com/OfTheBraveUSA/status/2061481648907338028,2766,0,45,1.63,39,0,5,1,0
Instagram,2026-08-26,,Breaking News,IG reel,"A Republican fundraising text sent in Vice President JD Vance's name is getting attention for what it quietly admits. 🛒

The message, shared by a Washington Post reporter, reads: ""…",https://www.instagram.com/reel/DcgVecIifPP/,2762,2271,23,0.83,22,0,0,1,0
YouTube,2026-06-12,,Breaking News,Shorts,"Breaking News: We Put Trump's ""I Love the Inflation"" Quote on Billboards Across America",https://www.youtube.com/watch?v=0bne_k0EHns,2762,1270,192,6.95,174,9,9,0,4
Instagram,2026-02-12,,Newsletter,IG carousel,"Secretary of Commerce Howard Lutnick said in 2025 that he was ""never in the room"" with Jeffrey Epstein. His emails, released by the Department of Justice, tell a different story.

…",https://www.instagram.com/p/DUrPDaBjqlP/,2757,1185,88,3.19,73,3,5,7,0
X,2026-07-26,Week 30,Tom & Bill,raw scrape,".@BillKristol: "" I really worry about the combination of Trump's total untrustworthiness, total incompetence, people looking at this war and thinking, 'what are they doing?'…It's t…",https://x.com/OfTheBraveUSA/status/2081399736200786250,2757,0,110,3.99,82,2,24,2,0
YouTube,2026-08-05,Week 32,Breaking News,Shorts,Breaking News: Awful Numbers for Trump,https://www.youtube.com/watch?v=axjix-dTISY,2737,277,173,6.32,169,4,0,0,2
Instagram,2026-01-20,,Produced Videos,IG reel,"A moment of silence for all that we lost this year…

- Presidential ethics
- Checks and balances
- Freedom of the press
- Due process rights
- American global leadership
- A compet…",https://www.instagram.com/reel/DTwOjPNDU3v/,2734,2301,326,11.92,219,4,62,41,8
X,2026-06-26,,Live podcast,raw scrape,Livestream: America’s Humiliating Surrender to Iran https://t.co/oTgulQkGRs,https://x.com/OfTheBraveUSA/status/2070568885611626809,2730,0,16,0.59,13,0,2,0,0
X,2026-05-19,,HOTB clips,raw scrape,".@thomasjoscelyn: ""More people have died protesting ICE and its operations by this administration this year than were killed by Antifa. We had two protestors executed in Minneapoli…",https://x.com/OfTheBraveUSA/status/2056865288633602107,2726,0,64,2.35,44,2,17,1,0
X,2026-06-11,,Newsletter,X analytics export,Learn more about how the Trump administration's policies are raising your prices this summer here: https://t.co/bmou8tXiKA,https://x.com/OfTheBraveUSA/status/2065108479262548290,2723,0,198,7.27,78,0,35,5,0
X,2026-07-13,Week 29,Tom & Bill,raw scrape,".@BillKristol on ICE shooting Lorenzo Araujo: ""This is a total disgrace and it is emblematic, I think, of the way DHS and ICE have been unleashed under Trump and therefore — to get…",https://x.com/OfTheBraveUSA/status/2076758953548005450,2723,0,78,2.86,56,2,19,1,0
Instagram,2026-08-19,Week 34,Breaking News,IG reel,"While Americans grapple with rising prices, the Transportation Secretary spent his day celebrating a Florida airport renamed after President Trump. ✈️

As of today, Palm Beach Inte…",https://www.instagram.com/reel/DcPWLbLiloM/,2697,2414,50,1.85,44,6,0,0,1
YouTube,2026-03-10,,News,Shorts,Joe Rogan: Epstein Files Redactions Protected Powerful People | News,https://www.youtube.com/watch?v=dsw5HfcGUFo,2684,1522,70,2.61,65,3,2,0,6
YouTube,2026-05-13,,News,Shorts,Rep. Garcia: Acting AG Todd Blanche is Breaking the Law | News,https://www.youtube.com/watch?v=_Mbz0HOXrg4,2683,261,230,8.57,217,12,1,0,7
YouTube,2026-07-06,Week 28,Breaking News,Shorts,Breaking News: Trump Memecoin Was a Scam From the Start,https://www.youtube.com/watch?v=rtVOT9Qe8Ew,2676,3520,271,10.13,240,25,6,0,8
YouTube,2026-05-01,,Social Ads,Shorts,Does '86' mean 'kil? | Social Ads,https://www.youtube.com/watch?v=-Oxw-cgyxi4,2668,557,60,2.25,46,11,3,0,1
Instagram,2026-07-31,Week 31,HOTB Pod,IG reel,"@aaronparnas: ""I think my biggest concern really is the weaponization of DOJ…Confirming Blanche as Attorney General will open the floodgates for the DOJ to go after the president's…",https://www.instagram.com/reel/DbeAEH2CQU1/,2662,2124,112,4.21,107,0,1,4,3
YouTube,2026-05-30,,Breaking News,Shorts,Breaking News: Trump Not Happy Artists Are Dropping His Event,https://www.youtube.com/watch?v=Wo_UMzmG0P8,2656,478,357,13.44,335,14,8,0,6
X,2026-08-08,Week 32,Tom & Bill,X analytics export,"Tom Joscelyn: ""Uprooting people from their communities and executing protesters on the streets — That is all very anti-American. And I think there is a backlash to this version of …",https://x.com/OfTheBraveUSA/status/2086215195701961148,2653,0,56,2.11,38,2,12,1,0
YouTube,2026-07-15,Week 29,Social Ads,Shorts,Blanch Now and Then | Social Ads,https://www.youtube.com/watch?v=NsSR0ng4rDU,2652,281,44,1.66,41,0,3,0,0
Instagram,2026-06-01,,Breaking News,IG reel,CNBC reports that Iran has stopped negotiating with the U.S. to end the war and vowed to completely block the Strait of Hormuz in response to what it says are repeated ceasefire vi…,https://www.instagram.com/reel/DZDFKR6gOOu/,2650,1961,63,2.38,54,5,1,3,1
Instagram,2026-08-12,Week 33,Breaking News,IG reel,"While Americans deal with rising prices, higher energy and gas costs, and an ongoing war, President Trump spent the day at his ""Patriot Games."" 🏅

The four-day youth competition in…",https://www.instagram.com/reel/Db8tG3BkzMy/,2646,2264,49,1.85,44,2,0,3,1
Instagram,2026-06-26,,Produced Videos,IG reel,"Trump on June 26, 2026: ""You know what they do, they cheat. 'How many votes do we need? How many votes?'""

Trump on January 2, 2021 during phone call with Georgia Secretary of Stat…",https://www.instagram.com/reel/DaEAPt8grmt/,2644,1964,106,4.01,66,6,21,13,0
X,2026-08-21,Week 34,General clips,X analytics export,".@sethmoulton: ""The administration has no clue how to get out of the mess that they've started…Every time we hear Trump up there saying, 'oh, well, you know, the Iranians are beggi…",https://x.com/OfTheBraveUSA/status/2090824994737516892,2644,0,140,5.3,93,0,26,3,0
Instagram,2026-07-20,Week 30,Breaking News,IG reel,FBI Director Kash Patel just released a hype video taking credit for World Cup security — it opens on him aboard a private jet and ends on a close-up of his FBI cap. His verdict on…,https://www.instagram.com/reel/DbCBHGhjQln/,2637,2240,78,2.96,64,9,3,2,1
X,2026-05-11,,Breaking News,raw scrape,"Donald Trump just called Iran's response to the US peace proposal ""totally unacceptable."" Expect higher gas prices until a deal is reached.",https://x.com/OfTheBraveUSA/status/2053628483314614568,2633,0,18,0.68,14,2,2,0,0
Instagram,2026-07-16,Week 29,Breaking News,IG reel,"Trump was asked a direct question: would restarting the Iran war raise inflation? 💵

His answer wasn't about the people paying for it. It was about defense contractors — ""the defen…",https://www.instagram.com/reel/Da300ZAj7dN/,2630,2417,31,1.18,27,2,1,1,2
X,2026-06-11,,Live podcast,raw scrape,Why EVERYTHING Costs More This Summer https://t.co/MYGtxz9M8W,https://x.com/OfTheBraveUSA/status/2065101977344786896,2629,0,16,0.61,11,0,4,0,0
X,2026-07-09,Week 28,Other,X analytics export,Spotted in Orlando. 🌴 Our Sticker Shock Summer billboards are up across the country reminding Americans why everything costs more this summer — and whose policies are driving it. T…,https://x.com/OfTheBraveUSA/status/2075249975596863560,2627,0,211,8.03,105,2,27,0,0
Instagram,2026-01-22,,News,IG reel,"Jack Smith: ""President Trump was charged because the evidence established that he willfully broke the very laws he took an oath to uphold. Grand juries in two separate districts re…",https://www.instagram.com/reel/DT1TcjNlCcq/,2623,1990,238,9.07,198,5,20,15,3
YouTube,2026-07-23,Week 30,Breaking News,Shorts,Breaking News: Polling on Trump's Ballroom is Horrible!,https://www.youtube.com/watch?v=KyisFLtNpP0,2616,317,147,5.62,146,1,0,0,1
Instagram,2026-07-29,Week 31,Newsletter,IG image,"Aangad Singh ‘Losing’ the Presidential 1776 Award is a Travesty

""I pushed myself to the breaking point because I trusted that if I worked harder than everyone else, and crammed mo…",https://www.instagram.com/p/DbYNjVXjZ7D/,2609,1046,24,0.92,23,0,1,0,2
Instagram,2026-05-25,,Breaking News,IG reel,"Instead of focusing on lowering costs for Americans, Donald Trump is posting bizarre AI videos throwing Stephen Colbert into a dumpster — and dancing while families keep paying mor…",https://www.instagram.com/reel/DYxpWj9DJkT/,2603,2178,97,3.73,70,22,2,3,3
Instagram,2026-05-19,,Breaking News,IG reel,"The president threatened to strike Iran on Sunday, then announced on Truth Social he's backing off, following the same pattern of talking big and backing down at the last minute wh…",https://www.instagram.com/reel/DYiNiwhD9E7/,2599,2207,63,2.42,54,7,0,2,2
YouTube,2026-05-22,,Bill Kristol & Tom Joscelyn,Shorts,"Taxpayer Funds, His Choice ‚Äî Incredible Corruption w/ Bill Kristol & Tom Joscelyn",https://www.youtube.com/watch?v=EV1dFvPeB58,2599,358,138,5.31,134,2,2,0,0
YouTube,2026-05-15,,Breaking News,Shorts,"BREAKING NEWS: Trump calls his gold statue a ""landmark.""",https://www.youtube.com/watch?v=wHuF4L2P424,2589,896,179,6.91,165,9,5,0,2
X,2026-05-18,,Breaking News,raw scrape,"A new New York Times/Siena poll shows Donald Trump hitting the lowest approval rating of either of his two terms — 37% approval, 31 points underwater on the economy, and 42 points …",https://x.com/OfTheBraveUSA/status/2056368940972998684,2583,0,112,4.34,76,5,27,3,0
Instagram,2026-05-21,,Breaking News,IG reel,Senate GOP just stripped $1 billion for the ballroom out of their bill—even after ground was already broken on the site of a planned military hospital—as the White House stays focu…,https://www.instagram.com/reel/DYnF9wbjejE/,2557,2236,92,3.6,83,4,2,3,3
X,2026-08-04,Week 32,Live podcast,X analytics export,LIVE NOW!,https://x.com/OfTheBraveUSA/status/2084672106718011694,2554,0,20,0.78,12,0,2,0,0
YouTube,2026-07-22,Week 30,Breaking News,Shorts,Breaking News: Pete Hegseth Said the War Has Cost $37.5B,https://www.youtube.com/watch?v=FHfVVlfyxQU,2543,363,209,8.22,192,14,3,0,1
TikTok,2026-07-06,Week 28,Breaking News,Video,"President Trump told Americans to ""go out and buy a Dell computer"" this week, praising CEO Michael Dell directly. His financial disclosures show his account bought up to $5.1 milli…",https://www.tiktok.com/@ofthebraveusa/video/7659514986422701326,2538,0,130,5.12,101,21,2,6,0
X,2026-08-06,Week 32,HOTB Podcast Promo,X analytics export,"Watch Harry and @SarahAMatthews1's full conversation on the latest episode of The Home of the Brave Podcast, out now on Apple, Spotify, Substack, and YouTube: https://t.co/wXzoZ2x3…",https://x.com/OfTheBraveUSA/status/2085162440388391418,2531,0,10,0.4,2,0,1,0,0
TikTok,2026-04-06,,Produced Videos,Video,"""To the victor belong the spoils. We haven't heard that."" Yes we have. Trump wants to take Iran's oil. He wanted to do the same thing in Iraq.",https://www.tiktok.com/@ofthebraveusa/video/7625773328866888973,2529,0,246,9.73,194,15,10,27,0
X,2026-07-15,Week 29,General clips,raw scrape,"Sen. Booker: ""Again and again, you seem to be favoring the interests of a president and the powerful. You've chosen Trump over truth. You've chosen corporations over the Constituti…",https://x.com/OfTheBraveUSA/status/2077436115682812211,2527,0,180,7.12,143,0,35,2,0
Instagram,2026-05-16,,Breaking News,IG reel,"BREAKING: The Trump administration’s hantavirus response is being led by a penile implant doctor with a history of spreading COVID conspiracy theories on far-right podcasts.

This …",https://www.instagram.com/reel/DYabvA1DUzS/,2522,2158,113,4.48,99,2,9,3,0
Instagram,2026-05-27,,Newsletter,IG image,"""We’re not sure what Comer means by “we’ll be able to move forward.” Who does “we” refer to? The Oversight Committee? The survivors? The American people? For the time being, “we” t…",https://www.instagram.com/p/DY23h-SjdTb/,2519,1567,46,1.83,43,0,0,3,0
Instagram,2026-07-17,Week 29,Breaking News,IG reel,"A new Washington Post-Ipsos poll puts Trump's approval at 37% — unchanged since April, with 61% disapproving. 📉

His approval on the economy, immigration, and the war with Iran are…",https://www.instagram.com/reel/Da5nLdXEoVt/,2514,2178,27,1.07,22,3,0,2,2
Instagram,2026-05-07,,HOTB Pod,IG reel,The US declares war ‘success’ and then reverses. @sarahamatthews1,https://www.instagram.com/reel/DYDWP6YiG8l/,2507,2104,52,2.07,49,2,0,1,3
YouTube,2026-05-01,,Social Ads,Shorts,What Do People Think of Trump's Renovations to the National Mall? | Social Ads,https://www.youtube.com/watch?v=lHAI3yMmeA8,2499,295,117,4.68,112,3,2,0,2
X,2026-08-11,Week 33,Newsletter,X analytics export,"NEW: ""The order, called 'Restoring Truth and Sanity to American History,' sought to remove any art deemed to be part of an un-American 'ideology' from being displayed by the Smiths…",https://x.com/OfTheBraveUSA/status/2087253747990757458,2490,0,157,6.31,83,2,36,5,0
YouTube,2026-08-20,Week 34,Breaking News,Shorts,Breaking News: Lowest Approval Rating in 2nd Term,https://www.youtube.com/watch?v=8bJ_IJP7fHA,2482,258,160,6.45,148,12,0,0,1
YouTube,2026-07-17,Week 29,Breaking News,Shorts,Breaking News: New WaPo Poll Has Horrible Numbers For Trump,https://www.youtube.com/watch?v=ZiZZfYGaeks,2480,672,113,4.56,108,5,0,0,0
Instagram,2026-06-30,Week 27,Breaking News,IG reel,"There are a lot of numbers you could put on a golden eagle. They reportedly chose 11. 🦅

That's the new gift unveiled at the White House — and the detail catching attention is the …",https://www.instagram.com/reel/DaNymbaup8F/,2476,1917,31,1.25,20,0,9,2,0
YouTube,2026-06-09,,Breaking News,Shorts,Breaking News: Trump Booed at Knicks Game,https://www.youtube.com/watch?v=_kA2pbf5lzk,2469,452,63,2.55,55,6,2,0,1
X,2026-08-08,Week 32,IHH Podcast Promo,X analytics export,"Watch Tom and @BillKristol's full conversation on the latest episode of It's Happening Here, out now on Apple, Spotify, Substack, and YouTube: https://t.co/yz3MdEE4Pf",https://x.com/OfTheBraveUSA/status/2086215197207769230,2460,0,1,0.04,0,0,1,0,0
Instagram,2026-02-10,,News,IG reel,"Rep. Kennedy: ""Do you believe your agency has a legal obligation to follow court orders?""

ICE Dir. Lyons: ""Yes.""

Rep. Kennedy: ""You have a very strange way of showing it, with a …",https://www.instagram.com/reel/DUmMxiuCtWa/,2459,1675,123,5.0,99,2,12,10,2
YouTube,2026-03-11,,News,Shorts,"Joe Rogan on Iran: ""Exactly the Opposite"" of What Trump Promised | News",https://www.youtube.com/watch?v=pfL9rlUeM-k,2458,8457,44,1.79,34,6,4,0,1
YouTube,2026-03-10,,News,Shorts,Vance in 2024: World Conflicts Come From Incompetent Leadership | News,https://www.youtube.com/watch?v=TDRhnHBXWWY,2451,356,66,2.69,46,6,14,0,1
YouTube,2026-06-29,Week 27,Breaking News,Shorts,Breaking News: Trump Is Obsessed With Trees,https://www.youtube.com/watch?v=glfCHnLyc2k,2450,605,50,2.04,48,2,0,0,3
Instagram,2026-07-03,Week 27,Bill Kristol & Tom Joscelyn,IG reel,"Tom Joscelyn: ""They are acting as if this is like the end of the nation…nobody had really even questioned it, and all of a sudden the end times are upon us because the Supreme Cour…",https://www.instagram.com/reel/DaVqP7siKJ2/,2449,1684,22,0.9,22,0,0,0,1
YouTube,2026-06-08,,Breaking News,Shorts,Breaking News: Home of the Brave JUST launched a $15M Sticker Shock Summer Campaign,https://www.youtube.com/watch?v=JVffAw89U80,2443,9571,190,7.78,109,11,70,0,20
Instagram,2026-02-13,,Sarah Matthews,IG reel,@sarahamatthews1 On Attorney General Bondi’s hearing on the Epstein files this week.,https://www.instagram.com/reel/DUtuiK2EZ5g/,2440,1803,156,6.39,142,7,4,3,6
TikTok,2026-02-10,,News,Video,"Rogan: ""The FBI concluded Jeffrey Epstein wasn't running a sex trafficking ring for powerful men, files show."" HHS Sec. RFK Jr.'s wife Cheryl Hines: ""That's uh…"" Rogan: ""That's the…",https://www.tiktok.com/@ofthebraveusa/video/7605404881926589710,2440,0,60,2.46,47,8,0,5,0
X,2026-07-22,Week 30,HOTB Podcast Promo,X analytics export,"@SarahAMatthews1 Watch the rest of The Home of the Brave Podcast's newest episode, out now: https://t.co/knuzF1xRwl",https://x.com/OfTheBraveUSA/status/2080075594893603312,2438,0,5,0.21,1,0,1,0,0
Instagram,2026-01-24,,News,IG reel,"Cumberland Co. Sheriff Joyce fumes over ICE arresting his corrections officer recruit in Maine

"" The book & the movie do not line up. What I heard from Tom Homan almost a year ago…",https://www.instagram.com/reel/DT5qwyWgd0W/,2435,1908,91,3.74,72,3,10,6,0
Instagram,2026-05-20,,Breaking News,IG reel,Two police officers who defended the Capitol on Jan. 6th are suing Trump to block his $1.8 billion slush fund — money that could end up paying the same insurrectionists they fought…,https://www.instagram.com/reel/DYkv-mCD8Ke/,2435,2025,233,9.57,203,16,9,5,6
X,2026-05-20,,HOTB clips,raw scrape,".@stephen_richer: ""If there are any allegations regarding tabulation switching votes, then you simply do a hand count audit, as many jurisdictions did. Georgia did two full recount…",https://x.com/OfTheBraveUSA/status/2057214976385831154,2433,0,53,2.18,40,1,10,2,0
X,2026-07-16,Week 29,HOTB Podcast Promo,X analytics export,"Catch Peter and @SarahAMatthews1's full conversation on the latest episode of The Home of the Brave Podcast, out now: https://t.co/GImW8UGo7Q",https://x.com/OfTheBraveUSA/status/2077884511086313617,2430,0,9,0.37,1,0,0,0,0
X,2026-08-09,Week 32,Tom & Bill,X analytics export,".@BillKristol: "" There's not much empirical evidence that they have more popular positions in the culture war. They've just fought them so much more aggressively."" Tom Joscelyn: "" …",https://x.com/OfTheBraveUSA/status/2086533065069785356,2430,0,29,1.19,14,1,3,0,0
X,2026-08-15,Week 33,IHH Podcast Promo,X analytics export,"Watch @BillKristol and Tom's full conversation on the latest episode of It's Happening Here, out now on Apple, Spotify, Substack and YouTube: https://t.co/VoFEuOZegR",https://x.com/OfTheBraveUSA/status/2088752640276537617,2430,0,7,0.29,3,0,1,1,0
YouTube,2026-04-22,,Social Ads,Shorts,Kash Patel's happy hour at the FBI might be coming to a close. | Social Ads,https://www.youtube.com/watch?v=VyUaNHNpnS0,2428,624,98,4.04,79,15,4,0,5
YouTube,2026-03-09,,News,Shorts,Vance on 8/14/24: Stop Sending Young People to Fight in Stupid Wars | News,https://www.youtube.com/watch?v=NOZyUamN4Gk,2427,645,142,5.85,46,2,94,0,4
X,2026-07-18,Week 29,IHH Podcast Promo,X analytics export,"Watch the full episode of It's Happening Here, out now: https://t.co/Q6gjLX9wsa",https://x.com/OfTheBraveUSA/status/2078514163643564427,2424,0,23,0.95,8,0,1,0,0
Instagram,2026-05-19,,Breaking News,IG reel,A new New York Times/Siena poll shows just 4% of Americans rate the economy as excellent and 49% call it poor—a sharp spike since the Iran war began—as Trump's approval falls to 37…,https://www.instagram.com/reel/DYhdyCRkVj6/,2423,2107,72,2.97,61,6,0,5,0
X,2026-07-31,Week 31,HOTB Podcast Promo,X analytics export,"@AaronParnas Watch Aaron and @SarahAMatthews1's full conversation on the latest episode of The Home of the Brave Podcast, out now on Apple, Spotify, YouTube, and our Substack: http…",https://x.com/OfTheBraveUSA/status/2082982198630621451,2421,0,5,0.21,1,0,0,0,0
YouTube,2026-08-05,Week 32,Home of the Brave Podcast,Long-Form,Jeanine Pirro Has Upset the Boss | Home of the Brave Podcast,https://www.youtube.com/watch?v=TW4YgjCtRiI,2421,38006,222,9.17,205,10,7,0,31
Instagram,2026-08-03,Week 32,Other,IG image,"War budget? ⬆️ Your budget? ⬇️ 

We put up this billboard in 16 states to educate Americans about this administration’s priorities.

Learn more about how the Trump administration’s…",https://www.instagram.com/p/DblsOb9jf5J/,2418,1578,193,7.98,173,2,16,2,7
Instagram,2026-02-17,,News,IG reel,"Dave Smith: ""He did a 180 and said 'There's no such thing as the the Epstein files, it's a Democratic hoax.'…How can any of you guys still support Donald Trump?""",https://www.instagram.com/reel/DU4Qq74EdBA/,2410,1489,62,2.57,52,5,1,4,4
Instagram,2026-07-24,Week 30,Breaking News,IG reel,"The Pentagon has quietly lowered its official Iran war death toll from 18 to 14. 🇺🇸

Four US service members killed over the weekend were removed from the count. Military officials…",https://www.instagram.com/reel/DbMMa9AG6hj/,2406,2173,51,2.12,39,9,2,1,2
YouTube,2026-06-25,,Breaking News,Shorts,Breaking News: Iran Attacks Ship in the Strait of Hormuz,https://www.youtube.com/watch?v=ghfwR827s0w,2401,663,116,4.83,107,4,5,0,8
YouTube,2026-08-24,,Breaking News,Shorts,Breaking News: Trump's Ballroom Argument Undercut Massively Per WaPo,https://www.youtube.com/watch?v=KXHbYQnbvLc,2393,149,147,6.14,145,2,0,0,2
Instagram,2026-02-18,,News,IG reel,"Saagar Enjeti: ""Trump's intimate relationship with Epstein is much deeper than he led on…Trump hung himself in his own public comments.""",https://www.instagram.com/reel/DU6zMnqjwYn/,2392,1887,85,3.55,77,0,5,3,5
X,2026-06-25,,HOTB Podcast Promo,raw scrape,"Join us tomorrow, June 26 at 2p ET for a live-taping of Home of the Brave podcast feat The Atlantic’s @RadioFreeTom and @SarahAMatthews1 discussing America’s surrender to Iran. We’…",https://x.com/OfTheBraveUSA/status/2070253150003450360,2391,0,15,0.63,9,1,4,1,0
YouTube,2026-05-25,,Breaking News,Shorts,BREAKING NEWS: Trump Posts AI Trash Video While Prices Keep Rising,https://www.youtube.com/watch?v=whaC4i3y4yk,2390,672,300,12.55,285,12,3,0,4
YouTube,2026-06-30,Week 27,Breaking News,Shorts,Breaking News: Trump Corrupt Stock Trading,https://www.youtube.com/watch?v=xMG0YENcqCY,2390,619,166,6.95,155,8,3,0,6
Instagram,2026-07-22,Week 30,Breaking News,IG reel,"The amount Donald Trump Jr. has made during the second Trump administration is staggering, and it's raising serious conflict-of-interest questions. 💰

According to a New York Times…",https://www.instagram.com/reel/DbGvQIMABLp/,2380,2119,59,2.48,50,2,5,2,1
YouTube,2026-06-08,,Ad,Shorts,Sticker Shock Summer | Ad,https://www.youtube.com/watch?v=bpragNzb8uE,2367,7344,201,8.49,110,7,84,0,10
Instagram,2026-07-30,Week 31,Breaking News,IG reel,"Three new polls this week put Trump's approval in the low 30s, near the lowest of his term. 📉

CNN has him at 34%, matching his post-January 6 low. AP-NORC has him at 33%. Quinnipi…",https://www.instagram.com/reel/Dba3zQXDcH-/,2362,1933,72,3.05,64,6,0,2,0
Instagram,2026-05-27,,Breaking News,IG reel,The Justice Department just opened an investigation into E. Jean Carroll. It’s the latest example of the department being weaponized to exact retribution on Trump’s foes. #Breaking…,https://www.instagram.com/reel/DY3JjTQDGGN/,2357,1961,145,6.15,109,28,5,3,4
X,2026-06-11,,Other,raw scrape,Thanks for sharing!,https://x.com/OfTheBraveUSA/status/2065183541495779330,2350,0,31,1.32,26,0,3,2,0
Instagram,2026-05-19,,Breaking News,IG reel,"Unemployed Americans now outnumber job openings for the first time in three years, reversing the post-COVID recovery as the economy strains under the war in Iran and this administr…",https://www.instagram.com/reel/DYipCGVCEHb/,2342,1996,65,2.78,58,5,1,1,2
YouTube,2026-05-19,,Breaking News,Shorts,Breaking News: Trump Just TACO'd on Iran ‚Äî Again,https://www.youtube.com/watch?v=yFqNhLtcEiw,2341,224,195,8.33,190,3,2,0,4
YouTube,2026-07-30,Week 31,Breaking News,Shorts,Breaking News: Horrible Polling for Trump's Approval,https://www.youtube.com/watch?v=Id-TI40Lxw0,2337,381,248,10.61,238,10,0,0,1
YouTube,2026-05-18,,Breaking News,Shorts,Breaking News: Last Person to See Epstein Alive Testifies Before House Oversight Today,https://www.youtube.com/watch?v=Bdu7W-hRUzM,2333,420,195,8.36,186,7,2,0,5
X,2026-06-03,,General clips,raw scrape,"Rep. Crow: ""The American people have had enough of endless conflict. They've had enough of spending trillions of dollars on endless cycles of conflict in the Middle East…Which is w…",https://x.com/OfTheBraveUSA/status/2062237141061480622,2330,0,96,4.12,76,1,18,1,0
X,2026-05-26,,Breaking News,raw scrape,"Trump continues his vanity projects as construction begins on a UFC octagon on the White House lawn. Meanwhile, Americans are struggling with soaring grocery bills, high gas prices…",https://x.com/OfTheBraveUSA/status/2059417128265003432,2323,0,61,2.63,44,1,15,1,0
Instagram,2026-07-30,Week 31,Breaking News,IG reel,"Two Republican senators just stalled Trump's pick for attorney general. 🏛️

The Senate Judiciary Committee postponed Thursday's vote on Todd Blanche after John Cornyn and Thom Till…",https://www.instagram.com/reel/DbbNAznkblT/,2317,1850,68,2.93,62,2,3,1,1
YouTube,2026-06-24,,Breaking News,Shorts,Breaking News: Trump Puts Face on Department of Interior Building,https://www.youtube.com/watch?v=lyS-eN7p5a4,2312,242,80,3.46,73,5,2,0,4
X,2026-07-14,Week 29,HOTB Podcast Promo,raw scrape,⏳ In JUST 25 MINUTES @PeterTwinklage and @SarahAMatthews1 go live on the Blanche hearings and the future of the DOJ. 12:30 PM ET — don't miss it! https://t.co/XXBG9nBKVz,https://x.com/OfTheBraveUSA/status/2077061953961206027,2308,0,8,0.35,5,1,2,0,0
TikTok,2026-06-08,,Produced Videos,Video,"🚨Price increases — Coming this summer to a grocery store aisle, gas station, and airfare ticket near you! We’re running this video ad as part of Home of the Brave’s new Sticker Sho…",https://www.tiktok.com/@ofthebraveusa/video/7649171026386947341,2301,0,148,6.43,71,6,47,24,0
Instagram,2026-06-15,,Breaking News,IG reel,New Reuters/Ipsos poll: 75% of Americans think the government is hiding information related to Epstein. Just 10% say it's helped get accountability for victims. Follow for updates.…,https://www.instagram.com/reel/DZny-kqjMYz/,2295,1920,96,4.18,87,5,0,4,2
Instagram,2026-08-10,Week 33,Breaking News,IG reel,"A federal appeals court has dealt a major blow to Trump's $400 million White House ballroom. ⚖️

In a 2-1 decision Friday, the DC Circuit Court of Appeals upheld a lower court's or…",https://www.instagram.com/reel/Db3YqcTCLQw/,2294,1808,132,5.75,116,4,11,1,0
X,2026-05-21,,Live podcast,raw scrape,“Anti-Weaponization” Slush Fund https://t.co/LFgwIOViIo,https://x.com/OfTheBraveUSA/status/2057469023584141330,2291,0,10,0.44,6,2,1,0,0
YouTube,2026-05-13,,Breaking News,Shorts,Breaking News: Trump Wants to Pardon 250 Criminals,https://www.youtube.com/watch?v=CfFf6YfDvUc,2283,281,51,2.23,41,6,4,0,1
YouTube,2026-08-14,Week 33,Breaking News,Shorts,Breaking News: Trump is Doing Everything in His Power to Add His Name to the Kennedy Center,https://www.youtube.com/watch?v=eyu95JCbKQQ,2282,381,207,9.07,196,9,2,0,3
Instagram,2026-02-25,,Sarah Matthews,IG reel,Read more at the link in bio.,https://www.instagram.com/reel/DVMoQpAEdm6/,2281,1920,153,6.71,108,11,15,19,4
X,2026-05-13,,HOTB Podcast Promo,X analytics export,"Introducing the Home of the Brave Podcast! Every week, Home of the Brave friends and leadership will break down the latest news and what it means for American democracy. Stay tuned…",https://x.com/OfTheBraveUSA/status/2054609006052741528,2281,0,29,1.27,8,0,1,0,0
X,2026-05-12,,Breaking News,raw scrape,Trump's Transportation Secretary is wildly out of touch.,https://x.com/OfTheBraveUSA/status/2054000209873543356,2275,0,55,2.42,42,1,11,1,0
X,2026-07-10,Week 28,HOTB Podcast Promo,raw scrape,"Today: @briantylercohen joins @SarahAMatthews1 live on The Home of the Brave Podcast to talk about his new book ""The Day After"" and the fight to make sure our democracy doesn't bec…",https://x.com/OfTheBraveUSA/status/2075586110856536357,2268,0,19,0.84,16,0,2,1,0
YouTube,2026-02-10,,News,Shorts,Ro Khanna Discusses Ghislaine Maxwell's Testimony at House Oversight Committee Hearing | News,https://www.youtube.com/watch?v=aUJ1ClJCatg,2267,601,143,6.31,136,7,0,0,3
YouTube,2026-02-04,,News,Shorts,"Rep. Meeks tells Secretary Bessent to ""stop being the president's flunky"" | News",https://www.youtube.com/watch?v=iVgfuDB4-pk,2261,844,54,2.39,49,3,2,0,6
YouTube,2026-07-15,Week 29,Breaking News,Shorts,Breaking News: Trump Paid E. Jean Carroll $5.6 Million,https://www.youtube.com/watch?v=EsGgbQI_KJY,2256,679,157,6.96,147,4,6,0,2
Instagram,2026-05-10,,Breaking News,IG reel,"BREAKING: Trump Escalates Controversial Boat Strikes

The Trump administration is still striking boats in the Caribbean that it accuses of drug trafficking. However, they have yet …",https://www.instagram.com/reel/DYKSe79lIwd/,2253,1782,84,3.73,74,5,1,4,1
X,2026-08-09,Week 32,IHH Podcast Promo,X analytics export,"@BillKristol Watch Bill and Tom's full conversation on the latest episode of It's Happening Here, out now on Apple, Spotify, Substack, and YouTube: https://t.co/yz3MdEE4Pf",https://x.com/OfTheBraveUSA/status/2086533066709778556,2250,0,2,0.09,1,0,0,0,0
X,2026-05-12,,General clips,raw scrape,"FCC Commissioner Gomez: ""My letter was meant to call this out and encourage Disney to continue its courageous pushback. What we've learned from [the Trump] administration is capitu…",https://x.com/OfTheBraveUSA/status/2053997332773941581,2235,0,54,2.42,41,0,10,3,0
X,2026-05-28,,General clips,raw scrape,"U. Michigan Economist Justin Wolfers: ""If what you want is rate cuts, you don't go and bomb a country in the Middle East, upsetting global energy markets and pushing prices up acro…",https://x.com/OfTheBraveUSA/status/2060029947759018420,2230,0,113,5.07,83,1,26,3,0
Instagram,2026-08-13,Week 33,Breaking News,IG reel,"The latest labor data came in softer than economists expected. 📉

Initial jobless claims rose to 209,000 last week, higher than the 202,000 analysts had forecast. On its own, that'…",https://www.instagram.com/reel/Db_w_isAc0W/,2227,1855,70,3.14,65,3,0,2,0
YouTube,2026-05-21,,Bill Kristol & Tom Joscelyn,Shorts,This Is the January 6th Administration w/ Bill Kristol & Tom Joscelyn,https://www.youtube.com/watch?v=DcN_P5qNB7k,2223,252,158,7.11,147,8,3,0,1
X,2026-08-16,Week 33,IHH Podcast Promo,X analytics export,"@BillKristol Watch Bill and Tom's full conversation on the latest episode of It's Happening Here, out now on Apple, Spotify, Substack, and YouTube: https://t.co/VoFEuOZegR",https://x.com/OfTheBraveUSA/status/2089117666292166915,2222,0,3,0.14,2,0,0,0,0
X,2026-05-28,,Live podcast,raw scrape,Can Congress Stop the ‘Anti-Weaponization’ Fund? https://t.co/edR9EJ64dd,https://x.com/OfTheBraveUSA/status/2060051020055457900,2220,0,16,0.72,9,1,4,1,0
YouTube,2026-05-05,,Breaking News,Shorts,Breaking News: No other president has made the Oval Office look this hideous.,https://www.youtube.com/watch?v=eUmL-zFgUlM,2219,352,32,1.44,27,4,1,0,1
Instagram,2026-06-14,,Breaking News,IG reel,"Everything you need to know about the UFC250 event at the White House. 

#BreakingNews #UFCWhiteHouse #UFC250 #WhiteHouse",https://www.instagram.com/reel/DZkhEiUCU53/,2217,1787,73,3.29,60,11,0,2,2
Instagram,2026-01-06,,News,IG reel,"Adam Kinzinger: ""Five years ago today, the president decided that America's legacy of the peaceful transfer of power was beneath him…He tried to rob the American people of their vo…",https://www.instagram.com/reel/DTLjyB_FXoh/,2216,1686,201,9.07,172,1,21,7,0
TikTok,2026-05-29,,Breaking News,Video,"Last night, the White House posted a tweet linking to ""aliens.gov"" — a site teasing that extraterrestrials ""walk among us."" But scroll to the bottom, and the truth comes out: it's …",https://www.tiktok.com/@ofthebraveusa/video/7645429296349056270,2206,0,64,2.9,47,3,8,6,0
TikTok,2026-02-19,,News,Video,"Les Wexner: ""At some of the fashion shows, Jeffrey [Epstein] was there and some Trump was there, and I remembered because Trump would always introduce himself to me and I always th…",https://www.tiktok.com/@ofthebraveusa/video/7608729085115698446,2205,0,119,5.4,101,2,8,8,0
YouTube,2026-06-04,,Breaking News,Shorts,Breaking News: House Passes War Powers Resolution,https://www.youtube.com/watch?v=bYJLr8OXCDw,2199,494,214,9.73,208,1,5,0,3
Instagram,2026-08-17,Week 34,Breaking News,IG reel,"The new Attorney General was asked a simple question, and his answer says a lot. 🏛️

On NBC's Meet the Press, Kristen Welker asked Todd Blanche, President Trump's former personal d…",https://www.instagram.com/reel/DcKHaWEggPo/,2194,2025,56,2.55,51,3,1,1,1
YouTube,2026-08-20,Week 34,Breaking News,Shorts,Breaking News: Three-Time Trump Supporter Calls Him Out for War in Iran,https://www.youtube.com/watch?v=nusRPoX8tfc,2189,295,133,6.08,128,5,0,0,1
X,2026-05-12,,Breaking News,X analytics export,Trump's Reflecting Pool repairs now cost $13.1 million. His handpicked contractor was originally supposed to do it for $1.8 million. https://t.co/PuKqJTMhww,https://x.com/OfTheBraveUSA/status/2053993167628689813,2181,0,68,3.12,43,0,15,0,0
Instagram,2026-06-11,,Breaking News,IG reel,"Yesterday, President Trump said he ""loves the inflation"" hitting millions of Americans with higher costs. 

Home of the Brave put that exact quote on billboards across the country …",https://www.instagram.com/reel/DZdlhctk9GE/,2178,1850,56,2.57,48,1,2,5,3
Instagram,2026-07-24,Week 30,News,IG reel,"Pete Buttigieg Responds to the Pentagon Removing Four Fallen Service Members from the Iran War's Death Toll 

Pete Buttigieg: ""This denial about the war is especially shocking when…",https://www.instagram.com/reel/DbLo31jj2lh/,2173,1873,87,4.0,72,2,9,4,5
YouTube,2026-06-02,,Breaking News,Shorts,Breaking News: Trump Still Immune From Tax Audits,https://www.youtube.com/watch?v=KwP54uOZy04,2170,264,98,4.52,84,9,5,0,1
YouTube,2026-05-17,,Breaking News,Shorts,BREAKING NEWS: Another Kash Patel Taxpayer Money Scandal,https://www.youtube.com/watch?v=cCZOm0TYzCY,2168,495,267,12.32,264,3,0,0,3
X,2026-07-30,Week 31,Live podcast,X analytics export,LIVE NOW! Tune in for a great conversation!,https://x.com/OfTheBraveUSA/status/2082859395898060817,2167,0,28,1.29,17,0,8,1,0
X,2026-06-29,Week 27,Newsletter,raw scrape,"NEW: ""This Fourth of July, Americans are going to pay a lot more to celebrate than they’re used to. That’s no accident. It’s the direct result of the Trump administration’s policie…",https://x.com/OfTheBraveUSA/status/2071707782730944722,2158,0,46,2.13,32,1,13,0,0
X,2026-08-02,Week 31,IHH Podcast Promo,X analytics export,"@BillKristol Watch Bill &amp; Tom's full conversation on the latest episode of It's Happening Here, out now on Apple, Spotify, and YouTube: https://t.co/is1dU67Ep0",https://x.com/OfTheBraveUSA/status/2083980927634473260,2157,0,2,0.09,1,0,0,0,0
X,2026-07-26,Week 30,IHH Podcast Promo,X analytics export,"@BillKristol Catch Bill &amp; Tom's full conversation on the latest episode of It's Happening Here, out now: https://t.co/kcwjCtH5Wd",https://x.com/OfTheBraveUSA/status/2081399737790459954,2155,0,4,0.19,2,0,0,1,0
Instagram,2026-08-25,,Breaking News,IG reel,"As his trade war with Canada spirals, President Trump is now threatening to rename Lake Ontario to ""Lake America."" 🗺️

In an early-morning Truth Social post Tuesday, Trump wrote th…",https://www.instagram.com/reel/DceGSmnEjF5/,2150,1863,65,3.02,44,13,3,5,3
YouTube,2026-03-03,,News,Shorts,"Gabbard in 2020: Iran Would Make Iraq & Afghanistan ""Look Like a Picnic"" | News",https://www.youtube.com/watch?v=-8SlMXPN_dg,2150,649,43,2.0,35,4,4,0,3
X,2026-01-11,,Newsletter,X analytics export,https://t.co/8wgPICeW1z,https://x.com/OfTheBraveUSA/status/2010161186147578372,2147,0,78,3.63,40,0,3,1,0
Instagram,2026-06-17,,Breaking News,IG reel,"🪰 So much for ""efficiency.""

The New World screwworm — a flesh-eating parasite that threatens our livestock and food supply — is back in the US. In 2025, the Trump administration a…",https://www.instagram.com/reel/DZsq_3AlMwp/,2139,1768,38,1.78,36,0,1,1,0
X,2026-08-26,,Newsletter,X analytics export,"""If allowed to go forward, this would be a singular dishonor to our service members, and a further disfigurement of the landscape to serve one man’s fragile ego. That’s why I’m sui…",https://x.com/OfTheBraveUSA/status/2092632573595836790,2139,0,207,9.68,108,0,35,4,0
X,2026-05-13,,HOTB clips,raw scrape,".@thomasjoscelyn on Trump's National Counterterrorism Strategy: ""This is the document that the January 6th administration would come up with…No mention of right-wing extremism or t…",https://x.com/OfTheBraveUSA/status/2054656048292585887,2137,0,41,1.92,35,0,4,2,0
Instagram,2026-06-30,Week 27,Breaking News,IG reel,"Trump reportedly purchased up to $5 million in stock in a company called Axon — and not long after, Axon reportedly secured a $220 million ICE contract for tasers and other law enf…",https://www.instagram.com/reel/DaOd16ICLma/,2136,1818,62,2.9,50,1,8,3,3
X,2026-05-21,,Breaking News,raw scrape,Senate GOP just stripped $1 billion for the ballroom out of their bill—even after ground was already broken on the site of a planned military hospital—as the White House stays focu…,https://x.com/OfTheBraveUSA/status/2057529569746223360,2136,0,118,5.52,91,2,23,2,0
Instagram,2026-07-10,Week 28,Breaking News,IG reel,"Trump announced this morning he won't sign the bipartisan housing bill — ""in PROTEST,"" because the Senate won't pass his SAVE America Act election measure. 🏠

But refusing to sign …",https://www.instagram.com/reel/DanbrJ7DZWN/,2126,1712,66,3.1,56,4,1,5,0
YouTube,2026-05-27,,Breaking News,Shorts,Breaking News: How Unaffordable is Life Under Trump?,https://www.youtube.com/watch?v=qlvNYH-bqLQ,2121,213,134,6.32,127,2,5,0,1
YouTube,2026-05-08,,Breaking News,Shorts,Breaking News: Trump Handed Millions to his pool Designer,https://www.youtube.com/watch?v=Zs95007QS8g,2119,275,54,2.55,48,4,2,0,4
YouTube,2026-07-12,Week 28,Bill Kristol & Tom Joscelyn,Shorts,Trump's Deportation Scheme is a Constitutional Crisis w/ Bill Kristol & Tom Joscelyn,https://www.youtube.com/watch?v=oEof9ziM_mY,2117,629,165,7.79,160,3,2,0,3
X,2026-01-15,,Produced videos,X analytics export,https://t.co/nVLxnVcEdI,https://x.com/OfTheBraveUSA/status/2011878993189032153,2114,0,422,19.96,14,0,4,3,0
X,2026-05-12,,Breaking News,raw scrape,A 22-foot gold statue of Trump was unveiled at one of his golf courses last week. Guess who else does this?,https://x.com/OfTheBraveUSA/status/2054219129414885662,2113,0,28,1.33,20,2,5,1,0
YouTube,2026-05-18,,Breaking News,Shorts,Breaking News: Trump Floods Truth Social With AI Space Slop,https://www.youtube.com/watch?v=mJ9tubCI0qI,2105,881,279,13.25,267,8,4,0,3
X,2026-05-13,,HOTB clips,raw scrape,".@thomasjoscelyn: "" MAGA has created this whole conspiracy world where the real heroes of that day who defended the Capitol have been turned into the villains. And the real villain…",https://x.com/OfTheBraveUSA/status/2054690653146349809,2103,0,40,1.9,29,2,8,0,0
X,2026-05-29,,Newsletter,raw scrape,"Shante is a veteran who served honorably for over six years. After being discharged, her and her husband used the Veteran's Affairs Servicing Purchase program to help finance their…",https://x.com/OfTheBraveUSA/status/2060355653856612687,2102,0,69,3.28,41,0,23,4,0
X,2026-05-12,,General clips,raw scrape,"Rep. Walkinshaw on Epstein-related prosecutions: ""We have a brick wall in the Trump administration and Department of Justice right now…It might be up to a different administration …",https://x.com/OfTheBraveUSA/status/2054250260889805136,2100,0,94,4.48,73,2,15,3,0
Instagram,2026-06-09,,Breaking News,IG reel,"A new Ipsos poll shows that just 35% of Americans approve of Trump's job, while 63% disapprove. 

A NY Times aggregator brings his total approval to 38%, and total disapproval to 5…",https://www.instagram.com/reel/DZXjoyfklEp/,2098,1752,51,2.43,37,1,12,1,0
Instagram,2026-06-23,,Breaking News,IG reel,"A 250-foot triumphal arch in Washington, D.C. — and according to new reporting, Trump asked aides whether he could place a giant replica of his raised fist on top, echoing his pose…",https://www.instagram.com/reel/DZ8LCTNlGGT/,2098,1556,96,4.58,77,13,3,3,2
X,2026-05-13,,Breaking News,raw scrape,Trump's reflecting pool drama gets even worse after he lied about not knowing the contractor hired to do the job.,https://x.com/OfTheBraveUSA/status/2054565643777650830,2097,0,124,5.91,89,0,35,0,0
X,2026-07-25,Week 30,HOTB clips,X analytics export,Full episode here: https://t.co/ueee9FdMAT,https://x.com/OfTheBraveUSA/status/2081054541873586614,2094,0,3,0.14,1,0,1,0,0
YouTube,2026-05-11,,Sarah Matthews,Shorts,"Trump promised farmers wealth, but instead, most are dealing with higher costs. | Sarah Matthews",https://www.youtube.com/watch?v=DyyyGkOPcj8,2094,265,68,3.25,59,6,3,0,0
X,2026-05-27,,Breaking News,raw scrape,HHS Secretary RFK Jr. and Dr. Oz play with snakes amid Ebola and Hantavirus outbreaks. This is what Trump's health team prioritizes — weird stunts over saving lives.,https://x.com/OfTheBraveUSA/status/2059439924034650441,2088,0,72,3.45,57,1,14,0,0
Instagram,2026-02-12,,Sarah Matthews,IG reel,@sarahamatthews1 breaks down the Lutnick-Epstein relationship.,https://www.instagram.com/reel/DUrOANFDXqF/,2080,1606,118,5.67,105,6,4,3,5
X,2026-07-03,Week 27,Tom & Bill,raw scrape,"""The administration relied on arguments that were once fringe—ideas similar, if not identical to, those advanced by a conspicuous source: John Eastman."" Read the latest from Tom Jo…",https://x.com/OfTheBraveUSA/status/2073029158792208813,2075,0,20,0.96,16,0,4,0,0
X,2026-05-15,,Breaking News,raw scrape,BREAKING: The Trump admin has seemingly begun construction on a triumphal arch in DC. Watch to learn more!,https://x.com/OfTheBraveUSA/status/2055363025566155230,2068,0,77,3.72,56,3,17,0,0
X,2026-05-27,,Other,raw scrape,"For everyday Americans living in the present, higher gas prices are not a ""strong symbol of optimism.""",https://x.com/OfTheBraveUSA/status/2059692126401622331,2065,0,47,2.28,36,3,6,1,0
TikTok,2026-05-04,,Breaking News,Video,No other president has made the Oval Office look this hideous.,https://www.tiktok.com/@ofthebraveusa/video/7636198616389913869,2063,0,136,6.59,121,11,0,4,0
X,2026-05-15,,Breaking News,raw scrape,"BREAKING: Trump calls his gold statue a ""landmark.""",https://x.com/OfTheBraveUSA/status/2055321185643073825,2061,0,49,2.38,39,3,6,1,0
Instagram,2026-01-23,,Produced Videos,IG reel,"RFK says Americans should “eat real food.”

Well here’s what “real food” costs at Walmart thanks to Trump…",https://www.instagram.com/reel/DT3qHQ0ETID/,2059,1651,48,2.33,36,3,5,4,2
YouTube,2026-03-03,,News,Shorts,"JD Vance on Iran in June 2025: ""We Don't Want Regime Change"" | News",https://www.youtube.com/watch?v=pH6CN8zNFvc,2057,362,22,1.07,16,4,2,0,0
X,2026-03-19,,Other,X analytics export,NYT: https://t.co/xBHuuDBxdW,https://x.com/OfTheBraveUSA/status/2034717119858852276,2049,0,100,4.88,12,1,10,1,0
YouTube,2026-05-19,,Breaking News,Shorts,Breaking News: Trump's Face Is Coming to Your Passport ‚Äî and a $1 Coin,https://www.youtube.com/watch?v=3aRxvwUDZVU,2048,357,152,7.42,147,4,1,0,2
TikTok,2026-05-11,,News,Video,"Rep. Boyle: ""The medicaid cuts that Republicans passed last year as part of their big tax cut for billionaires take effect this December…15 million people are going to lose their h…",https://www.tiktok.com/@ofthebraveusa/video/7638683062410300686,2047,0,213,10.41,172,9,13,19,0
X,2026-05-27,,General clips,raw scrape,"Sen. Van Hollen: ""Right now, this war is costing us dearly. Higher prices in terms of gas and groceries. Interest rates are up. Consumer confidence is down.""",https://x.com/OfTheBraveUSA/status/2059658385272824026,2046,0,136,6.65,104,0,31,1,0
Instagram,2026-06-11,,Produced Videos,IG reel,"Yesterday, Trump said he ""loves the inflation."" It's not the first time he's shrugged off your wallet — just last month he said he doesn't ""think about Americans' financial situati…",https://www.instagram.com/reel/DZdqwVwlD2S/,2040,1763,83,4.07,54,5,16,8,3
X,2026-05-27,,General clips,raw scrape,"Sen. Murphy: ""There are a lot of citizen groups that badly need money…We should be putting less of our money into official party structures, at least right now, when the democracy …",https://x.com/OfTheBraveUSA/status/2059740928747688034,2039,0,65,3.19,49,0,15,1,0
X,2026-08-08,Week 32,Tom & Bill,X analytics export,"Tom Joscelyn: "" These consultant types talk about the price of eggs or inflation. Sure — make all those arguments, absolutely. But who is fighting for the American multiculture?"" h…",https://x.com/OfTheBraveUSA/status/2086114404915900583,2038,0,18,0.88,13,1,0,0,0
X,2026-05-12,,Other,raw scrape,Trump just said the quiet part out loud.,https://x.com/OfTheBraveUSA/status/2054277602047602711,2032,0,40,1.97,26,0,14,0,0
X,2026-05-14,,Sarah Matthews,raw scrape,Inflation just hit 3.8% — the highest it's been since 2023. But Trump shrugged off Americans' financial pain when asked whether soaring gas and grocery prices factored into his neg…,https://x.com/OfTheBraveUSA/status/2054947675234070822,2031,0,42,2.07,32,1,8,1,0
Instagram,2026-05-09,,Breaking News,IG reel,"BREAKING: Gas Prices Surge Across America as Iran Crisis Escalates

Gas prices are exploding across America, with nearly every state now over $4 a gallon and California already abo…",https://www.instagram.com/reel/DYI5HMYiiRp/,2030,1688,43,2.12,38,2,0,3,4
X,2026-07-12,Week 28,IHH Podcast Promo,X analytics export,"Watch the latest episode of It's Happening Here, out now: https://t.co/UBAWvQzzTh",https://x.com/OfTheBraveUSA/status/2076109558045426111,2028,0,27,1.33,5,0,1,0,0
X,2026-08-03,Week 32,HOTB Podcast Promo,X analytics export,"🚨 LIVE Tuesday, Aug 4 @ 12PM ET This week on The Home of the Brave Podcast, @harryjsisson joins @SarahAMatthews1 to discuss the Reflecting Pool ""vandalism"" case, Todd Blanche's con…",https://x.com/OfTheBraveUSA/status/2084414248352915697,2028,0,8,0.39,4,0,3,0,0
X,2026-05-19,,Breaking News,raw scrape,"A top Treasury Department lawyer just resigned over Trump's $1.8 billion slush fund. Brian Morrissey, the department's general counsel, stepped down after the administration announ…",https://x.com/OfTheBraveUSA/status/2056812451945967718,2027,0,129,6.36,94,2,32,1,0
X,2026-05-21,,HOTB clips,raw scrape,".@thomasjoscelyn: ""This is the single most corrupt politician in the history of America... This makes Aaron Burr's corruption look like an ant mound. This is the Himalayan mountain…",https://x.com/OfTheBraveUSA/status/2057605092606410761,2005,0,71,3.54,48,1,20,2,0
Instagram,2026-05-18,,HOTB Pod,IG reel,"Mike Fanone: ""No one has done more to normalize political violence than Donald Trump and his administration.""",https://www.instagram.com/reel/DYfvu9uiEvo/,2004,1702,550,27.45,443,10,90,7,6
X,2026-05-20,,Breaking News,raw scrape,"The Trump job market is collapsing. For the first time in three years, there are now more unemployed Americans than there are job openings in the country — reversing a trend that h…",https://x.com/OfTheBraveUSA/status/2056902936647577684,2003,0,67,3.34,45,2,17,0,0
Instagram,2026-06-02,,Breaking News,IG reel,"Amid collapsing negotiations to end the war with Iran, the White House assures the public that ""it will work out well in the end"" without providing any specific details or updates.…",https://www.instagram.com/reel/DZFwMTwDMVF/,2001,1677,57,2.85,43,2,11,1,2
Instagram,2026-06-02,,Newsletter,IG image,"Bondi’s prepared remarks began with a full-throated deflection: “As the head of a large Department with broad responsibilities, I did not lead every aspect of this effort or conduc…",https://www.instagram.com/p/DZF0veija25/,2001,1279,29,1.45,24,1,0,4,0
Instagram,2026-03-11,,News,IG reel,"Joe Rogan on Trump: ""He's 80. He doesn't have much to lose. That's the scary thing about old leaders. Death is imminent — it's within a decade, if you're lucky. That's spooky. You'…",https://www.instagram.com/reel/DVwv4rBANxv/,1998,1460,77,3.85,42,24,7,4,0
Instagram,2026-08-06,Week 32,HOTB Pod,IG reel,"@sarahamatthews1 on the Reflecting Pool: "" I was so angry looking back on all the clips of Judge Jeanine and Doug Burgum saying that this was obviously the result of vandalism.""

@…",https://www.instagram.com/reel/Dbtxkh9gpl0/,1995,1650,89,4.46,83,2,0,4,5
TikTok,2026-06-08,,Produced Videos,Video,Trump’s policies are making summer cost more this year. See for yourself. We’re running this video as part of Home of the Brave’s new Sticker Shock Summer campaign showing how Trum…,https://www.tiktok.com/@ofthebraveusa/video/7649047296490917133,1995,0,177,8.87,140,6,18,13,0
Instagram,2026-02-17,,News,IG reel,"Shawn Ryan: ""I guess the whole 'drain the swamp' campaign promise was another fucking bullshit lie. Man, the lies are stacking up fast. I've never seen so many fucking lies…It's on…",https://www.instagram.com/reel/DU4J0hEij9y/,1994,1584,179,8.98,121,7,44,7,3
X,2026-07-16,Week 29,Newsletter,raw scrape,"NEW by @stanveuger: ""The administration is increasing tariffs, purportedly to address the national security threats posed by imported kitchen cabinets, whipped cream cans, and a wi…",https://x.com/OfTheBraveUSA/status/2077790697713774919,1991,0,34,1.71,21,0,10,2,0
YouTube,2026-05-29,,Breaking News,Shorts,Breaking News: White House Before and After Photos,https://www.youtube.com/watch?v=Y6LG__jhvvc,1990,890,228,11.46,209,8,11,0,13
Instagram,2026-05-07,,Breaking News,IG reel,"In February, the Florida state legislature passed a bill renaming Palm Beach International Airport to Donald J. Trump International Airport.",https://www.instagram.com/reel/DYDon6FE1gb/,1989,1480,16,0.8,14,1,1,0,0
X,2026-08-06,Week 32,HOTB Podcast Promo,X analytics export,"Watch Harry and Sarah's full conversation on the latest episode of The Home of the Brave Podcast, out now on Apple, Spotify, Substack, and YouTube: https://t.co/wXzoZ2x3fR",https://x.com/OfTheBraveUSA/status/2085489116842516648,1987,0,8,0.4,3,0,1,0,0
YouTube,2026-06-02,,Breaking News,Shorts,Breaking News: White House Twitter is Covering for Trump HARD,https://www.youtube.com/watch?v=H3T67NvoBqg,1984,279,105,5.29,102,3,0,0,6
YouTube,2026-08-04,Week 32,Breaking News,Shorts,"Breaking News: Iran Deal Talks Are Happening, But Iran Denies They Are",https://www.youtube.com/watch?v=GFXnIh__TEE,1977,468,60,3.03,56,3,1,0,0
Instagram,2026-02-06,,News,IG reel,"3-Time Trump voter after Trump posted a racist meme: ""[Trump] is not worthy of the presidency. He takes bribes blatantly. Now he's being a racist blatantly…I just want to apologize…",https://www.instagram.com/reel/DUb_Z6akSqK/,1975,1609,144,7.29,103,3,29,9,1
YouTube,2026-05-27,,Breaking News,Shorts,Breaking News: RFK and Dr Oz Having a Playdate,https://www.youtube.com/watch?v=ijBXzsNfX7Y,1975,391,224,11.34,208,14,2,0,5
Instagram,2026-05-26,,Breaking News,IG reel,"Trump's DOJ just removed press releases on the arrests of January 6th rioters, calling them ""partisan propaganda."" #BreakingNews",https://www.instagram.com/reel/DY0NYIfCpf_/,1968,1751,28,1.42,23,2,0,3,0
Instagram,2026-08-15,Week 33,Bill Kristol & Tom Joscelyn,IG reel,"Tom Joscelyn: ""There's been a depreciation of American power, and I think it will further depreciate over the next two years. Even if we get through that without a major crisis, th…",https://www.instagram.com/reel/DcE8j0SGd7v/,1966,1684,56,2.85,54,0,0,2,1
X,2026-05-28,,General clips,raw scrape,"Rep. Garcia: ""This is an opportunity for [Bondi] to be honest, come clean, and give us the facts so that we can understand why there has been this consistent cover-up. Why did the …",https://x.com/OfTheBraveUSA/status/2060066574841602122,1966,0,141,7.17,114,1,23,1,0
Instagram,2026-06-02,,Breaking News,IG reel,"Despite the court ordered pause of Trump's $1.8B ""anti-weaponization"" slush fund, U.S. officials continue to recognize Trump and his family's immunity from tax audits. #BreakingNew…",https://www.instagram.com/reel/DZGQXnalPyt/,1965,1440,55,2.8,37,4,11,3,1
Instagram,2026-05-27,,Breaking News,IG reel,Former AG Pam Bondi is set to appear before the House Oversight committee this Friday to answer for her mishandling of the Epstein Files. #BreakingNews,https://www.instagram.com/reel/DY3Ns2KAcWo/,1964,1567,55,2.8,49,2,1,3,2
X,2026-05-13,,Breaking News,raw scrape,"The Trump administration was caught lying about the war in Iran, claiming that the U.S. had ""decimated"" Iran's military capabilities despite NY Times reporting that Iran still reta…",https://x.com/OfTheBraveUSA/status/2054664513345949865,1962,0,80,4.08,55,5,19,1,0
Instagram,2026-07-30,Week 31,Newsletter,IG image,"How Pete Hegseth is Dismantling Religious Freedom in the Military

""I served as a chaplain for 30 years, overlapping the service of 12 Secretaries of Defense. Almost without except…",https://www.instagram.com/p/Dba-dVCjfTn/,1959,1297,44,2.25,29,10,1,4,0
YouTube,2026-05-12,,Breaking News,Shorts,Breaking News: Brutal new numbers for Trump,https://www.youtube.com/watch?v=j6wP3LfRLUY,1959,110,55,2.81,51,4,0,0,0
TikTok,2026-01-29,,News,Video,"Trump: ""I don't want to drive housing prices down. I want to drive housing prices up for people who own their homes.""",https://www.tiktok.com/@ofthebraveusa/video/7600940396188814622,1958,0,62,3.17,41,12,4,5,0
X,2026-08-17,Week 34,General clips,X analytics export,"Karen Bramlett, grandmother of a sailor aboard USS Lincoln: ""Donald Trump needs to be ashamed of himself to let them suffer the way that they're doing…They're over there fighting f…",https://x.com/OfTheBraveUSA/status/2089392862404231649,1958,0,145,7.41,98,1,31,1,0
X,2026-05-28,,General clips,raw scrape,The Justice Department just opened an investigation into E. Jean Carroll. It’s the latest example of the department being weaponized to exact retribution on Trump’s foes.,https://x.com/OfTheBraveUSA/status/2059789400775553080,1951,0,48,2.46,29,8,11,0,0
Instagram,2026-07-23,Week 30,Breaking News,IG reel,"Oil has crossed $100 a barrel for the first time since May, and drivers are likely to feel it. ⛽

The surge follows an escalation in the war with Iran, including a Houthi attack on…",https://www.instagram.com/reel/DbJZNJ9DuAn/,1948,1597,27,1.39,23,2,2,0,2
Instagram,2026-08-03,Week 32,Breaking News,IG reel,"Trump may fire his own US Attorney over the Reflecting Pool. 🟦 

According to CNN, President Trump is considering removing Jeanine Pirro — a longtime ally and former Fox host he ap…",https://www.instagram.com/reel/DbmM_8MAtei/,1940,1684,34,1.75,34,0,0,0,2
X,2026-05-19,,Breaking News,raw scrape,"Donald Trump filed nearly 4,000 stock trades in Q1 2026 alone — an average of 59 trades per day, 9 trades per hour, up to $700 million in volume. All 535 members of Congress combin…",https://x.com/OfTheBraveUSA/status/2056860068994248835,1932,0,81,4.19,47,5,20,6,0
X,2026-05-15,,HOTB clips,raw scrape,".@thomasjoscelyn: ""In the lead-up to January 6th, Antifa was used as a boogeyman to activate the far-right even then… how much is this boogeyman that they're creating of Antifa goi…",https://x.com/OfTheBraveUSA/status/2055325068155121928,1931,0,44,2.28,37,0,6,1,0
X,2026-07-23,Week 30,Newsletter,X analytics export,"""Since taking office last year, this administration has taken step after step to dismantle this system."" Read our latest on the state of National Parks under Trump authored by Cher…",https://x.com/OfTheBraveUSA/status/2080301224545366059,1926,0,76,3.95,41,0,19,0,0
YouTube,2026-08-18,Week 34,Breaking News,Shorts,Breaking News: Trump Snaps at CNN Reporter in Oval Office,https://www.youtube.com/watch?v=Fu63Lciy5Lk,1924,320,104,5.41,98,5,1,0,3
X,2026-06-28,,IHH Podcast Promo,X analytics export,@BillKristol Watch the full episode of It's Happening Here: https://t.co/ylG1oiFPgh,https://x.com/OfTheBraveUSA/status/2071021161261981988,1923,0,27,1.4,4,0,4,0,0
X,2026-05-28,,Breaking News,raw scrape,Former AG Pam Bondi is set to appear before the House Oversight committee this Friday to answer for her mishandling of the Epstein Files.,https://x.com/OfTheBraveUSA/status/2059798371905229048,1918,0,62,3.23,53,1,5,1,0
YouTube,2026-07-29,Week 31,Breaking News,Shorts,Breaking News: New CNN Poll is Terrible for Trump,https://www.youtube.com/watch?v=8NiL32T2SkM,1918,466,158,8.24,156,2,0,0,0
Instagram,2026-08-06,Week 32,Breaking News,IG reel,"A judge has officially dismissed the felony case against former Olympic canoeist David Hearn. ⚖️

Hearn faced up to 10 years in prison after the Trump administration charged him ov…",https://www.instagram.com/reel/Dbt5nonFBVX/,1912,1693,56,2.93,54,2,0,0,0
YouTube,2026-05-14,,Breaking News,Shorts,Breaking News: More Corruption at Trump's DOJ,https://www.youtube.com/watch?v=RgESaHgTcFM,1910,489,327,17.12,296,9,22,0,9
Instagram,2026-08-02,Week 31,Bill Kristol & Tom Joscelyn,IG reel,"Tom Joscelyn: "" Rubio cited this to build his case [on left-wing terrorism], 'Between 1971-1972, the FBI counted 2,500 bombings on American soil by left-wing actors'… I wasn't even…",https://www.instagram.com/reel/DbjDdUUFSUj/,1909,1648,45,2.36,44,1,0,0,0
X,2026-07-04,Week 27,IHH Podcast Promo,X analytics export,Watch the newest episode of It's Happening Here out now! https://t.co/k7gbKipz20,https://x.com/OfTheBraveUSA/status/2073535019583254576,1909,0,7,0.37,1,0,1,0,0
X,2026-06-26,,Live podcast,raw scrape,LIVE NOW — Tune in!,https://x.com/OfTheBraveUSA/status/2070569392790798634,1907,0,6,0.31,6,0,0,0,0
Instagram,2026-06-13,,Breaking News,IG reel,It's official: Trump's name came down from the Kennedy Center today after a judge denied a last-ditch appeal on Friday night. #BreakingNews,https://www.instagram.com/reel/DZiii46ADOG/,1903,1499,63,3.31,59,2,0,2,1
Instagram,2026-02-06,,Newsletter,IG image,"Since the inauguration, the Department of Justice has been gutted, with 6,400 career employees leaving, hundreds of whom were outright fired by the Trump administration. Many of th…",https://www.instagram.com/p/DUbyNfuDrQf/,1895,1110,31,1.64,24,3,1,3,0
X,2026-08-15,Week 33,IHH Podcast Promo,X analytics export,"@BillKristol Watch Bill and Tom's full conversation on the latest episode of It's Happening Here, out now on Apple, Spotify, Substack, and YouTube: https://t.co/VoFEuOZegR",https://x.com/OfTheBraveUSA/status/2088654662928859474,1894,0,10,0.53,4,1,2,1,0
Instagram,2026-02-03,,Newsletter,IG reel,@sarahamatthews1 reacts to our recent substack. You can read it at the link in our bio.,https://www.instagram.com/reel/DUUHNR1kSXw/,1893,1408,91,4.81,80,6,1,4,5
YouTube,2026-08-24,,Breaking News,Shorts,Breaking News: Donald Trump Made $15.5M Off War In Iran,https://www.youtube.com/watch?v=jFwNHnkCybo,1892,337,134,7.08,126,6,2,0,3
Instagram,2026-02-23,,News,IG reel,"Rep. Seth Moulton on Iran: ""We've heard nothing. Absolutely nothing about a strategy, nothing about a plan, nothing about why they think it's a good idea for us and our troops and …",https://www.instagram.com/reel/DVHsSmOCHbt/,1891,1612,35,1.85,28,2,0,5,0
YouTube,2026-05-08,,Breaking News,Shorts,Breaking News: Florida Names Airport After Trump,https://www.youtube.com/watch?v=z9ShRX-Ub0U,1879,231,24,1.28,18,5,1,0,0
Instagram,2026-06-22,,Breaking News,IG reel,"The Pentagon is asking Congress for $80 billion to cover the war in Iran and other spending — and says it could run out of money by this summer without a new wartime bill. 🚨

Anoth…",https://www.instagram.com/reel/DZ6AAmmm0Rn/,1877,1575,44,2.34,42,1,0,1,2
YouTube,2026-05-04,,Breaking News,Shorts,Breaking News: Trump's approval rating is at it's lowest EVER!,https://www.youtube.com/watch?v=-JfoO0EpffA,1876,306,34,1.81,28,5,1,0,0
X,2026-08-15,Week 33,Newsletter,X analytics export,"@BillKristol Check it out now on Apple, Spotify, Substack, and YouTube: https://t.co/VoFEuOZegR https://t.co/VoFEuOZegR",https://x.com/OfTheBraveUSA/status/2088650548983599145,1874,0,14,0.75,2,0,0,0,0
X,2026-07-14,Week 29,Live podcast,raw scrape,Live now! Tune in here!,https://x.com/OfTheBraveUSA/status/2077069097083240882,1872,0,11,0.59,8,2,1,0,0
X,2026-07-21,Week 30,Live podcast,raw scrape,LIVE NOW — tune in here!,https://x.com/OfTheBraveUSA/status/2079654588718666194,1870,0,3,0.16,3,0,0,0,0
X,2026-08-07,Week 32,Newsletter,X analytics export,"""My grandmother survived the Holocaust, and she believed in fighting against fascism, protecting the vulnerable, and ending genocide. Her story remains a guiding light in my family…",https://x.com/OfTheBraveUSA/status/2085805541066944520,1870,0,51,2.73,21,1,5,2,0
X,2026-08-12,Week 33,General clips,X analytics export,"NEW: ""Trump had long peddled to voters in manufacturing-heavy states like my own state of Michigan a conventional wisdom: that American manufacturing had been laid low…Truth is, Am…",https://x.com/OfTheBraveUSA/status/2087580320358969355,1870,0,23,1.23,10,1,3,1,0
Instagram,2026-05-19,,Breaking News,IG reel,"Donald Trump filed nearly 4,000 stock trades in the first quarter of 2026—an average of 59 trades per day, totaling up to $700 million in volume, more than all 535 members of Congr…",https://www.instagram.com/reel/DYiVhoLiXCq/,1869,1577,122,6.53,102,2,14,4,0
Instagram,2026-07-26,Week 30,Bill Kristol & Tom Joscelyn,IG reel,"Bill Kristol: "" I really worry about the combination of Trump's total untrustworthiness, total incompetence, people looking at this war and thinking, 'what are they doing?'…It's te…",https://www.instagram.com/reel/DbQtcJhiDLG/,1868,1428,102,5.46,82,8,12,0,1
YouTube,2026-07-16,Week 29,News,Shorts,Blanche Questioned on the Trump Family Tax Settlement | News,https://www.youtube.com/watch?v=W5vqP71YfqA,1867,343,97,5.2,93,4,0,0,1
TikTok,2026-02-23,,News,Video,"Rep. Garcia on Epstein Survivors: ""I have invited Annie Farmer to take a seat at the State of the Union…She wants Donald Trump to look up and see their faces there, and she wants t…",https://www.tiktok.com/@ofthebraveusa/video/7610229020315127053,1865,0,188,10.08,168,7,4,9,0
Instagram,2026-07-27,Week 31,Bill Kristol & Tom Joscelyn,IG reel,"Tom Joscelyn on Pete Hegseth: ""It's very easy to throw bombs from the outside like he did and didn't really have anything to offer,  and then get in power and show that  he's far w…",https://www.instagram.com/reel/DbTZi-0jqvz/,1864,1487,88,4.72,85,1,1,1,2
Instagram,2026-06-09,,Breaking News,IG reel,Trump got booed HARD at the Knick's game last night. #BreakingNews,https://www.instagram.com/reel/DZX1BcDEW6A/,1863,1584,143,7.68,120,5,14,4,4
Instagram,2026-05-12,,Breaking News,IG reel,"Trump is now floating Venezuela as America’s 51st state. Yes, Venezuela.",https://www.instagram.com/reel/DYPp_Y8DWYY/,1861,1493,17,0.91,14,1,0,2,1
X,2026-07-11,Week 28,IHH Podcast Promo,raw scrape,The latest episode of It's Happening Here is out now! Tom Joscleyn and @BillKristol talk about the Trump administration's immigration crackdown and why it may finally be backfiring…,https://x.com/OfTheBraveUSA/status/2075963778194157607,1859,0,10,0.54,9,0,0,1,0
Instagram,2026-07-04,Week 27,Bill Kristol & Tom Joscelyn,IG reel,"Tom Joscelyn: ""Not too long ago, there was this whole right-wing paranoia about woke cancel culture. Whatever that was, it's dead. There's no woke cancel culture anymore because th…",https://www.instagram.com/reel/DaYSETeDJs6/,1849,1307,31,1.68,25,0,0,6,0
Instagram,2026-07-15,Week 29,News,IG reel,"Kennedy: ""Are you and President Trump friends?""

Blanche: ""I'm his lawyer, was his lawyer, and now I'm the deputy attorney general. I met him as his criminal defense attorney. I'm …",https://www.instagram.com/reel/Da1OP1-koGp/,1849,1432,45,2.43,42,1,0,2,0
X,2026-08-08,Week 32,IHH Podcast Promo,X analytics export,"Watch @BillKristol and Tom's full conversation on the latest episode of It's Happening Here, out now on Apple, Spotify, Substack, and YouTube: https://t.co/yz3MdEE4Pf",https://x.com/OfTheBraveUSA/status/2086114406610432379,1844,0,2,0.11,1,0,0,0,0
Instagram,2026-06-03,,Breaking News,IG reel,"Senate Republicans just signaled that they would not support any legislation that includes Trump's $1.8B ""anti-weaponization"" slush fund. #BreakingNews",https://www.instagram.com/reel/DZIs3reCn4D/,1843,1464,36,1.95,30,1,0,5,4
Instagram,2026-01-21,,Produced Videos,IG reel,One year in. Totally normal press conference stuff.,https://www.instagram.com/reel/DTx8fJPjPta/,1839,1516,22,1.2,9,5,5,3,2
YouTube,2026-05-20,,Breaking News,Shorts,Breaking News: Police Officers Who Defended the Capitol on Jan. 6 Are Suing Trump's $1.8B Slush Fund,https://www.youtube.com/watch?v=s8sMzRBrf9o,1839,238,367,19.96,357,9,1,0,3
YouTube,2026-05-05,,News,Shorts,Rogan on Kimmel's Trump Joke | News,https://www.youtube.com/watch?v=7qupxwVvxj8,1838,820,20,1.09,16,2,2,0,1
X,2026-05-27,,Breaking News,raw scrape,Trump's Board of Peace has yet to receive any funds for Gaza's reconstruction since its establishment four months ago. Another example of Trump's grandstanding and it goes to show …,https://x.com/OfTheBraveUSA/status/2059696783144448471,1833,0,83,4.53,49,1,28,4,0
X,2026-08-04,Week 32,Newsletter,X analytics export,"""I didn’t lose my job as a government contractor, or face everything that came after, because of anything I did wrong. Elon Musk simply decided that the federal contracts my collea…",https://x.com/OfTheBraveUSA/status/2084655845187485937,1828,0,119,6.51,66,0,33,4,0
YouTube,2026-02-12,,News,Shorts,Rev. Anthony Galloway Testifies About ICE Operations in Minneapolis | News,https://www.youtube.com/watch?v=d5LgMkzSemc,1828,1033,83,4.54,74,0,9,0,0
YouTube,2026-05-16,,Breaking News,Shorts,BREAKING NEWS: TRUMP SAID YOUR FINANCES DON’T MATTER,https://www.youtube.com/watch?v=6wQHcwFT4-M,1826,224,188,10.3,178,5,5,0,2
Instagram,2026-04-30,,Newsletter,IG reel,"Todd Blanche is reportedly auditioning for the job of attorney general right now. In that capacity, he took to the microphone this week to say, “I think it’s fair to say that threa…",https://www.instagram.com/reel/DXxZXVQkYYD/,1821,1380,58,3.19,41,2,11,4,2
Instagram,2026-08-07,Week 32,Newsletter,IG image,"ICE Attacked Me for Attending a Peaceful Protest

""My name is Ashley Vaughan, and I am a disabled person who uses mobility devices. Resistance has a long history in my family. My g…",https://www.instagram.com/p/DbwA5ULjYbs/,1819,1131,47,2.58,39,1,5,2,0
X,2026-05-20,,KOC,raw scrape,Want to know how Don Jr.'s net worth exploded from $50M to $300M in 13 months? Watch this: https://t.co/OZdEjHsjKA,https://x.com/OfTheBraveUSA/status/2057111203114082760,1818,0,19,1.05,11,0,4,3,0
Instagram,2026-05-29,,Breaking News,IG reel,The Pentagon awarded a $9.7B contract after President Trump bought $1 - 5M in stock and publicly promoted it on Truth Social and to reporters. It raises the question whether the Pe…,https://www.instagram.com/reel/DY8XPsZCeGe/,1810,1464,47,2.6,42,1,0,4,0
Instagram,2026-06-10,,Breaking News,IG reel,"Trump says he ""loves the inflation"" and that ""the numbers were great,"" despite the CPI report showing that inflation hit a 3-year high of 4.2%. #BreakingNews",https://www.instagram.com/reel/DZa99epEllk/,1810,1386,30,1.66,24,2,1,3,0
Instagram,2026-08-04,Week 32,Breaking News,IG reel,"Trump stopped an Oval Office event this week to ""plug"" Scotts Miracle-Gro. 🌱

""They do great grass. I gotta give them a plug because they did the White House for free,"" he told rep…",https://www.instagram.com/reel/Dbou0S-CIwD/,1810,1497,41,2.27,37,3,0,1,0
X,2026-06-27,,IHH Podcast Promo,raw scrape,"Newest episode of It's Happening Here is OUT NOW! Hosts @BillKristol and Tom Joscelyn discuss the Office of the Director of National Intelligence, Bill Pulte's appointment, and Tru…",https://x.com/OfTheBraveUSA/status/2070891406353207428,1806,0,7,0.39,7,0,0,0,0
Instagram,2026-05-16,,HOTB Pod,IG reel,"Tom Joscelyn claims that Antifa has long been used to activate right-wing extremist groups, and fears that framing Antifa as a terrorist organization serves this end.",https://www.instagram.com/reel/DYa6oa3FLWi/,1804,1586,50,2.77,46,2,0,2,0
Instagram,2026-06-25,,Breaking News,IG reel,"A federal judge reportedly ordered Trump's name taken down from the Kennedy Center. The problem? Nobody can actually confirm it happened. 🤔

Around 11 days ago, a big tarp and scaf…",https://www.instagram.com/reel/DaBYKu_iM3c/,1804,1495,28,1.55,25,0,0,3,1
YouTube,2026-05-28,,Breaking News,Shorts,Breaking News: Trump Admin Using Park Fees to Redesign DC,https://www.youtube.com/watch?v=WG4l16LygJc,1802,370,271,15.04,251,9,11,0,5
Instagram,2026-07-21,Week 30,KOC,IG reel,"Trump's tariffs cost Americans $100 a month on average. So we gave a few of them the chance to win some of it back.

How many of these questions can you answer correctly?",https://www.instagram.com/reel/DbD6LpNFJ20/,1801,1448,87,4.83,58,4,22,3,1
YouTube,2026-07-12,Week 28,Bill Kristol & Tom Joscelyn,Shorts,Trump's Deportation Scheme Has Dangerous Consequences w/ Bill Kristol & Tom Joscelyn,https://www.youtube.com/watch?v=b1jB3EUUKCY,1801,568,68,3.78,63,4,1,0,1
X,2026-03-23,,Other,X analytics export,You can read more about how we are supporting the #NoKings protests here: https://t.co/kbbw1ECnsp,https://x.com/OfTheBraveUSA/status/2036077661236134083,1800,0,82,4.56,29,3,14,0,0
X,2026-07-05,Week 27,Other,X analytics export,Help Us Call Out This Administration’s Sizzlin’ Summer Inflation: https://t.co/odE1h6AQdg,https://x.com/OfTheBraveUSA/status/2073829558537593037,1798,0,35,1.95,15,1,4,0,0
X,2026-05-21,,Breaking News,raw scrape,".@thomasjoscelyn: ""If they're going to pay people from January 6th out of this fund, it's saying, 'Yeah, you're right. It was patriotism that you attacked the Capitol.' It's a comp…",https://x.com/OfTheBraveUSA/status/2057559720827707793,1797,0,93,5.18,69,3,21,0,0
YouTube,2026-05-11,,News,Shorts,Rep. Boyle: Gas Prices Up 50% in Two Months | News,https://www.youtube.com/watch?v=iSeNWscr8pM,1795,179,61,3.4,56,2,3,0,1
YouTube,2026-08-14,Week 33,Social Ads,Shorts,Trump Dismisses Poor Conditions Aboard USS Lincoln | Social Ads,https://www.youtube.com/watch?v=rlNMgoiwLIs,1789,402,112,6.26,103,4,5,0,1
X,2026-02-27,,Other,X analytics export,"Before Epstein was a political problem, it was a joke. Before it was a joke, it was a campaign strategy. Dishonest from top to bottom.",https://x.com/OfTheBraveUSA/status/2027531582462898459,1782,0,45,2.53,38,0,2,1,0
YouTube,2026-08-13,Week 33,Breaking News,Shorts,Breaking News: ICE Might Purchase $20M in Taser Gloves,https://www.youtube.com/watch?v=j7pB_ozZ8Pk,1779,1024,139,7.81,133,4,2,0,0
X,2026-05-20,,HOTB clips,raw scrape,".@stephen_richer: ""Polis' own review commission that assesses commutation requests and requests for pardon recommended that he not take this action. And so he's really out on a lim…",https://x.com/OfTheBraveUSA/status/2057246461629178233,1776,0,24,1.35,19,0,5,0,0
X,2026-05-19,,Breaking News,raw scrape,"Donald Trump just TACO'd again. On Sunday he was threatening to strike Iran. Yesterday on Truth Social, he backed off. This is the pattern — talk a big game, threaten the world, th…",https://x.com/OfTheBraveUSA/status/2056842531367747646,1774,0,36,2.03,25,2,8,1,0
X,2026-08-17,Week 34,Other,X analytics export,"Trump told Hegseth to ""substantially reduce"" joint military exercises with South Korea based on his ""very good relationship with Kim John Un,"" calling North Korea ""unthreatening an…",https://x.com/OfTheBraveUSA/status/2089355520180154728,1773,0,67,3.78,25,3,6,0,0
Instagram,2026-06-22,,Breaking News,IG reel,"Trump painted the Reflecting Pool bottom American flag-blue — now the paint's peeling off, and people who touched the floating chips are getting arrested. 🚨

5 arrests so far, with…",https://www.instagram.com/reel/DZ5n-n0CUQT/,1768,1305,48,2.71,45,1,1,1,0
Instagram,2026-07-12,Week 28,Produced Videos,IG reel,"Todd Blanche wants to be Attorney General. So we checked his résumé. The Epstein file redactions? Just the beginning.

That's why we're running a version of this ad on primetime Fo…",https://www.instagram.com/reel/DasiRD0EgoW/,1767,1434,63,3.57,51,3,8,1,4
Instagram,2026-03-09,,News,IG reel,"Vance (9/28/24): "" If you're worried about the world spinning out of control, if you're worried about a military draft, if you're worried about, God forbid, a world war, the best w…",https://www.instagram.com/reel/DVrmQSjgkQ3/,1765,1266,65,3.68,35,11,11,8,0
X,2026-04-29,,HOTB clips,X analytics export,"Tom Joscelyn: ""It's like the Apprentice days, right? Everybody's auditioning to stay on the show, and that's what a lot of this administration's about. It's not about actually enfo…",https://x.com/OfTheBraveUSA/status/2049624365721907249,1762,0,31,1.76,21,0,4,0,0
YouTube,2026-05-06,,News,Shorts,Florida Resident Rips Trumps Ballroom | News,https://www.youtube.com/watch?v=i96dCUf5j-4,1762,140,27,1.53,24,3,0,0,0
X,2026-05-22,,HOTB clips,raw scrape,".@BillKristol: ""We're highlighting two aspects of this scandal — the corruption and self-dealing, and the extremism and J6 normalization — and they come together here in a way that…",https://x.com/OfTheBraveUSA/status/2057809277121593787,1761,0,88,5.0,68,0,20,0,0
X,2026-07-12,Week 28,IHH Podcast Promo,X analytics export,"Watch the full episode of It's Happening Here, out now: https://t.co/UBAWvQzzTh",https://x.com/OfTheBraveUSA/status/2076347365766635648,1755,0,23,1.31,6,0,2,0,0
YouTube,2026-07-24,Week 30,News,Shorts,Buttigieg on the Pentagon Removing Four Fallen Service Members from the Iran War's Death Toll | News,https://www.youtube.com/watch?v=kTWx-BpdoBE,1750,478,203,11.6,192,7,4,0,1
Instagram,2026-02-05,,News,IG reel,"Gallego: ""You are fully aware that the president is suing [IRS] for $10 billion…What would that be cut from?""

Bessent: ""The Treasury general account.""

Gallego: ""So, taxpayers…If …",https://www.instagram.com/reel/DUZY4OwjPtV/,1748,1318,53,3.03,43,0,5,5,1
Instagram,2026-04-06,,Produced Videos,IG reel,"""To the victor belong the spoils. We haven't heard that.""

Yes we have. Trump wants to take Iran's oil. He wanted to do the same thing in Iraq.",https://www.instagram.com/reel/DWzn8bRAXks/,1746,1284,58,3.32,37,5,7,9,0
YouTube,2026-05-13,,Breaking News,Shorts,Breaking News: Trump's Reflecting Pool Drama Gets Even Worse,https://www.youtube.com/watch?v=jpMYWE-R8Nw,1745,209,65,3.72,61,0,4,0,2
X,2026-05-22,,Breaking News,raw scrape,"Days before Memorial Day, Trump waved off the 13 Americans lost in his war of choice with Iran—""somebody else would have lost 100,000 people""—reducing 13 grieving families to a tal…",https://x.com/OfTheBraveUSA/status/2057869446568407523,1744,0,58,3.33,37,5,15,1,0
Instagram,2026-06-25,,Breaking News,IG reel,"Trump's Iran deal may already be unraveling. ⚠️

A ship passing through the Strait of Hormuz was reportedly struck — and keeping that strait open was supposedly a core part of the …",https://www.instagram.com/reel/DaBlUuGDkIc/,1737,1392,47,2.71,36,8,2,1,5
Instagram,2026-07-27,Week 31,Breaking News,IG reel,"According to a Forbes analysis, President Trump earned roughly $2.4 billion last year, which is about three times what his business generated annually before he entered the White H…",https://www.instagram.com/reel/DbTuGV5EfFD/,1737,1524,97,5.58,83,3,8,3,2
TikTok,2026-05-27,,Breaking News,Video,The Justice Department just opened an investigation into E. Jean Carroll. It’s the latest example of the department being weaponized to exact retribution on Trump’s foes.,https://www.tiktok.com/@ofthebraveusa/video/7644728113242393869,1734,0,165,9.52,124,25,6,10,0
YouTube,2026-05-12,,Breaking News,Shorts,Breaking News: Trump's reflecting pool drama escalates,https://www.youtube.com/watch?v=d_Pr0Zxedrc,1734,190,38,2.19,36,2,0,0,0
X,2026-05-13,,Breaking News,raw scrape,The National Parks service asked the FAA to investigate whether Trump's arch posed a risk to flights in and out of DCA.,https://x.com/OfTheBraveUSA/status/2054615487598731381,1728,0,24,1.39,21,0,3,0,0
YouTube,2026-05-12,,News,Shorts,James Comey Talks About Former DOJ Employee's Silence on Trump | News,https://www.youtube.com/watch?v=K9iS-nikPOY,1727,165,36,2.08,34,2,0,0,0
Instagram,2026-04-04,,Newsletter,IG image,"NEW: Part one of our Series 'The Epstein Administration,' where we shine a light on the administration's cover-up of the Epstein files.

""Watergate has finally met its match with t…",https://www.instagram.com/p/DWtzejpjkx3/,1721,1064,36,2.09,32,2,0,2,0
X,2026-05-20,,HOTB clips,raw scrape,".@stephen_richer: ""You talk to almost any election official in the United States, and they say that the claims about the 2020 election being stolen are completely nonsense, because…",https://x.com/OfTheBraveUSA/status/2057222523578683541,1721,0,32,1.86,24,1,6,1,0
YouTube,2026-05-27,,Breaking News,Shorts,Breaking News: Trump's Board of Peace has Received Zero Money,https://www.youtube.com/watch?v=Ok7JyRBd76g,1721,361,296,17.2,286,6,4,0,7
X,2026-03-18,,Produced videos,X analytics export,https://t.co/kaUT6syXPJ,https://x.com/OfTheBraveUSA/status/2034257966405226904,1715,0,53,3.09,7,0,1,0,0
X,2026-08-01,Week 31,IHH Podcast Promo,raw scrape,"This week on It's Happening Here, @BillKristol and Tom break down the Trump administration's push to brand its opponents as communists, Marco Rubio co-hosting Stephen Miller's poli…",https://x.com/OfTheBraveUSA/status/2083575443161034963,1714,0,10,0.58,6,0,3,1,0
TikTok,2026-05-06,,Produced Videos,Video,"Ronn Easton deployed to Vietnam while Trump was claiming ""bone spurs."" Now he's sounding off on Trump's latest vanity project.",https://www.tiktok.com/@ofthebraveusa/video/7636921319086509325,1712,0,434,25.35,357,44,15,18,0
YouTube,2026-07-20,Week 30,Breaking News,Shorts,Breaking News: Bizarre Kash Patel Video,https://www.youtube.com/watch?v=UNvAgYZK0Ug,1710,1092,88,5.15,75,9,4,0,2
X,2026-05-20,,HOTB clips,raw scrape,"Tom Joscelyn: “Now you have an FBI special agent saying 'No, no we really have to investigate this…and we have to seize these ballots.' That is a shift in how the federal governmen…",https://x.com/OfTheBraveUSA/status/2057235251508764937,1709,0,35,2.05,25,0,10,0,0
X,2026-07-03,Week 27,IHH Podcast Promo,raw scrape,The latest episode of It’s Happening Here just dropped! Our hosts Tom Jocelyn and @BillKristol discuss MAGA’s reaction to the recent SCOTUS ruling on birthright citizenship. Check …,https://x.com/OfTheBraveUSA/status/2073066451104047601,1707,0,6,0.35,5,0,1,0,0
X,2026-05-28,,HOTB Podcast Promo,raw scrape,Join us TODAY at 1:30 pm ET for the live taping of The Home of the Brave Podcast featuring former U.S. Rep. @BarbaraComstock and Home of the Brave’s very own @SarahAMatthews1! They…,https://x.com/OfTheBraveUSA/status/2059996454790258730,1706,0,8,0.47,4,0,3,1,0
Instagram,2026-02-23,,News,IG reel,"Q: ""What do you think should happen to the revenue that has been collected from those tariffs?

Moulton: ""It should go back to the American people. There was a recent study that sa…",https://www.instagram.com/reel/DVHnttHk2RE/,1705,1339,54,3.17,48,5,0,1,0
X,2026-07-27,Week 31,IHH Podcast Promo,X analytics export,"Watch the latest episode of It's Happening Here, out now on Apple, Spotify, and YouTube: https://t.co/kcwjCtH5Wd",https://x.com/OfTheBraveUSA/status/2081772582366294135,1701,0,8,0.47,4,0,1,0,0
X,2026-06-11,,Live podcast,raw scrape,LIVE NOW! Come join us!,https://x.com/OfTheBraveUSA/status/2065102644155183338,1698,0,22,1.3,14,1,7,0,0
YouTube,2026-07-12,Week 28,Ad,Shorts,Tell Your Senators to Vote No on Todd Blanche for Attorney General | Ad,https://www.youtube.com/watch?v=6GwRYKCi8p8,1698,557,130,7.66,113,3,14,0,2
X,2026-05-14,,Breaking News,raw scrape,Grocery prices rose faster in April than in any month over the last four years. Trump's war of choice with Iran makes clear that bringing down prices is not his priority.,https://x.com/OfTheBraveUSA/status/2054988939774058810,1696,0,52,3.07,37,2,12,0,0
Instagram,2026-05-27,,Breaking News,IG reel,Trump's Board of Peace has yet to receive any funds for Gaza's reconstruction since its establishment four months ago. #BreakingNews,https://www.instagram.com/reel/DY2ffs2jxB5/,1692,1402,47,2.78,43,2,2,0,0
YouTube,2026-03-09,,News,Shorts,Vance on 9/28/24: Vote for Trump if You're Worried About Military Draft | News,https://www.youtube.com/watch?v=e0UzQRVDudM,1692,434,38,2.25,27,2,9,0,0
Instagram,2026-01-05,,Other,IG reel,"Michael Fanone narrates his body camera footage from the January 6 insurrection:

"" I remember trying to, like, appeal to them. I said we have injured officers here. It just seemed…",https://www.instagram.com/reel/DTJVjjzEg0-/,1691,1262,186,11.0,134,6,25,21,0
Instagram,2026-08-05,Week 32,HOTB Pod,IG reel,"@harryjsisson: ""Donald Trump is judge, jury, and executioner in all different branches of our government, unfortunately, and I think Jeanine Pirro is experiencing that…She's gonna …",https://www.instagram.com/reel/DbrdSzxkfzj/,1690,1502,62,3.67,59,1,0,2,2
Instagram,2026-08-20,Week 34,Breaking News,IG reel,"Trump's approval rating has dropped to 33%, the lowest point of his presidency, according to a new Reuters/Ipsos poll. 📉

The survey, conducted August 14-17, found 64% of Americans…",https://www.instagram.com/reel/DcQxJaPgHsp/,1688,1402,54,3.2,49,4,0,1,0
X,2026-05-27,,Breaking News,raw scrape,"Trump promised to lower costs on Day One. Instead, CNN's latest polling shows Americans cutting groceries, skipping medical treatment, and taking on second jobs just to get by. Thi…",https://x.com/OfTheBraveUSA/status/2059764395681411451,1684,0,80,4.75,51,0,27,1,0
YouTube,2026-05-02,,News,Shorts,"Sen. Kelly: ""This war is stuck."" | News",https://www.youtube.com/watch?v=DM9MeJgIaPA,1682,257,21,1.25,18,2,1,0,1
Instagram,2026-07-14,Week 29,Breaking News,IG reel,"Trump has paid E. Jean Carroll the $5.6 million he owed her — three years after a jury found him liable for sexually abusing and defaming her. ⚖️
T
he money (the original $5 millio…",https://www.instagram.com/reel/DazBi4HFItd/,1680,1392,35,2.08,33,2,0,0,0
YouTube,2026-08-11,Week 33,Breaking News,Shorts,Breaking News: Patriot Games Set to Start This Weekend,https://www.youtube.com/watch?v=BJNPEPAr_UE,1680,623,100,5.95,92,8,0,0,1
Instagram,2026-02-12,,News,IG reel,"Secretary of Commerce Howard Lutnick said in 2025 that he was ""never in the room"" with Jeffrey Epstein. His emails, released by the Department of Justice, tell a different story.

…",https://www.instagram.com/reel/DUrcxFvDQyF/,1678,1223,47,2.8,31,8,1,7,2
YouTube,2026-05-01,,Breaking News,Shorts,Breaking News: National Gas Average Hits Highest in Four Years,https://www.youtube.com/watch?v=btnJ6NtSvzc,1678,180,30,1.79,25,4,1,0,0
X,2026-08-05,Week 32,HOTB Podcast Promo,X analytics export,"Watch Harry and @SarahAMatthews1's full conversation on the latest episode of The Home of the Brave Podcast, out now on Apple, Spotify, Substack, and YouTube: https://t.co/wXzoZ2x3…",https://x.com/OfTheBraveUSA/status/2085043635398091173,1673,0,1,0.06,1,0,0,0,0
YouTube,2026-06-24,,Breaking News,Shorts,Breaking News: DOGE Did Nothing,https://www.youtube.com/watch?v=OzbCzQSM-cE,1672,460,52,3.11,45,3,4,0,0
YouTube,2026-06-29,Week 27,Breaking News,Shorts,Breaking News: Trump's Corruption,https://www.youtube.com/watch?v=kg6yyHfKi5Y,1672,657,54,3.23,48,6,0,0,1
X,2026-07-04,Week 27,Other,X analytics export,Help Us Call Out This Administration's Sizzlin' Summer Inflation: https://t.co/odE1h6AQdg,https://x.com/OfTheBraveUSA/status/2073497127892685225,1670,0,17,1.02,8,0,1,1,0
YouTube,2026-03-20,,News,Shorts,"Trumps Economy, in His Own Words. Do You Believe Him? | News",https://www.youtube.com/watch?v=jzClL8Zblkc,1668,393,29,1.74,26,1,2,0,2
X,2026-05-21,,Breaking News,raw scrape,Agriculture Secretary Brooke Rollins just blamed high beef prices on the MAHA movement—ignoring the administration's own tariffs on agriculture products driving costs up—as the Whi…,https://x.com/OfTheBraveUSA/status/2057582496083030280,1667,0,72,4.32,52,2,17,1,0
Instagram,2026-05-09,,Breaking News,IG reel,Breaking: The Trump administration releases the UFO files.,https://www.instagram.com/reel/DYIAypziWED/,1661,1254,46,2.77,35,5,6,0,1
Instagram,2026-06-09,,Breaking News,IG reel,The ongoing war in Iran and the closure of the Strait of Hormuz have depleted America's Strategic Petroleum Reserve to its lowest level since the 1980s. Oil executives and investme…,https://www.instagram.com/reel/DZYOQVFj4Mm/,1661,1326,28,1.69,20,6,1,1,0
X,2026-05-12,,Breaking News,raw scrape,"Trump is now floating Venezuela as America’s 51st state. Yes, Venezuela.",https://x.com/OfTheBraveUSA/status/2054230927409115402,1651,0,15,0.91,10,3,2,0,0
Instagram,2026-07-15,Week 29,Breaking News,IG reel,"It's official: the U.S. Mint will begin striking a $1 coin featuring President Trump's face. 🪙

Treasury Secretary Scott Bessent announced it on X this morning, framing it as a tri…",https://www.instagram.com/reel/Da0jgHIlD07/,1643,1418,29,1.77,21,5,1,2,1
TikTok,2026-01-15,,Newsletter,Video,Meet Robbie Roadsteamer: The Giraffe Arrested by ICE. You can read more of his story at the link in our bio.,https://www.tiktok.com/@ofthebraveusa/video/7595727126221966605,1642,0,229,13.95,198,14,3,14,0
Instagram,2026-06-01,,Breaking News,IG reel,"Senior Trump administration officials told Axios they're considering scrapping the $1.8B ""weaponization"" slush fund because it has become too big of a distraction. #BreakingNews",https://www.instagram.com/reel/DZDiuHTFVgO/,1640,1424,31,1.89,28,1,1,1,0
YouTube,2026-03-25,,News,Shorts,Three and a half weeks into bombing Iran…is it a war? | News,https://www.youtube.com/watch?v=ouT9cbwzRXc,1638,428,37,2.26,33,2,2,0,0
YouTube,2026-06-16,,Breaking News,Shorts,Breaking News: Trump's Reflecting Pool Turns Green,https://www.youtube.com/watch?v=zFGnlBet2zs,1634,1178,84,5.14,76,8,0,0,0
Instagram,2026-06-17,,Breaking News,IG reel,"💨 Trump's war on windmills just hit a new high.

The administration is now paying $765 MILLION to shut down offshore wind projects. Trump has railed against turbines for years — pa…",https://www.instagram.com/reel/DZs-_lAjpR0/,1632,1355,25,1.53,22,2,0,1,0
Instagram,2026-07-28,Week 31,Breaking News,IG reel,"President Trump's approval rating just hit a new low. 📉

A new Economist/YouGov poll conducted July 25-27 puts his approval at 34%, tying the lowest point of either of his terms in…",https://www.instagram.com/reel/DbWsrFJFePo/,1631,1322,55,3.37,48,3,0,4,0
YouTube,2026-05-10,,Breaking News,Shorts,BREAKING NEWS: Trump Focuses on D.C. Golf Courses as Prices Rise and War Escalates,https://www.youtube.com/watch?v=EPTq_bB0Mpk,1629,278,43,2.64,40,1,2,0,2
YouTube,2026-08-19,Week 34,Breaking News,Shorts,Breaking News: Sean Duffy Films Bizarre Promo Video at DJT Airport in Florida,https://www.youtube.com/watch?v=dpiYXOJUT7E,1626,586,147,9.04,136,7,4,0,0
X,2026-06-10,,HOTB Podcast Promo,raw scrape,"Gas is up. Groceries are up. Your summer just got more expensive. Sarah Matthews &amp; Michael Fanone get into why — LIVE on The Home of the Brave Podcast, tomorrow June 11 @ 12p E…",https://x.com/OfTheBraveUSA/status/2064853946481447336,1624,0,22,1.35,14,0,8,0,0
X,2026-05-12,,Breaking News,raw scrape,America was promised a gold-plated Trump phone. Now it looks like America may never get one.,https://x.com/OfTheBraveUSA/status/2054256906252750886,1623,0,25,1.54,20,0,5,0,0
TikTok,2026-01-28,,News,Video,"Andrew Schultz: "" Kash Patel said something like, 'why would you bring a gun to a protest?'…  They're scrambling to defend something indefensible to the point where they're willing…",https://www.tiktok.com/@ofthebraveusa/video/7600584810406399262,1619,0,145,8.96,123,8,9,5,0
YouTube,2026-03-03,,News,Shorts,"Gabbard Endorses Trump in 2024: ""He Will Walk Us Back from the Brink of War."" | News",https://www.youtube.com/watch?v=h7pSOGLqTKo,1614,324,15,0.93,12,2,1,0,0
YouTube,2026-08-08,Week 32,Bill Kristol & Tom Joscelyn,Shorts,Who is Defending the American Multiculture? w/ Bill Kristol & Tom Joscelyn,https://www.youtube.com/watch?v=fveCyWZLl2U,1613,408,34,2.11,31,3,0,0,1
X,2026-05-26,,Breaking News,raw scrape,"Trump's DOJ just removed press releases on the arrests of January 6th rioters, calling them ""partisan propaganda.""",https://x.com/OfTheBraveUSA/status/2059375463034695748,1612,0,65,4.03,33,1,28,0,0
Instagram,2026-02-18,,News,IG reel,"Saagar Enjeti: ""This is a bad look. Also in the Epstein files…is one of Trump's accusers was actually interviewed by the FBI…The fact that the FBI did interview a victim who was ac…",https://www.instagram.com/reel/DU6457ODRRV/,1607,1200,28,1.74,27,0,1,0,4
X,2026-05-19,,Breaking News,raw scrape,"Gas prices are out of control under Trump. Texas is the lowest in the country at $3.99. California is at $6.15. The entire West Coast is over $5, Alaska and Hawaii are over $5, the…",https://x.com/OfTheBraveUSA/status/2056789636052025666,1605,0,45,2.8,27,4,11,1,0
YouTube,2026-08-03,Week 32,Ad,Long-Form,Has Your Wallet Been Injured by High Prices? | Ad,https://www.youtube.com/watch?v=uvBzz7UbIQo,1603,2927,150,9.36,37,4,109,0,5
YouTube,2026-05-21,,Breaking News,Shorts,Breaking News: Brooke Rollins Blames High Beef Prices on… MAHA?,https://www.youtube.com/watch?v=yluhcH9vkFU,1596,326,57,3.57,55,1,1,0,5
X,2026-06-04,,HOTB Podcast Promo,raw scrape,"Tomorrow at 10AM ET, we're taping the Home of the Brave Podcast LIVE — and you're invited. Former FBI special agent Michael Feinberg joins Mike Fanone to break down the Trumpificat…",https://x.com/OfTheBraveUSA/status/2062338546711793954,1595,0,18,1.13,13,0,5,0,0
TikTok,2026-06-24,,Breaking News,Video,They literally set up the stage at the Capitol 💀 The bill passed. Republicans on TV bragging about it. Then Trump posts on Truth Social: signing's CANCELED until a voting bill that…,https://www.tiktok.com/@ofthebraveusa/video/7654982395166297357,1593,0,138,8.66,124,9,2,3,0
YouTube,2026-05-26,,Breaking News,Shorts,Breaking News: DOJ Website Deletes Info on J6 Arrests,https://www.youtube.com/watch?v=e9boz_3ck_4,1592,261,267,16.77,259,5,3,0,1
X,2026-07-31,Week 31,HOTB Podcast Promo,X analytics export,"Watch Aaron and @SarahAMatthews1's full conversation on the latest episode of The Home of the Brave Podcast, out now on Apple, Spotify, YouTube, and our Substack: https://t.co/Ec4v…",https://x.com/OfTheBraveUSA/status/2083269680202944582,1589,0,5,0.31,2,0,0,1,0
Instagram,2026-06-11,,KOC,IG reel,"How Trump and DOGE Brought a Flesh-Eating Fly Back to America

#KOC",https://www.instagram.com/reel/DZd3WzYgGUJ/,1588,1333,105,6.61,90,4,5,6,3
Instagram,2026-08-14,Week 33,Produced Videos,IG reel,"Trump (2024): ""Gasoline will be back to $2, and maybe even less than that.""

Trump (2026): ""For you to pay a tiny, little bit more for your gasoline…You're at $4, it's okay, I'll n…",https://www.instagram.com/reel/DcCRGyEilTa/,1588,1184,92,5.79,37,21,22,12,1
TikTok,2026-08-14,Week 33,Produced Videos,Video,"Trump (2024): ""Gasoline will be back to $2, and maybe even less than that."" Trump (2026): ""For you to pay a tiny, little bit more for your gasoline…You're at $4, it's okay, I'll ne…",https://www.tiktok.com/@ofthebraveusa/video/7674000512047484173,1588,0,105,6.61,75,10,9,11,0
Instagram,2026-01-29,,News,IG reel,"Fulton Co. Chair Rob Pitts: ""After the 2020 elections, Fulton County poll workers endured brutal and targeted harassment…While we've grown accustomed to name calling & rhetoric, we…",https://www.instagram.com/reel/DUHOMB0DHsG/,1583,1482,34,2.15,31,0,2,1,0
X,2026-06-26,,HOTB Podcast Promo,raw scrape,"🚨In just 30 minutes — @SarahAMatthews1 and @RadioFreeTom unpack the fallout from the Trump admin's war on Iran. Streaming on X, Facebook, YouTube, and Substack. TUNE IN! https://t.…",https://x.com/OfTheBraveUSA/status/2070560370184343752,1583,0,20,1.26,13,1,4,1,0
X,2026-07-04,Week 27,IHH Podcast Promo,X analytics export,Latest episode of It's Happening Here out now! https://t.co/k7gbKipz20,https://x.com/OfTheBraveUSA/status/2073459557985051099,1582,0,12,0.76,0,0,0,0,0
Instagram,2026-07-15,Week 29,Breaking News,IG reel,"Remember when Elon Musk offered $1 million checks connected to voting in last year's Wisconsin Supreme Court election? ⚖️

A bipartisan state elections commission — made up of thre…",https://www.instagram.com/reel/Da1TdoEil4B/,1579,1323,37,2.34,33,3,0,1,1
X,2026-05-26,,Breaking News,raw scrape,National Economic Council Director Kevin Hassett just proved how out of touch the Trump administration is!,https://x.com/OfTheBraveUSA/status/2059394595939598439,1578,0,36,2.28,24,1,8,1,0
X,2026-05-22,,Breaking News,raw scrape,New NYT reporting shows Iran and Oman are in talks to charge ships for passage through the Strait of Hormuz—suggesting U.S.-Iran negotiations are nowhere near conclusion despite wh…,https://x.com/OfTheBraveUSA/status/2057833175963898104,1577,0,14,0.89,10,0,3,0,0
X,2026-05-22,,HOTB clips,raw scrape,".@thomasjoscelyn: ""This is incredible corruption. This is him saying, 'I'm going to take money out of the government's coffers — taxpayer funds — and use it to pay whoever I want.'…",https://x.com/OfTheBraveUSA/status/2057846630594822452,1577,0,56,3.55,42,1,11,1,0
X,2026-08-02,Week 31,IHH Podcast Promo,X analytics export,"Watch @BillKristol and Tom's full conversation the latest episode of It's Happening Here, out now on Apple, Spotify, and YouTube: https://t.co/UJ5hjLUawd",https://x.com/OfTheBraveUSA/status/2083712677809999995,1575,0,19,1.21,5,0,0,1,0
YouTube,2026-07-21,Week 30,Breaking News,Shorts,Breaking News: Trump Threatens Canada With 50% Tariff on Certain Items,https://www.youtube.com/watch?v=X7TZCvJrafI,1569,234,84,5.35,82,2,0,0,2
Instagram,2026-07-14,Week 29,Breaking News,IG reel,"The same companies keep showing up as donors to Trump's personal projects — the White House ballroom, the inauguration, Freedom 250, the Kennedy Center. And according to a CREW wat…",https://www.instagram.com/reel/DayyL_cDBpQ/,1568,1311,24,1.53,23,0,1,0,0
X,2026-06-24,,Other,raw scrape,Trump is holding a bipartisan bill to lower housing costs hostage until Congress passes the SAVE America act — a bill that many Senate Republicans have already said won't pass.,https://x.com/OfTheBraveUSA/status/2069812771768631552,1567,0,34,2.17,25,2,5,1,0
X,2026-06-26,,HOTB Podcast Promo,raw scrape,"Happening at 2pm ET — @SarahAMatthews1 and @RadioFreeTom talk about the humiliating U.S. surrender to Iran. Streaming on X, Facebook, YouTube, and Substack. You won't want to miss …",https://x.com/OfTheBraveUSA/status/2070540481994342708,1565,0,14,0.89,8,1,4,1,0
Instagram,2026-07-29,Week 31,Breaking News,IG reel,"A new CNN poll out today is rough for President Trump on Iran. 📉

The share of Americans who believe he has a clear plan for handling the situation has fallen to roughly a quarter,…",https://www.instagram.com/reel/DbY72S2lMfp/,1557,1284,25,1.61,20,2,0,3,0
YouTube,2026-07-01,Week 27,Breaking News,Shorts,Breaking News: Birthright Citizenship,https://www.youtube.com/watch?v=XE_4ZSjoEew,1557,337,61,3.92,57,4,0,0,2
X,2026-08-20,Week 34,Sarah Matthews,X analytics export,"""Let’s call this what it is: a top-down policy engineered by this administration that will ensure that, for the foreseeable future, Americans are going to keep paying more for less…",https://x.com/OfTheBraveUSA/status/2090439838440849762,1556,0,37,2.38,21,0,8,1,0
TikTok,2026-07-28,Week 31,Breaking News,Video,"Major update in the case against former Olympic canoeist David ""Davey"" Hearn, charged with felony vandalism of the Lincoln Memorial Reflecting Pool. A court filing this week reveal…",https://www.tiktok.com/@ofthebraveusa/video/7667671443081104654,1555,0,106,6.82,91,13,0,2,0
YouTube,2026-05-29,,Breaking News,Shorts,Breaking News: US to Give Iran $300 Billion,https://www.youtube.com/watch?v=lYv873cQwOE,1554,1041,104,6.69,87,9,8,0,3
Instagram,2026-06-27,,Breaking News,IG reel,"J.D. Vance said Watergate ""would be a 12-hour news story"" today. His logic reveals how much worse the corruption has gotten today: from pay-for-play pardons to a taxpayer-funded sl…",https://www.instagram.com/reel/DaF4ls2lHnd/,1553,1368,36,2.32,31,5,0,0,0
Instagram,2026-05-28,,Breaking News,IG reel,Donald Trump is refiling his $10B lawsuit against the Wall Street Journal for reporting on his lewd and weird birthday letter to Jeffrey Epstein. #BreakingNews,https://www.instagram.com/reel/DY5vBQYj1Ps/,1552,1299,69,4.45,58,8,2,1,2
Instagram,2026-05-08,,KOC,IG reel,Howard lutnick lied to the American people about his relationship with Jeffrey Epstein.,https://www.instagram.com/reel/DYF_sOKAH6W/,1550,1256,155,10.0,92,7,51,5,10
Instagram,2026-08-04,Week 32,Breaking News,IG reel,"Todd Blanche is one step from becoming Attorney General. This morning the Senate Judiciary Committee advanced his nomination on a 12-10 party-line vote. 🏛️

The two Republican hold…",https://www.instagram.com/reel/Dbn-NjMlF0S/,1545,1353,35,2.27,30,4,1,0,0
YouTube,2026-06-17,,Breaking News,Shorts,Breaking News: Screwworm Update,https://www.youtube.com/watch?v=UQMsYwrD6m0,1545,703,107,6.93,101,5,1,0,1
TikTok,2026-06-15,,Breaking News,Video,"Trump says America's 250th July 4th will now be 'the most spectacular Trump rally of them all' complete with his own playlist, after the original artists dropped out. Follow for up…",https://www.tiktok.com/@ofthebraveusa/video/7651665466611485966,1543,0,114,7.39,104,9,0,1,0
Instagram,2026-05-13,,News,IG reel,"During a May 12 press gaggle, Donald Trump stated that he doesn't think about Americans' financial situations ""even a little bit"" when negotiating an end to the Iran war.",https://www.instagram.com/reel/DYSOnj2kX7t/,1541,1301,73,4.74,59,7,2,5,0
YouTube,2026-02-23,,News,Shorts,Rep. Moulton Says Tariff Revenue Should Go Back to the American People | News,https://www.youtube.com/watch?v=9AB-CqZEQ3U,1539,216,21,1.36,17,4,0,0,0
YouTube,2026-05-28,,Breaking News,Shorts,Breaking News: Trump $250 Bill,https://www.youtube.com/watch?v=_egE0_f7k54,1538,329,115,7.48,104,10,1,0,1
X,2026-03-19,,Other,X analytics export,Read more: https://t.co/391y0CH2QC,https://x.com/OfTheBraveUSA/status/2034703342169890855,1529,0,56,3.66,11,1,4,2,0
Instagram,2026-08-15,Week 33,Produced Videos,IG reel,"The Trump administration is calling this ""America's golden age."" Does this feel golden to you?",https://www.instagram.com/reel/DcEgmQeFAn0/,1527,1068,175,11.46,52,33,79,11,1
TikTok,2026-01-13,,Newsletter,Video,"I’m from a red area of a red state. My city in Missouri voted for Trump by more than 58 percent in the last election. My friends, neighbors, and even some family members have turne…",https://www.tiktok.com/@ofthebraveusa/video/7594984872213499150,1527,0,45,2.95,45,0,0,0,0
YouTube,2026-07-02,Week 27,Breaking News,Shorts,Breaking News: Donald Trump Discloses $1.4B in Cryptocurrency Income During Second Term,https://www.youtube.com/watch?v=0BKjKv0Ybhg,1525,501,61,4.0,56,4,1,0,2
X,2026-05-20,,Breaking News,raw scrape,Two police officers who defended the Capitol on Jan. 6th are suing Trump to block his $1.8 billion slush fund—money that could end up paying the same insurrectionists they fought t…,https://x.com/OfTheBraveUSA/status/2057199720263569529,1522,0,63,4.14,54,0,9,0,0
X,2026-07-15,Week 29,Newsletter,raw scrape,"NEW: ""Today, the Senate Judiciary Committee will begin deliberations on whether to approve Donald Trump’s nomination of Todd Blanche as the 88th Attorney General of the United Stat…",https://x.com/OfTheBraveUSA/status/2077385448641503637,1517,0,22,1.45,17,0,5,0,0
Instagram,2026-05-08,,Newsletter,IG image,"Back in February, we wrote that Secretary of Commerce Howard Lutnick should show himself the door after documents released by DOJ contradicted his past statements about his relatio…",https://www.instagram.com/p/DYFswQZDc0V/,1516,948,43,2.84,34,2,4,3,0
Instagram,2026-07-08,Week 28,Other,IG reel,"Vacation, electricity, gas, and groceries — why does all of it cost more this summer?

Our new Times Square billboard shows Americans who's behind these soaring expenses.

Learn mo…",https://www.instagram.com/reel/Daic4lUDlb-/,1513,1386,31,2.05,27,1,3,0,1
X,2026-05-12,,Breaking News,raw scrape,"New CNN polling just came out, and its brutal for Trump. 7 in 10 Americans disapprove of how he’s managing the economy, and the other numbers aren’t any better.",https://x.com/OfTheBraveUSA/status/2054215849410433164,1513,0,70,4.63,47,2,17,3,0
Instagram,2026-08-05,Week 32,Breaking News,IG reel,"New polling has more rough numbers for Trump. 📉

His overall approval is sitting around 36%, and the issue-by-issue picture is worse: he's underwater on taxes, the economy, and inf…",https://www.instagram.com/reel/DbqF8vEAcfO/,1512,1295,39,2.58,36,1,0,2,0
X,2026-07-14,Week 29,HOTB Podcast Promo,X analytics export,"@PeterTwinklage @SarahAMatthews1 Watch the latest episode of The Home of the Brave Podcast, out now: https://t.co/GbxQJNqxkL",https://x.com/OfTheBraveUSA/status/2077170283656491089,1511,0,16,1.06,5,0,0,0,0
Instagram,2026-05-13,,Sarah Matthews,IG reel,Sarah Matthews talks about how advancement in the Republican party demands complete loyalty to Trump and a willingness to promote his lie that he won the 2020 election.,https://www.instagram.com/reel/DYSNpE4DD65/,1508,1145,73,4.84,63,7,0,3,0
Instagram,2026-05-15,,HOTB Pod,IG reel,Tom Joscelyn claims that the Trump administration carries out more political violence than any left-wing or right-wing group through it's mass deportation agenda.,https://www.instagram.com/reel/DYYEq4JEqr7/,1507,1338,25,1.66,23,1,1,0,0
X,2026-01-01,,Newsletter,X analytics export,https://t.co/0JMYlAWkAs,https://x.com/OfTheBraveUSA/status/2006723966476730545,1507,0,27,1.79,7,1,1,0,0
X,2026-06-08,,Other,X analytics export,Learn more about Sticker Shock Summer at our official website! https://t.co/R8VBRcdCmB,https://x.com/OfTheBraveUSA/status/2064071425187561762,1506,0,33,2.19,15,0,5,1,0
YouTube,2026-06-28,,Bill Kristol & Tom Joscelyn,Shorts,Trump's ODNI Pick Is All About The Election w/ Bill Kristol & Tom Joscelyn,https://www.youtube.com/watch?v=u8_8YL3TRWQ,1502,422,38,2.53,38,0,0,0,1
X,2026-05-20,,Breaking News,raw scrape,"Trump says AI is creating more jobs than ever—but for the first time since COVID, unemployed Americans outnumber job openings.",https://x.com/OfTheBraveUSA/status/2057235209725026589,1500,0,16,1.07,11,1,3,1,0
Instagram,2026-08-05,Week 32,Newsletter,IG image,"The Military’s Senior Leadership is Being Politicized

""When I decided to join the Navy, the deal was pretty simple. My fellow service members and I would give up pay, family time,…",https://www.instagram.com/p/DbqbJrRDeOj/,1498,900,29,1.94,21,4,2,2,0
TikTok,2026-01-28,,News,Video,"Andrew Schultz: "" '5% of the people they deported are violent criminals."" Akash Singh: "" There's probably more pedophiles in the Oval Office."" Schultz: "" If you bring up another fu…",https://www.tiktok.com/@ofthebraveusa/video/7600560244552518943,1496,0,164,10.96,143,9,4,8,0
X,2026-07-03,Week 27,IHH Podcast Promo,X analytics export,Catch the latest episode of It's Happening Here out now: https://t.co/k7gbKipz20,https://x.com/OfTheBraveUSA/status/2073165279454958008,1496,0,3,0.2,3,0,0,1,0
X,2026-05-21,,HOTB clips,raw scrape,"RIGHT NOW: @BillKristol and @thomasjoscelyn are live discussing the ""anti-weaponization"" slush fund and the blatant corruption happening in plain sight.",https://x.com/OfTheBraveUSA/status/2057469848632897565,1495,0,6,0.4,6,0,0,0,0
Instagram,2026-07-17,Week 29,Breaking News,IG reel,"Trump gave a primetime address last night claiming China interfered in the 2020 election and released a batch of declassified documents as proof. 🗳️

Here's the twist. Those same d…",https://www.instagram.com/reel/Da563DujxEr/,1494,1216,51,3.41,46,1,3,1,0
YouTube,2026-05-11,,Breaking News,Shorts,"Breaking News: Trump just called Iran's response to the US peace proposal ""totally unacceptable.""",https://www.youtube.com/watch?v=B0grg3_dKqk,1492,166,29,1.94,27,2,0,0,0
Instagram,2026-05-07,,Breaking News,IG reel,"Senate Republicans want YOU, the taxpayer, to fund Trump's latest obsession to the tune of $1 billion.",https://www.instagram.com/reel/DYDbDIkDUpA/,1491,1251,63,4.23,37,4,18,4,1
X,2026-05-13,,Breaking News,raw scrape,Trump is weighing pardons for 250 criminals to celebrate America's 250th anniversary.,https://x.com/OfTheBraveUSA/status/2054683588684034242,1490,0,39,2.62,20,2,16,1,0
X,2026-06-29,Week 27,Other,X analytics export,Find out what the Trump administration's policies are costing you this Fourth of July at https://t.co/3A1TNNJu7U,https://x.com/OfTheBraveUSA/status/2071581370288062902,1487,0,44,2.96,14,0,9,0,0
Instagram,2026-08-11,Week 33,Newsletter,IG image,"This Administration’s Censorship of the Arts is So Much Worse Than You Think

""The order, called ‘Restoring Truth and Sanity to American History,’ sought to remove any art deemed t…",https://www.instagram.com/p/Db6UH3cjXk3/,1485,869,93,6.26,84,6,1,2,2
Instagram,2026-06-02,,Breaking News,IG reel,"Trump named Bill Pulte—a housing official with zero intelligence experience—as Director of National Intelligence. 

His main qualification? Loyalty, after targeting Trump's enemies…",https://www.instagram.com/reel/DZGlDjSD_-d/,1484,1229,25,1.68,22,0,1,2,1
Instagram,2026-01-21,,Produced Videos,IG reel,"The President of the United States used his time on the international stage this morning to threaten our allies, talk about annexing foreign territory, and speak casually about usi…",https://www.instagram.com/reel/DTyldhzjkIT/,1483,1124,38,2.56,18,10,2,8,1
Instagram,2026-08-05,Week 32,Breaking News,IG reel,"The tariff refunds are going out, and consumers are unlikely to see much of it. 💸

After the Supreme Court struck down Trump's tariffs, the government now owes roughly $166 billion…",https://www.instagram.com/reel/Dbq5TB0E5qY/,1482,1229,58,3.91,49,6,1,2,0
Instagram,2026-06-10,,Breaking News,IG reel,"Grocery prices continued to this rise month as a result of the war in Iran. Beef rose 12.1%, hot dogs rose 7.7%, and the price of lettuce, tomatoes, and other fixings also increase…",https://www.instagram.com/reel/DZaNBpPAs_t/,1471,1276,18,1.22,18,0,0,0,0
X,2026-02-09,,Other,X analytics export,.@ProPublica published letters from children detained at Dilley Immigration Processing Center. See more here: https://t.co/Ak2dAd67k4,https://x.com/OfTheBraveUSA/status/2020989767178154153,1471,0,62,4.21,17,0,8,3,0
X,2026-07-30,Week 31,HOTB Podcast Promo,raw scrape,"🚨 In just 30 minutes, @SarahAMatthews1 and @AaronParnas will go live to discuss the delays in Todd Blanche's confirmation vote, new ICE operations, and yesterday's Fauci hearing! T…",https://x.com/OfTheBraveUSA/status/2082852122689732903,1470,0,11,0.75,9,0,2,0,0
Instagram,2026-05-21,,HOTB Pod,IG reel,Polis' own commission told him not to do it — he did it anyway. #Accountability,https://www.instagram.com/reel/DYmuIBbj3e3/,1467,1280,25,1.7,14,2,9,0,2
YouTube,2026-05-20,,Breaking News,Shorts,Breaking News: Trump Says the Job Market Is Great. The Data Says the Opposite.,https://www.youtube.com/watch?v=GeZbgzPb6_8,1467,245,112,7.63,106,5,1,0,2
YouTube,2026-05-18,,Breaking News,Shorts,Breaking News: Trump's Approval is Collapsing!,https://www.youtube.com/watch?v=vY3jXGdZX_w,1458,342,148,10.15,145,2,1,0,2
TikTok,2026-01-22,,News,Video,"Rep. Ted Lieu: ""How scared are Republicans of talking about the Epstein files? They would rather talk about the criminality of Donald Trump trying to steal an election…than talk ab…",https://www.tiktok.com/@ofthebraveusa/video/7598350468758162702,1457,0,154,10.57,139,3,5,7,0
Instagram,2026-05-26,,Breaking News,IG reel,"HHS Secretary RFK Jr. and Dr. Oz play with snakes amid Ebola and Hantavirus outbreaks. 

This is what Trump's health team prioritizes — weird stunts over saving lives. #BreakingNew…",https://www.instagram.com/reel/DY0qsOTAP1V/,1452,1285,45,3.1,38,5,0,2,0
X,2026-05-26,,Breaking News,raw scrape,Trump said over the weekend the US was close to a deal to end his war in Iran — but US strikes on Iranian boats and military installations are pushing the tenuous ceasefire to its …,https://x.com/OfTheBraveUSA/status/2059304343824720186,1449,0,16,1.1,11,1,4,0,0
Instagram,2026-04-13,,Newsletter,IG image,"NEW: Where Is Pam Bondi?

It seems incomprehensible that an honest investigation by Congress (or DOJ) would not pursue every last answer from Bondi with urgency. If she had appeare…",https://www.instagram.com/p/DXFnvNvjU5R/,1444,939,28,1.94,25,1,1,1,0
Instagram,2026-01-05,,Other,IG reel,"Officer Daniel Hodges narrates his body camera footage from January 6:

"" Here someone tried to disarm me of my riot baton… At this point I'm completely surrounded, have no one aro…",https://www.instagram.com/reel/DTJfsBlDvtA/,1441,1073,114,7.91,78,4,20,12,1
Instagram,2026-07-18,Week 29,Bill Kristol & Tom Joscelyn,IG reel,"Tom Joscelyn: ""DHS is claiming that he tried to use his vehicle to ram officers…We've seen it disproven numerous times now. You're gonna really have to show me the evidence of that…",https://www.instagram.com/reel/Da8NzSFjwRU/,1440,1225,32,2.22,29,0,1,2,3
Instagram,2026-07-14,Week 29,HOTB Pod,IG reel,"@prothplz and @SarahAMatthews1 discuss Todd Blanche's confirmation hearing: "" If Blanche tries to dance around proper accountability for these Pillsbury doughboy fascists just shoo…",https://www.instagram.com/reel/Dayn8EQErR5/,1438,1159,38,2.64,34,1,0,3,1
YouTube,2026-07-04,Week 27,Bill Kristol & Tom Joscelyn,Shorts,MAGA's Birthright Ruling Reaction w/ Bill Kristol & Tom Joscelyn,https://www.youtube.com/watch?v=phuBytB80gE,1438,396,15,1.04,15,0,0,0,0
X,2026-06-08,,Other,X analytics export,Learn more about how the Trump administration's policies are making your summer more expensive here https://t.co/R8VBRcdCmB,https://x.com/OfTheBraveUSA/status/2064026797134520597,1433,0,40,2.79,11,0,5,1,0
YouTube,2026-06-22,,Breaking News,Shorts,Breaking News: Reflecting Pool Arrests?!?!,https://www.youtube.com/watch?v=uITxIjQjDfE,1431,525,48,3.35,43,5,0,0,0
YouTube,2026-06-25,,Breaking News,Shorts,Breaking News: Kash Patel's GF to Sing at America 250,https://www.youtube.com/watch?v=FXoQf6BWb5I,1431,1265,32,2.24,28,3,1,0,1
Instagram,2026-01-12,,Newsletter,IG image,"One of the things that allows America to remain a global super power is the presence of a stable, fully independent Federal Reserve central bank. You can only serve as the backstop…",https://www.instagram.com/p/DTbaUAdjqb_/,1430,520,23,1.61,19,0,3,1,0
Instagram,2026-04-17,,Newsletter,IG image,"NEW: How Jared Kushner Became A Billionaire

Before Jared Kushner became a billionaire, he was the wealthy son of a New York real estate magnate and paid next to nothing in federal…",https://www.instagram.com/p/DXPSWQ-jY-d/,1427,918,33,2.31,27,0,1,5,0
X,2026-05-28,,Live podcast,raw scrape,LIVE NOW! Come join us!,https://x.com/OfTheBraveUSA/status/2060053560277037314,1427,0,6,0.42,4,0,1,1,0
Instagram,2026-05-11,,News,IG reel,"Rep. Brendan Boyle: ""Never before in American history have we seen a 50% increase in the price of gas in such a short time.""",https://www.instagram.com/reel/DYNL3X_iNm7/,1422,1090,57,4.01,42,1,11,3,4
X,2026-06-27,,IHH Podcast Promo,X analytics export,Check out the newest episode of It's Happening Here: https://t.co/ylG1oiFPgh,https://x.com/OfTheBraveUSA/status/2070960190598398323,1421,0,15,1.06,5,0,1,0,0
X,2026-05-13,,Breaking News,raw scrape,"During a May 12 press gaggle, Donald Trump stated that he doesn't think about Americans' financial situations ""even a little bit"" when negotiating an end to the Iran war.",https://x.com/OfTheBraveUSA/status/2054592975196287473,1420,0,21,1.48,17,2,1,1,0
YouTube,2026-05-09,,Breaking News,Shorts,BREAKING NEWS: Trump’s FCC Targets The View in Escalating Free Speech Crackdown,https://www.youtube.com/watch?v=qmvGeqahIrc,1418,281,29,2.05,27,2,0,0,2
TikTok,2026-02-24,,News,Video,"Virginia Giuffre's brother Sky: ""They might be ready to move on, but the rest of the world is not."" Rep. Subramanyam: ""I want the president to look them in the eyes and tell them t…",https://www.tiktok.com/@ofthebraveusa/video/7610583440844393742,1414,0,283,20.01,268,7,2,6,0
X,2026-06-11,,Newsletter,X analytics export,Learn more about how the Trump administration's policies are costing you money at https://t.co/bmou8tXiKA,https://x.com/OfTheBraveUSA/status/2065209786614849887,1414,0,41,2.9,13,0,6,1,0
YouTube,2026-07-19,Week 29,Bill Kristol & Tom Joscelyn,Shorts,The Blanche-Maxwell Timeline w/ Bill Kristol & Tom Joscelyn,https://www.youtube.com/watch?v=bFm6q_PF6PY,1414,536,93,6.58,90,2,1,0,0
X,2026-06-27,,IHH Podcast Promo,X analytics export,Watch the whole episode of It’s Happening Here OUT NOW: https://t.co/ylG1oiFPgh,https://x.com/OfTheBraveUSA/status/2070897410717450677,1410,0,20,1.42,4,0,1,2,0
Instagram,2026-06-10,,Newsletter,IG image,"It is all too easy to be offended by Trump’s personal taste. Yes, his penchant for gold and glitz and imperial scale offend many on a personal aesthetic level. But we can miss the …",https://www.instagram.com/p/DZaMF43DW1c/,1408,886,26,1.85,25,0,0,1,0
X,2026-07-11,Week 28,IHH Podcast Promo,X analytics export,"@BillKristol Watch the latest episode of It's Happening Here, out now: https://t.co/UBAWvQzzTh",https://x.com/OfTheBraveUSA/status/2075977385611075696,1406,0,33,2.35,5,0,1,0,0
X,2026-06-17,,Newsletter,X analytics export,"NEW: ""In 1966, all the U.S. states dealing with screwworm declared an eradication program a success…Then the Trump administration’s DOGE made sweeping cuts to USAID—including a pro…",https://x.com/OfTheBraveUSA/status/2067245309420241322,1405,0,101,7.19,39,4,30,1,0
YouTube,2026-07-17,Week 29,News,Shorts,Epstein Survivor Testifies Against Blanche's Confirmation | News,https://www.youtube.com/watch?v=EQN6eVshe0E,1405,1034,102,7.26,99,1,2,0,0
YouTube,2026-07-15,Week 29,Breaking News,Shorts,Breaking News: Trump Calls for ICE to Resume Traffic Stops,https://www.youtube.com/watch?v=slg3aOYOWQA,1404,326,64,4.56,60,3,1,0,2
X,2026-07-02,Week 27,Other,X analytics export,Help us call out this administration's sizzlin' summer inflation https://t.co/odE1h6AQdg,https://x.com/OfTheBraveUSA/status/2072791686028157309,1400,0,19,1.36,13,0,0,0,0
X,2026-05-20,,Live podcast,raw scrape,Tina Peters PARDONED + the “Election Integrity Army” https://t.co/4VFcTTxLtw,https://x.com/OfTheBraveUSA/status/2057144605997719559,1397,0,5,0.36,4,0,0,0,0
YouTube,2026-05-18,,Breaking News,Shorts,BREAKING NEWS: Trump Is Trading Millions in Stocks,https://www.youtube.com/watch?v=w5z9D0Mg9fo,1397,457,132,9.45,125,3,4,0,1
YouTube,2026-05-29,,Breaking News,Shorts,Breaking News: Federal Judge Halts Slush Fund,https://www.youtube.com/watch?v=FFndf78mwEU,1391,235,248,17.83,241,3,4,0,8
YouTube,2026-06-23,,Bill Kristol & Tom Joscelyn,Shorts,Todd Blanche's Absurd Meeting with Ghislaine Maxwell w/ Bill Kristol & Tom Joscelyn,https://www.youtube.com/watch?v=qgiP1uWtzQ8,1391,675,156,11.21,146,2,8,0,1
X,2026-02-28,,Other,X analytics export,https://t.co/2f6cmqk2cp,https://x.com/OfTheBraveUSA/status/2027830982296907802,1390,0,39,2.81,2,2,0,0,0
TikTok,2026-07-29,Week 31,Breaking News,Video,"President Trump has asked the Supreme Court to toss the $83.3 million defamation judgment awarded to writer E. Jean Carroll, arguing presidential immunity because the comments were…",https://www.tiktok.com/@ofthebraveusa/video/7668084753316203790,1389,0,107,7.7,95,7,2,3,0
Instagram,2026-03-02,,News,IG reel,"Tulsi Gabbard: ""An all out war with Iran would make the wars that we've seen in Iraq and Afghanistan look like a picnic. It will be far more costly in lives, American lives, and Am…",https://www.instagram.com/reel/DVZwNTUgp5k/,1386,1129,26,1.88,19,4,2,1,0
TikTok,2026-02-12,,Sarah Matthews,Video,@Sarah Matthews on the Lutnick-Epstein relationship.,https://www.tiktok.com/@ofthebraveusa/video/7606116332756618526,1382,0,183,13.24,172,3,2,6,0
YouTube,2026-06-01,,Breaking News,Shorts,Breaking News: Iran Ends Negotiations,https://www.youtube.com/watch?v=sjAmwNcm44s,1381,494,118,8.54,112,4,2,0,2
YouTube,2026-06-09,,Breaking News,Shorts,Breaking News: More Bad Polls for Trump,https://www.youtube.com/watch?v=zTippFKO4U4,1381,946,49,3.55,46,2,1,0,0
YouTube,2026-05-09,,Breaking News,Shorts,BREAKING NEWS: Gas Prices Surge Across America as Iran Crisis Escalates,https://www.youtube.com/watch?v=5BLi9Vnesbo,1379,219,39,2.83,33,6,0,0,0
YouTube,2026-05-13,,News,Shorts,Sarah Matthews on Republican Election Tactics for the Midterms | News,https://www.youtube.com/watch?v=_UDSalX2x94,1379,331,72,5.22,66,1,5,0,5
TikTok,2026-02-18,,News,Video,"Saagar Enjeti: ""This is a bad look. Also in the Epstein files…is one of Trump's accusers was actually interviewed by the FBI…The fact that the FBI did interview a victim who was ac…",https://www.tiktok.com/@ofthebraveusa/video/7608373602865466638,1378,0,101,7.33,98,1,0,2,0
X,2026-05-21,,HOTB clips,raw scrape,".@BillKristol: ""It's not just that he pardoned the J6 insurrectionists. Now he wants to give your taxpayer money to them."" .@thomasjoscelyn: ""This is the January 6th administration…",https://x.com/OfTheBraveUSA/status/2057514434658996245,1376,0,21,1.53,17,0,4,0,0
YouTube,2026-06-15,,Breaking News,Shorts,Breaking News: Trump Coin Drama,https://www.youtube.com/watch?v=56xJiqYSS44,1376,598,33,2.4,30,2,1,0,2
TikTok,2026-02-11,,News,Video,"Rep. Lieu: ""I believe you just lied under oath."" Pam Bondi: ""Don't you ever accuse me of a crime!"" Rep. Lieu: ""I believe you just lied under oath and this is all on videotape.""",https://www.tiktok.com/@ofthebraveusa/video/7605755378038476045,1374,0,51,3.71,42,5,1,3,0
X,2026-05-19,,Breaking News,raw scrape,"The new NYT/Siena poll shows Americans' views on the economy in freefall — only 4% rate it excellent, 49% rate it poor, with the ""poor"" line spiking sharply at the start of the war…",https://x.com/OfTheBraveUSA/status/2056737517869596676,1373,0,20,1.46,16,1,2,1,0
YouTube,2026-05-07,,Breaking News,Shorts,Breaking News: Senate Republicans Want You to Pay $1B for Trump's Ballroom,https://www.youtube.com/watch?v=QhyAdJwBHhM,1371,175,32,2.33,22,5,5,0,0
YouTube,2026-07-25,Week 30,Bill Kristol & Tom Joscelyn,Long-Form,"""We Don't Know How Weak We Are"": Inside the Iran War w/ Bill Kristol & Tom Joscelyn",https://www.youtube.com/watch?v=U25cfLkcZqQ,1371,10765,71,5.18,64,6,1,0,7
TikTok,2026-02-25,,Sarah Matthews,Video,Read more at the link in bio.,https://www.tiktok.com/@ofthebraveusa/video/7610939571550883103,1367,0,230,16.83,201,6,9,14,0
X,2026-01-08,,Produced videos,X analytics export,"Join Ronn and other brave Americans who are standing up and speaking out about how Trump is hurting you, your family, and your community. Tell your story @OfTheBraveUSA: https://t.…",https://x.com/OfTheBraveUSA/status/2009386220309061892,1363,0,23,1.69,11,1,8,0,0
YouTube,2026-05-26,,Breaking News,Shorts,Breaking News: UFC Arena is being Built for 250,https://www.youtube.com/watch?v=eLmJdqBG7CU,1357,1567,176,12.97,161,11,4,0,1
YouTube,2026-07-08,Week 28,Breaking News,Shorts,Breaking News: Trump Corruption Is Off the Charts,https://www.youtube.com/watch?v=s733YpATx9A,1354,627,110,8.12,102,5,3,0,4
X,2026-06-08,,Other,X analytics export,Read more about Sticker Shock Summer at our website: https://t.co/R8VBRcdCmB,https://x.com/OfTheBraveUSA/status/2064045177484763502,1353,0,26,1.92,8,0,4,1,0
TikTok,2026-03-10,,News,Video,"Joe Rogan on Epstein: ""Names were redacted that are powerful people, not victims…What about where Epstein says 'I like the torture video.' Why would you redact the name of a person…",https://www.tiktok.com/@ofthebraveusa/video/7615779784362183950,1351,0,124,9.18,110,3,0,11,0
TikTok,2026-03-02,,News,Video,"Pete Hegseth: ""The War Department will not be distracted by democracy-building, interventionism, undefined wars, regime change…and feckless nation-building.""",https://www.tiktok.com/@ofthebraveusa/video/7612815152697658637,1350,0,58,4.3,43,8,3,4,0
X,2026-01-08,,Other,X analytics export,https://t.co/oU4yXc1DfP,https://x.com/OfTheBraveUSA/status/2009257658440679859,1346,0,13,0.97,4,1,3,0,0
YouTube,2026-04-30,,Social Ads,Shorts,Trump has been a cheerleader for political violence for a decade. | Social Ads,https://www.youtube.com/watch?v=2cWd3shYrsY,1345,165,38,2.83,34,3,1,0,1
TikTok,2026-02-12,,Produced Videos,Video,Former Rep. Marjorie Taylor Greene is speaking out!,https://www.tiktok.com/@ofthebraveusa/video/7606166128125087007,1342,0,219,16.32,198,6,6,9,0
X,2026-05-19,,HOTB clips,raw scrape,".@thomasjoscelyn: ""This organization, Antifa Ost, was designated in-part because they traveled to Budapest for this Blood and Honor rally and got into street fights with some neo-N…",https://x.com/OfTheBraveUSA/status/2056774632812818745,1339,0,6,0.45,6,0,0,0,0
X,2026-07-13,Week 29,IHH Podcast Promo,X analytics export,@BillKristol Be sure to watch Bill &amp; Tom's full conversation on the latest episode of It's Happening Here: https://t.co/UBAWvQzzTh,https://x.com/OfTheBraveUSA/status/2076759622925324594,1339,0,18,1.34,3,0,0,0,0
TikTok,2026-08-11,Week 33,Produced Videos,Video,"Trump claimed that children receive vaccinations that are the ""size of a bottle of soda."" Let's see how that holds up.",https://www.tiktok.com/@ofthebraveusa/video/7672897812522077453,1337,0,156,11.67,119,16,16,5,0
YouTube,2026-05-13,,Breaking News,Shorts,Breaking News: Trump Administration Caught Lying About War in Iran,https://www.youtube.com/watch?v=7CZFfZiCQ_4,1336,421,34,2.54,29,5,0,0,0
X,2026-06-03,,HOTB Podcast Promo,raw scrape,"JOIN US tomorrow, June 4, at 10AM ET for a live taping of the Home of the Brave Podcast! Our guest is former FBI special agent Michael Feinberg, breaking down the Trumpification of…",https://x.com/OfTheBraveUSA/status/2062292444612342015,1333,0,8,0.6,6,0,2,0,0
X,2026-07-09,Week 28,Other,X analytics export,Learn more at https://t.co/3A1TNNJu7U! https://t.co/3A1TNNJu7U,https://x.com/OfTheBraveUSA/status/2075249978776179147,1333,0,50,3.75,15,0,4,1,0
YouTube,2026-06-08,,Ad,Shorts,"Under the Trump administration, your summer vacation is WAY more expensive! | Ad",https://www.youtube.com/watch?v=nFyt7SsP-Hg,1333,1461,31,2.33,20,4,7,0,1
Instagram,2026-05-22,,HOTB Pod,IG reel,"Taxpayer funds out, payments to whoever he wants in — this is incredible corruption in plain sight. #Corruption",https://www.instagram.com/reel/DYpWJZkmdVK/,1331,1054,36,2.7,29,4,1,2,0
TikTok,2026-07-27,Week 31,Breaking News,Video,"Over the weekend, President Trump flooded Truth Social with a stream of AI-generated images, reportedly more than a dozen in a few hours. They included a Star Trek-style ""Cosmic Co…",https://www.tiktok.com/@ofthebraveusa/video/7667237927235194125,1323,0,136,10.28,116,12,4,4,0
X,2026-01-30,,Newsletter,X analytics export,Read the whole story here: https://t.co/LCEmmmMP5a,https://x.com/OfTheBraveUSA/status/2017243929331044365,1323,0,42,3.17,21,1,3,1,0
X,2026-07-02,Week 27,Other,X analytics export,Help Us Call Out This Administration’s Sizzlin’ Summer Inflation https://t.co/odE1h6AQdg,https://x.com/OfTheBraveUSA/status/2072674635557077080,1323,0,24,1.81,13,0,4,0,0
YouTube,2026-05-18,,Breaking News,Shorts,Breaking News: Trump Drops IRS Suit for $1.8B Taxpayer Fund to Pay His Own Allies,https://www.youtube.com/watch?v=k5gH44O_RTI,1321,520,185,14.0,175,6,4,0,2
YouTube,2026-03-05,,News,Shorts,"Vance in 2022: Republican Establishment Sent Children to Die in ""Stupid Wars"" | News",https://www.youtube.com/watch?v=yYdANbZnJWk,1315,742,15,1.14,11,2,2,0,0
YouTube,2026-05-21,,Bill Kristol & Tom Joscelyn,Shorts,Paying J6 Rioters Is an Orwellian Reversal of Reality w/ Bill Kristol & Tom Joscelyn,https://www.youtube.com/watch?v=Q_0bAQv5TIo,1314,255,63,4.79,60,3,0,0,0
YouTube,2026-07-13,Week 29,Bill Kristol & Tom Joscelyn,Shorts,ICE's Latest Murder is a Total Disgrace w/ Bill Kristol & Tom Joscelyn,https://www.youtube.com/watch?v=anlvpfnX2-M,1314,435,75,5.71,67,7,1,0,3
YouTube,2026-05-13,,Breaking News,Shorts,"Breaking News: Trump Admin Assembles a ""Payback Squad""",https://www.youtube.com/watch?v=hMMcQb6lysg,1313,409,64,4.87,58,4,2,0,2
YouTube,2026-06-27,,Breaking News,Shorts,"Breaking News: J.D. Vance says Watergate ""Would Be a 12-Hour News Story"" Today",https://www.youtube.com/watch?v=H3mm3EesfVo,1313,359,79,6.02,78,1,0,0,3
YouTube,2026-03-03,,News,Shorts,"Hegseth (2025): We Will not be Distracted by ""Undefined Wars"" & ""Regime Change"" | News",https://www.youtube.com/watch?v=Wxt32Qr_u7k,1310,247,28,2.14,22,5,1,0,1
Instagram,2026-05-07,,HOTB Pod,IG reel,Iran closed the Strait of Hormuz: Is Trump claiming victory?,https://www.instagram.com/reel/DYDNi8PCJ-S/,1309,1201,13,0.99,12,0,0,1,0
X,2026-05-15,,Sarah Matthews,raw scrape,"New Billboards Out Now From Home Of The Brave: ""Trump Doesn't Care About Your Finances""",https://x.com/OfTheBraveUSA/status/2055332939668316353,1308,0,40,3.06,29,1,10,0,0
X,2026-07-21,Week 30,HOTB Podcast Promo,X analytics export,"Watch the latest episode of The Home of the Brave Podcast, out now: https://t.co/8bZb5rW32L",https://x.com/OfTheBraveUSA/status/2079694274057081040,1303,0,8,0.61,2,0,0,0,0
X,2026-06-08,,Other,X analytics export,Learn more about Sticker Shock Summer at the campaign's official website https://t.co/R8VBRcdCmB,https://x.com/OfTheBraveUSA/status/2064007082676793557,1295,0,49,3.78,7,0,3,1,0
Instagram,2026-05-21,,HOTB Pod,IG reel,He didn't just pardon the J6 insurrectionists — now he wants to pay them with your tax dollars.,https://www.instagram.com/reel/DYm_E7BgZDv/,1290,1073,38,2.95,30,7,1,0,0
YouTube,2026-07-15,Week 29,HOTB Pod,Shorts,"""It's Banana Republic Shit"" | HOTB Pod",https://www.youtube.com/watch?v=Rh45QVQZDmc,1288,486,95,7.38,92,3,0,0,0
Instagram,2026-07-11,Week 28,Bill Kristol & Tom Joscelyn,IG reel,"Tom Joscelyn: ""Trump said he was gonna have the largest deportation scheme in history. You can't do that without rounding up the Lorenzo Araujos of the world…You can't have the lar…",https://www.instagram.com/reel/DarHK6ij4j4/,1287,1107,18,1.4,17,0,0,1,0
YouTube,2026-07-07,Week 28,Breaking News,Shorts,Breaking News:  Admin Might Roll Back Online Gun Laws to Help Don Jr.,https://www.youtube.com/watch?v=yD9k6ycpYMo,1284,393,115,8.96,105,7,3,0,2
TikTok,2026-01-08,,Newsletter,Video,"Donald Trump made targeting immigrants the centerpiece of his 2024 campaign. And while he’s broken nearly all of his other policy promises—lowering costs, ending all wars, deliveri…",https://www.tiktok.com/@ofthebraveusa/video/7593028930634812702,1281,0,130,10.15,127,1,1,1,0
X,2026-06-09,,Other,X analytics export,Learn more about Sticker Shock Summer and how to get involved here! https://t.co/R8VBRcdCmB,https://x.com/OfTheBraveUSA/status/2064373585695662485,1281,0,20,1.56,6,0,1,0,0
X,2026-07-02,Week 27,Other,X analytics export,What else are we forgetting? Reply below ⬇️,https://x.com/OfTheBraveUSA/status/2072706128077566265,1280,0,20,1.56,7,4,0,0,0
Instagram,2026-07-27,Week 31,Newsletter,IG image,"The Party’s Over: Why the White House Correspondents’ Dinner Flopped

""Let’s be clear: There has always been a natural tension between the Oval Office and the media. Richard Nixon …",https://www.instagram.com/p/DbTpgyODe9Y/,1277,822,23,1.8,19,0,0,4,0
YouTube,2026-08-24,,Breaking News,Shorts,Breaking News: Insane Truth Social Post You Have To See,https://www.youtube.com/watch?v=Sd7mFyqCFo0,1276,121,55,4.31,53,2,0,0,1
TikTok,2026-05-01,,News,Video,"Sen. Blumenthal: ""Mr. Secretary, I know you have characterized this war as a astonishing military success. To use your words yesterday…I would hate to see what losing looks like, b…",https://www.tiktok.com/@ofthebraveusa/video/7635081497426316558,1274,0,172,13.5,161,4,0,7,0
TikTok,2026-05-13,,Breaking News,Video,Trump is weighing pardons for 250 criminals to celebrate America's 250th anniversary.,https://www.tiktok.com/@ofthebraveusa/video/7639499900949925133,1272,0,36,2.83,23,3,8,2,0
TikTok,2026-08-24,,Breaking News,Video,A new congressional analysis finds President Trump's oil and gas holdings have surged as the war in Iran drives up energy prices. Per the Joint Economic Committee's Democratic mino…,https://www.tiktok.com/@ofthebraveusa/video/7677643956443712798,1272,0,74,5.82,60,7,4,3,0
Instagram,2026-08-16,Week 33,Newsletter,IG image,"Why I Canceled My Band’s Show at the Kennedy Center

""I saw the announcement that the Trump administration was taking over the Kennedy Center. And that there was an intention to in…",https://www.instagram.com/p/DcGqnqgDSOo/,1271,779,29,2.28,27,1,0,1,0
TikTok,2026-02-11,,News,Video,"Tim Pool: ""I ain't cutting Trump any slack now that we know that they've covered up the co-conspirator documents…There's still no excuse for them not exposing these deep, dark, cor…",https://www.tiktok.com/@ofthebraveusa/video/7605776019605196045,1265,0,72,5.69,61,4,4,3,0
TikTok,2026-02-20,,News,Video,"Donald Trump: ""Our president will start a war with Iran because he has absolutely no ability to negotiate. He's weak and he's ineffective."" (2011)",https://www.tiktok.com/@ofthebraveusa/video/7609100265131707662,1262,0,74,5.86,63,5,3,3,0
Instagram,2026-05-26,,Breaking News,IG reel,"Trump continues his vanity projects as construction begins on a UFC octagon on the White House lawn.

Meanwhile, Americans are struggling with soaring grocery bills, high gas price…",https://www.instagram.com/reel/DY0gW6EjIfd/,1261,1071,36,2.85,28,7,1,0,0
X,2026-06-01,,Newsletter,raw scrape,"""A good friend of mine is far along in the process of obtaining his Canadian citizenship. For his protection, I’m not sharing his name. That says more than enough about the sense o…",https://x.com/OfTheBraveUSA/status/2061511004769460436,1260,0,6,0.48,6,0,0,0,0
X,2026-05-18,,HOTB Podcast Promo,raw scrape,"Join Home of the Brave's @FanoneMich10892 and @stephen_richer LIVE on Wednesday at 1pm ET They’ll discuss Tina Peters' clemency, the “Election Integrity Army,” and ballot seizures …",https://x.com/OfTheBraveUSA/status/2056458616522129888,1253,0,5,0.4,4,0,1,0,0
YouTube,2026-06-09,,Breaking News,Shorts,Breaking News: Gas Prices Set To Keep Rising,https://www.youtube.com/watch?v=kf_4VOIDAKw,1248,443,31,2.48,28,3,0,0,1
Instagram,2026-02-06,,News,IG reel,"Gov. Beshear: ""[Trump] knows he's about to lose and lose big…Instead of trying to pivot and address affordability, people's everyday concerns, the fact that his economic policies a…",https://www.instagram.com/reel/DUb4hxWlLsp/,1245,1001,92,7.39,80,2,2,8,2
YouTube,2026-05-07,,Sarah Matthews,Shorts,Trump’s Iran war is crushing drivers at the pump. | Sarah Matthews,https://www.youtube.com/watch?v=g9xVAMqbnww,1244,259,61,4.9,57,3,1,0,3
TikTok,2026-01-07,,Testimonials,Video,"Funding for Science and Medical research in the United States saves lives and fuels American success. Take it from Jack, a Nobel Prize-winning scientist, horrified by the destructi…",https://www.tiktok.com/@ofthebraveusa/video/7592766220517002551,1242,0,230,18.52,201,7,7,15,0
YouTube,2026-07-15,Week 29,Breaking News,Shorts,Breaking News: More Trump Corruption,https://www.youtube.com/watch?v=vTH-yhPWPlk,1241,410,83,6.69,77,3,3,0,2
YouTube,2026-06-10,,Breaking News,Shorts,Breaking News: Your BBQ Is Going To Be More Expensive!,https://www.youtube.com/watch?v=QZS-ZlUge8o,1238,414,36,2.91,34,2,0,0,4
Instagram,2026-07-04,Week 27,Newsletter,IG image,"NEW: Hegseth’s ‘DEI’ Purge is a Betrayal of American Service Members

The very groups Hegseth has targeted are among this nation’s most dedicated patriots. Many African Americans d…",https://www.instagram.com/p/DaXzM3_DZvE/,1235,786,23,1.86,18,1,2,2,0
YouTube,2026-08-06,Week 32,HOTB Pod,Shorts,Lying is a Daily Routine for Trump Admin Officials | HOTB Pod,https://www.youtube.com/watch?v=cPbzZWUaUJ0,1235,732,192,15.55,188,4,0,0,1
X,2026-07-03,Week 27,IHH Podcast Promo,X analytics export,"Be sure to watch the latest episode of It's Happening Here, out now! https://t.co/k7gbKipz20",https://x.com/OfTheBraveUSA/status/2073090468846387259,1231,0,11,0.89,3,0,1,0,0
YouTube,2026-05-05,,News,Shorts,"Rep. Garcia: ""No Pardon for Ghislaine Maxwell"" | News",https://www.youtube.com/watch?v=hwgODtWf2Og,1231,457,111,9.02,100,6,5,0,2
TikTok,2026-05-25,,Breaking News,Video,Trump’s Memorial Day post is getting backlash from critics who say he has a long history of disrespecting the military.,https://www.tiktok.com/@ofthebraveusa/video/7643975803058834701,1229,0,120,9.76,116,0,0,4,0
X,2026-03-27,,Other,X analytics export,Find your local #NoKings protest here! https://t.co/322rw8a65D,https://x.com/OfTheBraveUSA/status/2037649984883962134,1229,0,62,5.04,15,1,4,0,0
TikTok,2026-02-13,,Sarah Matthews,Video,@Sarah Matthews on Attorney General Bondi’s hearing this week on the Epstein files.,https://www.tiktok.com/@ofthebraveusa/video/7606425853676752159,1228,0,143,11.64,137,0,2,4,0
YouTube,2026-05-29,,Breaking News,Shorts,Breaking News: The White House's New Website Is Not What You Think It Is,https://www.youtube.com/watch?v=79OkJbLCAHs,1228,454,112,9.12,104,6,2,0,0
X,2026-05-12,,Breaking News,raw scrape,New data reveals how Trump is making your life more expensive.,https://x.com/OfTheBraveUSA/status/2054198514238771438,1220,0,20,1.64,17,0,2,1,0
TikTok,2026-05-02,,Newsletter,Video,This week the Department of Justice indicted James Comey for a social media post of seashells spelling out “8647.” That put the term “86”—which in restaurant industry parlance mean…,https://www.tiktok.com/@ofthebraveusa/video/7635310629196205326,1215,0,19,1.56,17,1,0,1,0
Instagram,2026-05-13,,Breaking News,IG reel,"The Trump administration was caught lying about the war in Iran, claiming that the U.S. had ""decimated"" Iran's military capabilities despite NY Times reporting that Iran still reta…",https://www.instagram.com/reel/DYSvHBTlbbj/,1213,983,30,2.47,29,0,0,1,1
TikTok,2026-08-18,Week 34,Breaking News,Video,"our prices on a range of Canadian goods could rise as soon as tonight. The Trump administration is set to impose a 50% tariff on about $20 billion in Canadian products, from hockey…",https://www.tiktok.com/@ofthebraveusa/video/7675483337338801438,1213,0,77,6.35,47,3,24,3,0
TikTok,2026-07-15,Week 29,Produced Videos,Video,"When asked if he was friends with President Trump, Todd Blanche dodged the question. But three months ago, he said ""I love you, sir"" about Trump on live television. Blanche (July 2…",https://www.tiktok.com/@ofthebraveusa/video/7662862840969071886,1212,0,89,7.34,73,8,3,5,0
X,2026-05-28,,General clips,raw scrape,"Trump in 2024: ""I'd like to begin by asking you a simple question. Are you better off now than you were four years ago? With your vote tomorrow, I will end inflation."" Today's PCE …",https://x.com/OfTheBraveUSA/status/2060020719157678365,1211,0,33,2.73,25,1,6,1,0
X,2026-05-11,,Other,X analytics export,Read more: https://t.co/R7q4dhfHto https://t.co/R7q4dhfHto,https://x.com/OfTheBraveUSA/status/2053938679379333587,1210,0,17,1.4,2,0,0,0,0
Instagram,2026-05-20,,Breaking News,IG reel,"Trump says AI is creating more jobs than ever, but for the first time since COVID, unemployed Americans outnumber job openings. #Economy #Jobs",https://www.instagram.com/reel/DYlAH5QE7IZ/,1209,1057,37,3.06,33,2,0,2,1
X,2026-03-25,,Newsletter,X analytics export,Read more about how we are standing up in these uniquely dangerous times here: https://t.co/lmfYTU8kPr,https://x.com/OfTheBraveUSA/status/2036830127217074604,1209,0,30,2.48,11,0,5,0,0
Instagram,2026-06-17,,Newsletter,IG image,"In 1966, all the U.S. states dealing with screwworm declared an eradication program a success…Then the Trump administration’s DOGE made sweeping cuts to USAID—including a program t…",https://www.instagram.com/p/DZsJYHjDaLt/,1208,769,21,1.74,18,3,0,0,0
Instagram,2026-07-21,Week 30,Breaking News,IG reel,"The Trump administration has announced a 50% tariff on certain Canadian goods, among the steepest it has levied on any country. 🇨🇦

The tariffs take effect in about 30 days and cov…",https://www.instagram.com/reel/DbEhXoEiS9w/,1207,1021,15,1.24,13,1,0,1,0
TikTok,2026-06-30,Week 27,Breaking News,Video,New golden eagle at the White House…with 11 stars on it 🦅👀 The ONLY time 11 stars shows up in US history? The 11 Confederate states. Like and follow to stay updated!,https://www.tiktok.com/@ofthebraveusa/video/7657211407104036110,1206,0,81,6.72,56,15,6,4,0
Instagram,2026-06-10,,Breaking News,IG reel,"Inflation reaches 4.2% annually, the third straight month that inflation has increased and the fastest it has risen since April 2023. #BreakingNews",https://www.instagram.com/reel/DZapCw6gPhy/,1202,966,39,3.24,26,1,11,1,1
YouTube,2026-05-09,,Breaking News,Shorts,Breaking News: Trump Releases UFO Files,https://www.youtube.com/watch?v=R0Beodr8z1E,1202,1012,17,1.41,15,1,1,0,1
TikTok,2026-08-19,Week 34,Breaking News,Video,"President Trump has a new label for Americans who oppose his White House ballroom: ""disloyal."" Asked whether critics had offered any compromise, Trump attacked them instead: ""The p…",https://www.tiktok.com/@ofthebraveusa/video/7675761203607604510,1201,0,64,5.33,51,10,0,3,0
TikTok,2026-05-10,,Breaking News,Video,"Trump still thinks the gold at Fort Knox isn’t real. With a war in Iran and rising gas and grocery prices, this doesn't seem like where the president's attention should be.",https://www.tiktok.com/@ofthebraveusa/video/7638453914005802254,1200,0,55,4.58,50,3,1,1,0
YouTube,2026-04-30,,HOTB Pod,Shorts,This is not patriotism. It is pure vanity. | HOTB Pod,https://www.youtube.com/watch?v=K4r9qnOCgtI,1199,218,52,4.34,44,3,5,0,2
YouTube,2026-02-24,,News,Shorts,Virginia Guiffre's Brother & Rep. Subramanyam Discuss Epstein Files | News,https://www.youtube.com/watch?v=IRFsYcFCnMU,1194,333,147,12.31,140,4,3,0,0
TikTok,2026-04-10,,Newsletter,Video,"Since the Trump administration re-entered office, we have lived through a fundamental break from the academic status quo. Respect for expertise, support for free inquiry, a belief …",https://www.tiktok.com/@ofthebraveusa/video/7627175948282006797,1193,0,53,4.44,50,0,0,3,0
TikTok,2026-05-28,,Breaking News,Video,Donald Trump has completely desecrated the White House grounds.,https://www.tiktok.com/@ofthebraveusa/video/7645116229371350286,1193,0,215,18.02,189,10,7,9,0
Instagram,2026-08-17,Week 34,Breaking News,IG reel,"The 60-day deadline for the US and Iran to reach a deal ending the war has come and gone, with no agreement. ⚠️

President Trump signed the memorandum of understanding in June, pre…",https://www.instagram.com/reel/DcJxFmVjxd5/,1191,1054,33,2.77,32,1,0,0,1
YouTube,2026-05-28,,Breaking News,Shorts,Breaking News: DOJ Launches Criminal Investigation into E. Jean Carroll,https://www.youtube.com/watch?v=Inn4Bn6242k,1190,529,89,7.48,83,4,2,0,2
YouTube,2026-08-16,Week 33,Bill Kristol & Tom Joscelyn,Shorts,Politicizing Elections Can't Be the New Normal w/ Bill Kristol & Tom Joscelyn,https://www.youtube.com/watch?v=WrmyWqAAgxE,1188,270,59,4.97,55,3,1,0,1
YouTube,2026-06-15,,Breaking News,Shorts,Breaking News: Trump to DJ 4th of July Celebration,https://www.youtube.com/watch?v=YUxN32ca2OY,1181,410,75,6.35,69,4,2,0,0
TikTok,2026-02-24,,News,Video,"Rep. Garcia: ""We're beginning to see right now in some reporting is that there is a manifest that exists within the DOJ that talks about a survivor and some allegations that surviv…",https://www.tiktok.com/@ofthebraveusa/video/7610574403109244174,1179,0,248,21.03,227,4,10,7,0
YouTube,2026-08-15,Week 33,Bill Kristol & Tom Joscelyn,Shorts,Conditions Aboard the USS Lincoln Are A Disgrace w/ Bill Kristol & Tom Joscelyn,https://www.youtube.com/watch?v=F9FsxSAYtAo,1179,563,93,7.89,88,4,1,0,1
YouTube,2026-06-24,,Bill Kristol & Tom Joscelyn,Shorts,Trump's Cabinet and the Epstein Coverup w/ Bill Kristol & Tom Joscelyn,https://www.youtube.com/watch?v=Ft1TFdxbGJc,1175,872,85,7.23,80,4,1,0,0
Instagram,2026-01-15,,Newsletter,IG reel,"Meet Robbie Roadsteamer: The Giraffe Arrested by ICE.

You can read more of his story at the link in our bio.",https://www.instagram.com/reel/DTjIzgfCH7D/,1168,939,54,4.62,41,1,11,1,0
TikTok,2026-02-12,,News,Video,"Rev. Anthony Galloway: "" I have personally been stopped and aggressively confronted by ICE agents while escorting frightened neighbors — encounters that only deescalated when they …",https://www.tiktok.com/@ofthebraveusa/video/7606126499850226958,1164,0,176,15.12,165,3,0,8,0
X,2026-07-02,Week 27,Other,X analytics export,Help Us Call Out This Administration's Sizzlin' Summer Inflation https://t.co/odE1h6AQdg,https://x.com/OfTheBraveUSA/status/2072719529361252705,1162,0,23,1.98,7,3,1,0,0
Instagram,2026-05-20,,HOTB Pod,IG reel,Hand count audits exist for exactly this reason — and Georgia ran two of them after 2020. #ElectionIntegrity,https://www.instagram.com/reel/DYk5Rf5Dmk6/,1159,972,39,3.36,26,0,12,1,0
YouTube,2026-05-14,,Sarah Matthews,Shorts,Inflation Hits Record High Under Trump | Sarah Matthews,https://www.youtube.com/watch?v=UJEjnEdhC0A,1158,255,86,7.43,82,3,1,0,3
YouTube,2026-06-25,,Breaking News,Shorts,Breaking News: You Have to See This,https://www.youtube.com/watch?v=u5vDyddLM00,1158,280,43,3.71,40,3,0,0,1
Instagram,2026-02-24,,Other,IG carousel,"Don Jr.’s Net Worth Grew 6x During 2025...

Read the full story at the link in bio.",https://www.instagram.com/p/DVJ6y49jgUX/,1157,595,37,3.2,24,2,6,5,0
Instagram,2026-07-21,Week 30,Podcast Promo,IG image,"Join us TODAY at 3:45pm ET for a live-taping of The Home of the Brave Podcast!

@SarahAMatthews1 will sit down with Kori Schake, Senior Fellow and Director of Foreign and Defense P…",https://www.instagram.com/p/DbEDnXZjeJ8/,1157,724,1,0.09,1,0,0,0,0
YouTube,2026-07-21,Week 30,Breaking News,Shorts,Breaking News: Electricity Prices Have Risen 18% Despite Trump's Promise to Halve Them,https://www.youtube.com/watch?v=B0hotRH4e7s,1155,346,83,7.19,79,3,1,0,0
Instagram,2026-05-29,,Breaking News,IG reel,A federal judge from the Eastern District of Virginia blocked the Trump administration from moving forward with it's $1.8B weaponization fund until a court hears a legal challenge …,https://www.instagram.com/reel/DY7pBHKjn5Z/,1154,1019,61,5.29,49,0,8,4,1
X,2026-06-03,,Newsletter,raw scrape,"Pulte didn’t win Trump’s admiration in his FHFA role because he was competent. And he wasn’t tapped as DNI for his qualifications, or because he knows anything about intelligence-g…",https://x.com/OfTheBraveUSA/status/2062174690752303571,1154,0,17,1.47,11,1,4,0,0
TikTok,2026-05-17,,Breaking News,Video,New reports reveal Kash Patel used an FBI jet for a luxury concert trip while questions grow about who paid for the private flights and expensive suite. Americans deserve answers a…,https://www.tiktok.com/@ofthebraveusa/video/7641000911401209101,1152,0,134,11.63,123,4,0,7,0
Instagram,2026-01-13,,Newsletter,IG image,"I’m from a red area of a red state. My city in Missouri voted for Trump by more than 58 percent in the last election. My friends, neighbors, and even some family members have turne…",https://www.instagram.com/p/DTd_HIRDutr/,1150,577,13,1.13,12,0,0,1,0
YouTube,2026-07-21,Week 30,Ad,Shorts,We Quizzed Americans on Trump's Economy for $100 | Ad,https://www.youtube.com/watch?v=tIcagLn73t4,1148,447,51,4.44,44,1,6,0,0
TikTok,2026-07-09,Week 28,Breaking News,Video,"A 67-year-old former Olympian is facing up to 10 years in prison for touching the Reflecting Pool. David Hearn, a three-time Olympic canoeist, pleaded not guilty today to a felony …",https://www.tiktok.com/@ofthebraveusa/video/7660549825686981902,1147,0,152,13.25,132,12,6,2,0
TikTok,2026-01-06,,Sarah Matthews,Video,"""We cannot forget what happened five years ago, because we cannot allow it to ever happen again."" Sarah Matthews on why telling her first-hand account of the events of January 6th,…",https://www.tiktok.com/@ofthebraveusa/video/7592394952236092727,1144,0,170,14.86,150,4,6,10,0
YouTube,2026-01-22,,Social Ads,Long-Form,A moment of silence for all that we lost this year… | Social Ads,https://www.youtube.com/watch?v=pmBRK95C0yI,1144,20392,126,11.01,87,12,27,0,9
YouTube,2026-06-03,,Breaking News,Shorts,Breaking News: Bad News for Trump,https://www.youtube.com/watch?v=PXDcgukLd0U,1144,338,39,3.41,37,2,0,0,0
TikTok,2026-05-21,,Breaking News,Video,Ag Secretary Brooke Rollins is blaming high beef prices on the MAHA movement—ignoring the administration's own tariffs driving costs up—as the White House lies through its mishaps.,https://www.tiktok.com/@ofthebraveusa/video/7642412319963712798,1140,0,107,9.39,93,12,0,2,0
X,2026-02-27,,Other,X analytics export,https://t.co/dqhKPSjm0o,https://x.com/OfTheBraveUSA/status/2027459113429405728,1140,0,13,1.14,5,0,2,1,0
X,2026-08-15,Week 33,Newsletter,X analytics export,Learn more at https://t.co/R8VBRceac9,https://x.com/OfTheBraveUSA/status/2088690938617151619,1140,0,13,1.14,2,1,0,1,0
YouTube,2026-05-07,,HOTB Pod,Shorts,The Gulf states are changing their stance on the Iran War. | HOTB Pod,https://www.youtube.com/watch?v=H7sDRdzuxLU,1140,157,19,1.67,17,0,2,0,0
TikTok,2026-05-01,,News,Video,"Sen. Kelly: ""Mr. Secretary, this war is stuck. The Strait of Hormuz is closed. The Iranian regime is in place. The nuclear material, still in their hands. Americans are being crush…",https://www.tiktok.com/@ofthebraveusa/video/7635096785890921741,1139,0,96,8.43,94,0,0,2,0
X,2026-06-08,,Other,X analytics export,Learn more at https://t.co/R8VBRcdCmB,https://x.com/OfTheBraveUSA/status/2063986960452968531,1138,0,51,4.48,13,0,2,0,0
TikTok,2026-04-08,,Other,Video,"She helped run the Consumer Financial Protection Bureau. Then Trump gutted it. Lorelei Salas, former supervision director at the CFPB, shares how Trump's dismantling of the CFPB hu…",https://www.tiktok.com/@ofthebraveusa/video/7626380522192637197,1136,0,193,16.99,160,5,11,17,0
Instagram,2026-08-19,Week 34,Breaking News,IG reel,"ABC and its parent company Disney are suing the FCC, alleging the agency has violated their First Amendment rights. ⚖️

The lawsuit, filed Tuesday, targets a rare move by the FCC u…",https://www.instagram.com/reel/DcOJCvMj7mn/,1131,889,75,6.63,63,3,5,4,1
YouTube,2026-05-21,,Bill Kristol & Tom Joscelyn,Shorts,The Himalayan Mountain Rage of Corruption w/ Bill Kristol & Tom Joscelyn,https://www.youtube.com/watch?v=u31iFiR98ZQ,1129,298,111,9.83,103,3,5,0,1
TikTok,2026-02-09,,Other,Video,"A letter from Ariana, a 14-year-old detained at Dilley Immigration Processing Center: "" I have never felt so much fear to go to a place as I feel here…Once I go back to Honduras, a…",https://www.tiktok.com/@ofthebraveusa/video/7605011942003969294,1126,0,152,13.5,126,7,9,10,0
YouTube,2026-05-18,,HOTB Pod,Shorts,Trump Admin Normalizes Political Violence | HOTB Pod,https://www.youtube.com/watch?v=OX3xykhu7Ow,1126,215,176,15.63,170,5,1,0,3
YouTube,2026-07-13,Week 29,Bill Kristol & Tom Joscelyn,Shorts,ICE's Latest Shooting Is a Total Disgrace w/ Bill Kristol & Tom Joscelyn,https://www.youtube.com/watch?v=v7q5qsoTWr0,1126,441,67,5.95,63,3,1,0,1
TikTok,2026-06-02,,Breaking News,Video,"Despite the court ordered pause of Trump's $1.8B ""anti-weaponization"" slush fund, U.S. officials continue to recognize Trump and his family's immunity from tax audits.",https://www.tiktok.com/@ofthebraveusa/video/7646905054447930638,1118,0,81,7.25,68,7,2,4,0
YouTube,2026-05-08,,Breaking News,Shorts,Breaking News: Howard Lutnick lied to the American people about his relationship with Epstein.,https://www.youtube.com/watch?v=N8tiWlMD6k8,1118,337,65,5.81,63,2,0,0,2
YouTube,2026-05-22,,Bill Kristol & Tom Joscelyn,Shorts,Two Scandals in One ‚Äî Corruption Meets J6 Normalization w/ Bill Kristol & Tom Joscelyn,https://www.youtube.com/watch?v=Cw16nmGX-_M,1111,327,103,9.27,97,0,6,0,1
YouTube,2026-05-12,,Breaking News,Shorts,Breaking News: Trump falls asleep and has a meltdown!,https://www.youtube.com/watch?v=JNvJWlF4Fh8,1109,946,46,4.15,45,1,0,0,3
Instagram,2026-08-03,Week 32,Podcast Promo,IG image,"Jeanine Pirro Has Upset the Boss, ft. @harryjsisson 

This week on The Home of the Brave Podcast, @harryjsisson sits down with @SarahAMatthews1 to discuss the Reflecting Pool ""vand…",https://www.instagram.com/p/DbmHvUsDdZh/,1107,716,12,1.08,8,3,0,1,0
TikTok,2026-05-01,,Produced Videos,Video,"""He's taken a wrecking ball to much of Washington D.C."" We spent the day on the National Mall asking visitors what they make of the renovations. The response was overwhelmingly neg…",https://www.tiktok.com/@ofthebraveusa/video/7634955043535326477,1107,0,229,20.69,222,1,1,5,0
X,2026-06-04,,HOTB Podcast Promo,raw scrape,"Happening in 30 minutes. ⏰ At 10AM ET, former FBI special agent Michael Feinberg sits down with Mike Fanone for a LIVE taping of the Home of the Brave Podcast — on the Trumpificati…",https://x.com/OfTheBraveUSA/status/2062527400760516979,1105,0,8,0.72,6,0,2,0,0
TikTok,2026-05-15,,Breaking News,Video,Kash Patel told the public he was in Hawaii conducting “official business.” Newly uncovered emails show the FBI director also took a VIP snorkel tour around the USS Arizona — the r…,https://www.tiktok.com/@ofthebraveusa/video/7640117778103438605,1104,0,86,7.79,78,0,4,4,0
YouTube,2026-08-15,Week 33,Bill Kristol & Tom Joscelyn,Shorts,Depreciation of American Power May Lead to Another Foreign Crisis w/ Bill Kristol & Tom Joscelyn,https://www.youtube.com/watch?v=gUjMnNhn634,1103,469,76,6.89,71,5,0,0,1
X,2026-08-03,Week 32,Other,raw scrape,Learn more about how the Trump administration’s policies are driving up prices this summer: https://t.co/bmou8tXiKA,https://x.com/OfTheBraveUSA/status/2084353440155603171,1100,0,3,0.27,3,0,0,0,0
YouTube,2026-05-21,,HOTB Pod,Shorts,Stephen Richer: Election officials can't be both incompetent and evil geniuses | HOTB Pod,https://www.youtube.com/watch?v=vfUVvcI43ek,1097,213,58,5.29,54,1,3,0,1
TikTok,2026-01-12,,Newsletter,Video,"One of the things that allows America to remain a global super power is the presence of a stable, fully independent Federal Reserve central bank. You can only serve as the backstop…",https://www.tiktok.com/@ofthebraveusa/video/7594613739710582029,1096,0,72,6.57,62,2,3,5,0
TikTok,2026-02-18,,News,Video,"Saagar Enjeti: ""Trump's intimate relationship with Epstein is much deeper than he led on…Trump hung himself in his own public comments.""",https://www.tiktok.com/@ofthebraveusa/video/7608360918145125645,1096,0,118,10.77,103,1,6,8,0
YouTube,2026-07-13,Week 29,HOTB Pod,Shorts,Trump's America 250 Encapsulates Admin's Grift & Graft | HOTB Pod,https://www.youtube.com/watch?v=SqGC8jYR79E,1095,976,75,6.85,75,0,0,0,1
X,2026-02-24,,Newsletter,X analytics export,Read the full story here: https://t.co/rw0PLlgQdB,https://x.com/OfTheBraveUSA/status/2026397154642706521,1089,0,11,1.01,6,0,1,2,0
TikTok,2026-05-20,,Breaking News,Video,Two police officers who defended the Capitol on Jan. 6th are suing Trump to block his $1.8 billion slush fund—money that could end up paying the same insurrectionists they fought t…,https://www.tiktok.com/@ofthebraveusa/video/7642075758357269791,1088,0,255,23.44,242,7,2,4,0
X,2026-06-02,,Newsletter,raw scrape,"""Bondi’s prepared remarks began with a full-throated deflection: 'As the head of a large Department with broad responsibilities…I delegated oversight over this process to Deputy At…",https://x.com/OfTheBraveUSA/status/2061854043643764829,1085,0,21,1.94,13,0,5,3,0
TikTok,2026-08-20,Week 34,Breaking News,Video,"Oil prices jumped more than 3% today after the Trump administration threatened Iran with new economic measures, and the Treasury Secretary says he doesn't understand why. ""I'm not …",https://www.tiktok.com/@ofthebraveusa/video/7676221885947841822,1083,0,158,14.59,136,9,2,11,0
Instagram,2026-06-24,,Breaking News,IG reel,"DOGE was sold as the great deficit fix, but the deficit is still near record highs. 

The job was supposedly to cut waste and shrink the deficit. Instead: federal jobs gone, progra…",https://www.instagram.com/reel/DZ_C0HaldF4/,1082,879,28,2.59,22,3,1,2,0
TikTok,2026-01-02,,News,Video,"""Trump saying that the Epstein files will hurt his friends flies in the face of everything that his movement has stood for. When he says that he would drain the swamp, that was a l…",https://www.tiktok.com/@ofthebraveusa/video/7590960761015438605,1082,0,96,8.87,93,2,0,1,0
X,2026-07-08,Week 28,Other,X analytics export,Learn more and get involved at https://t.co/3A1TNNJu7U https://t.co/3A1TNNJu7U,https://x.com/OfTheBraveUSA/status/2074890059313037695,1081,0,22,2.04,6,2,2,0,0
TikTok,2026-06-08,,Other,Video,"Today, Home of the Brave launches Sticker Shock Summer, a $15M campaign exposing how the Trump admin's policies have hiked costs for Americans. Our message is simple: your summer i…",https://www.tiktok.com/@ofthebraveusa/video/7649011995773029645,1080,0,52,4.81,48,1,2,1,0
YouTube,2026-05-29,,Breaking News,Shorts,Breaking News: Trump Sues WSJ for $10B,https://www.youtube.com/watch?v=EL2qAJuHBr4,1080,409,112,10.37,110,2,0,0,8
Instagram,2026-03-10,,News,IG reel,"Joe Rogan on Epstein: ""Names were redacted that are powerful people, not victims…What about where Epstein says 'I like the torture video.' Why would you redact the name of a person…",https://www.instagram.com/reel/DVuR51NjNsL/,1077,772,28,2.6,16,3,6,3,0
YouTube,2026-05-12,,Breaking News,Shorts,Breaking News: Prices are skyrocketing under Trump,https://www.youtube.com/watch?v=cMlcmPWMo6I,1075,101,40,3.72,37,3,0,0,1
Instagram,2026-08-13,Week 33,Produced Videos,IG reel,"He was hired to protect the American public's health. Instead, he's destroying the American public's trust.",https://www.instagram.com/reel/Db-9y9dARls/,1074,934,24,2.23,18,2,0,4,0
TikTok,2026-05-30,,Breaking News,Video,Trump melts down after artists drop out of his America 250 lineup — and just wait until you hear his backup plan.,https://www.tiktok.com/@ofthebraveusa/video/7645755057811623181,1074,0,163,15.18,155,5,1,2,0
Instagram,2026-07-04,Week 27,Bill Kristol & Tom Joscelyn,IG reel,"Tom Joscelyn on right-wing criticisms of SCOTUS Justices post-birthright ruling: ""None of this has anything to do with birthright citizenship in the least, right? This is basically…",https://www.instagram.com/reel/DaY0b41imbn/,1068,811,15,1.4,11,1,0,3,0
TikTok,2026-05-06,,KOC,Video,Who is Paolo Zampolli?,https://www.tiktok.com/@ofthebraveusa/video/7636928988497087758,1067,0,148,13.87,129,3,4,12,0
TikTok,2026-05-16,,Breaking News,Video,"Trump’s latest financial disclosures are raising huge questions. After taking massive stakes in companies like Nvidia, Dell, Meta, Google, Apple, Palantir, and Lockheed Martin, Tru…",https://www.tiktok.com/@ofthebraveusa/video/7640613003108289806,1063,0,99,9.31,82,9,4,4,0
X,2026-05-28,,HOTB Podcast Promo,raw scrape,"🎙️ LIVE TODAY in just ONE HOUR, at 1:30 PM ET — a new taping of The Home of the Brave Podcast. Former U.S. Rep. @BarbaraComstock joins @SarahAMatthews1 to dig into the real power C…",https://x.com/OfTheBraveUSA/status/2060036695093887361,1063,0,4,0.38,4,0,0,0,0
Instagram,2026-06-09,,Other,IG image,"Americans are paying more to hit the road this summer thanks to the Trump admin's war in Iran.

That’s why we’re running this billboard across the country as part of our Sticker Sh…",https://www.instagram.com/p/DZXpjOvDcGN/,1062,686,50,4.71,40,0,8,2,0
TikTok,2026-02-17,,News,Video,"Dave Smith: ""He did a 180 and said 'There's no such thing as the the Epstein files, it's a Democratic hoax.'…How can any of you guys still support Donald Trump?""",https://www.tiktok.com/@ofthebraveusa/video/7607994705716022541,1062,0,58,5.46,57,1,0,0,0
Instagram,2026-05-14,,Breaking News,IG reel,Grocery prices rose faster in April than in any month over the last four years. Trump's war of choice with Iran makes clear that bringing down prices is not his priority.,https://www.instagram.com/reel/DYVCoM0AXfK/,1059,899,26,2.46,25,1,0,0,0
X,2026-06-05,,Other,X analytics export,Read more: https://t.co/1ldF7mijDP,https://x.com/OfTheBraveUSA/status/2062908360094077068,1058,0,17,1.61,4,0,3,1,0
TikTok,2026-08-04,Week 32,Breaking News,Video,"Trump paused an Oval Office event this week to plug Scotts Miracle-Gro becuase they ""did the White House for free."" The company gave $1 million in cash and product to fix the South…",https://www.tiktok.com/@ofthebraveusa/video/7670320411376110862,1057,0,51,4.82,41,3,4,3,0
X,2026-05-28,,HOTB Podcast Promo,raw scrape,⏰ 15 minutes until we go live. TUNE IN at 1:30p ET for The Home of the Brave Podcast: @SarahAMatthews1 sits down with former Rep. @BarbaraComstock to discuss Congress's power to ch…,https://x.com/OfTheBraveUSA/status/2060047585579094320,1057,0,6,0.57,5,0,1,0,0
Instagram,2026-08-11,Week 33,Breaking News,IG reel,"Trump's ""Patriot Games"" are happening right now in Geneva, Ohio. 🏅

The four-day event brings together one boy and one girl from every state and territory, roughly 120 teenagers ag…",https://www.instagram.com/reel/Db56VGDDKso/,1055,875,33,3.13,30,3,0,0,1
YouTube,2026-07-14,Week 29,HOTB Pod,Shorts,Two Topics Will Dominate Blanche's Confirmation Hearings | HOTB Pod,https://www.youtube.com/watch?v=nCB5ejB_NIk,1052,389,40,3.8,39,0,1,0,1
YouTube,2026-08-01,Week 31,Bill Kristol & Tom Joscelyn,Shorts,Intent Plus Power Goes A Long Way w/ Bill Kristol & Tom Joscelyn,https://www.youtube.com/watch?v=ywhRKmypxSY,1050,555,48,4.57,48,0,0,0,2
X,2026-08-01,Week 31,IHH Podcast Promo,X analytics export,"@BillKristol Watch Bill &amp; Tom's full conversation on the latest episode of It's Happening Here, out now on Apple, Spotify, and YouTube: https://t.co/UJ5hjLUawd",https://x.com/OfTheBraveUSA/status/2083581184521486816,1049,0,3,0.29,0,0,0,0,0
YouTube,2026-06-26,,Social Ads,Shorts,"Trump says ""they cheat."" Five years ago, he asked to ""find"" 11,780 votes. | Social Ads",https://www.youtube.com/watch?v=BUCuwOtlDxI,1049,332,6,0.57,6,0,0,0,0
YouTube,2026-07-11,Week 28,Bill Kristol & Tom Joscelyn,Shorts,Trump's Mass Deportation Agenda w/ Bill Kristol & Tom Joscelyn,https://www.youtube.com/watch?v=-DpbE_GpOEE,1045,474,54,5.17,52,2,0,0,4
Instagram,2026-06-08,,Newsletter,IG reel,"Breaking News: Home of the Brave JUST launched a $15M Sticker Shock Summer campaign all about how the Trump administration's policies are making YOUR summer more expensive!

Read m…",https://www.instagram.com/reel/DZVYkJXkiTC/,1044,847,63,6.03,52,3,5,3,3
Instagram,2026-04-01,,Newsletter,IG image,"It should be the hardest decision in the world for a president to send troops into harm’s way. Ninety years ago, on the eve of World War II, President Roosevelt spoke of the anguis…",https://www.instagram.com/p/DWnF8vXF84N/,1042,649,43,4.13,31,2,7,3,0
TikTok,2026-04-08,,Produced Videos,Video,What Did Trump Actually Accomplish In Iran? Trump promised to destroy Iran's missiles and topple the regime. He did NOT.,https://www.tiktok.com/@ofthebraveusa/video/7626519652943875341,1038,0,97,9.34,90,4,2,1,0
X,2026-02-03,,Newsletter,X analytics export,More @OfTheBraveUSA: https://t.co/ghFpquts2f,https://x.com/OfTheBraveUSA/status/2018707344708755809,1038,0,19,1.83,4,0,0,0,0
X,2026-05-20,,HOTB Podcast Promo,raw scrape,"Join us at 1 pm ET for a live-taping of The Home of the Brave Podcast, featuring January 6 hero Michael Fanone and former Maricopa County Recorder Stephen Richer. https://t.co/5DPJ…",https://x.com/OfTheBraveUSA/status/2057094510589431877,1038,0,9,0.87,6,1,1,1,0
X,2026-05-20,,HOTB Podcast Promo,raw scrape,We are LIVE! Tune in for Tom Joscelyn and Stephen Richer on Tina Peters and the state of election denialism: https://t.co/4VFcTTxdDY,https://x.com/OfTheBraveUSA/status/2057145478672720214,1038,0,2,0.19,2,0,0,0,0
TikTok,2026-05-19,,Breaking News,Video,"Trump's ballroom just got even more insane. In a new video, he reveals the ballroom sits on top of a military hospital and research facility — and the ballroom itself will be a sni…",https://www.tiktok.com/@ofthebraveusa/video/7641727445703363870,1037,0,98,9.45,83,6,1,8,0
Instagram,2026-01-15,,Testimonials,IG reel,"While Trump toys around with ""concepts of a plan"" and Senate Republicans sit on their hands, cuts to healthcare in Trump's ""Big Beautiful Bill"" are about to send insurance premiums…",https://www.instagram.com/reel/DTjW1UvDpmZ/,1036,901,27,2.61,21,2,2,2,3
Instagram,2026-05-02,,Newsletter,IG image,This week the Department of Justice indicted James Comey for a social media post of seashells spelling out “8647.” That put the term “86”—which in restaurant industry parlance mean…,https://www.instagram.com/p/DX1zXSkDeLR/,1036,683,9,0.87,8,0,1,0,0
TikTok,2026-05-29,,Breaking News,Video,NYT reported that the Trump administration will send Iran a $300 billion investment fund as part of the deal to end the war and reopen the Strait of Hormuz.,https://www.tiktok.com/@ofthebraveusa/video/7645332674566999309,1035,0,102,9.86,82,11,4,5,0
YouTube,2026-06-27,,Bill Kristol & Tom Joscelyn,Shorts,Authoritarianism Stops the Political Pendulum from Swinging Back w/ Bill Kristol & Tom Joscelyn,https://www.youtube.com/watch?v=PB2WWhm1G44,1035,283,19,1.84,19,0,0,0,0
Instagram,2026-07-31,Week 31,News,IG reel,"Epstein survivor Dani Bensky: ""[Todd Blanche] actually said the words, 'Get to the point,' to us. We're survivors who have been waiting to meet with him for nine months, eight mont…",https://www.instagram.com/reel/DbeBiTxAT2k/,1033,832,57,5.52,53,1,2,1,0
Instagram,2026-01-06,,News,IG reel,"Rep. Duncan: ""I'm often asked why I stood up against the sitting president and took on an entire political party. It's in that moment that I'm reminded of my family motto — doing t…",https://www.instagram.com/reel/DTLo-8rCbVq/,1032,822,61,5.91,54,0,1,6,0
Instagram,2026-07-18,Week 29,Bill Kristol & Tom Joscelyn,IG reel,"Bill Kristol on ICE: ""They want to make people scared — scared of the government and scared especially of the agents who are loyal to Donald Trump in the government…They want a sca…",https://www.instagram.com/reel/Da9GkfdjTeV/,1031,870,23,2.23,23,0,0,0,1
TikTok,2026-04-30,,Breaking News,Video,It's been 61 days since Trump launched his war with Iran and Americans are paying more at the pump today than they did any other day over the last four years.,https://www.tiktok.com/@ofthebraveusa/video/7634663784136707341,1031,0,77,7.47,67,5,3,2,0
Instagram,2026-03-09,,News,IG reel,"Vance (8/14/24): ""When people like Kamala Harris send our sons and daughters, our young people, to fight in stupid wars, it is the young generation that carries the burden of that.…",https://www.instagram.com/reel/DVrtH6ejIfd/,1027,825,39,3.8,19,1,14,5,0
YouTube,2026-07-04,Week 27,Bill Kristol & Tom Joscelyn,Shorts,The Right's Reaction to Birthright Ruling w/ Bill Kristol & Tom Joscelyn,https://www.youtube.com/watch?v=0ZvxuAnOvrk,1027,366,7,0.68,5,2,0,0,0
Instagram,2026-05-28,,Breaking News,IG reel,"Officials in the Trump administration have been pushing the Treasury Department to design a $250 bill with Trump's face on it. If successful, this would be the first time in 150 ye…",https://www.instagram.com/reel/DY5oJyRgfrP/,1024,910,32,3.12,27,3,0,2,3
X,2026-06-17,,Newsletter,X analytics export,Visit https://t.co/bmou8tXiKA to learn more about how the Trump administration has made your summer more expensive.,https://x.com/OfTheBraveUSA/status/2067324705200017497,1022,0,18,1.76,6,1,1,1,0
YouTube,2026-03-27,,News,Shorts,"Text ""No Kings"" to 59798 to find your nearest protest on 3/28 | News",https://www.youtube.com/watch?v=_5AdedlwwS0,1018,468,11,1.08,10,1,0,0,0
YouTube,2026-05-14,,Breaking News,Shorts,Breaking News: Grocery prices Skyrocketed in April,https://www.youtube.com/watch?v=4n-qJGHaYCs,1018,235,60,5.89,59,1,0,0,1
TikTok,2026-01-06,,News,Video,"Rep. Jason Crow: ""There's a lot of cowardice in our country today. There are universities buckling, CEOs taking the knee, law firms cowing, members of Congress capitulating — there…",https://www.tiktok.com/@ofthebraveusa/video/7592336903366561037,1017,0,130,12.78,120,4,2,4,0
X,2026-05-07,,Newsletter,X analytics export,Read more: https://t.co/PTLox9pr17,https://x.com/OfTheBraveUSA/status/2052447212651556937,1015,0,17,1.67,6,1,2,0,0
TikTok,2026-05-12,,Breaking News,Video,New data reveals how Trump is making your life more expensive.,https://www.tiktok.com/@ofthebraveusa/video/7639003112644152589,1014,0,30,2.96,29,0,0,1,0
YouTube,2026-07-22,Week 30,HOTB Pod,Shorts,Trump Administration Trapped Themselves With Bad Options in Iran War | HOTB Pod,https://www.youtube.com/watch?v=fGcGk8PHIz0,1014,525,83,8.19,81,1,1,0,0
TikTok,2026-07-14,Week 29,Breaking News,Video,Trump's new financial disclosure shows a $2 million payment to his holding company from Base Group — the main investor in a South Korean aluminum company under investigation by his…,https://www.tiktok.com/@ofthebraveusa/video/7662509727846272269,1011,0,135,13.35,124,5,3,3,0
TikTok,2026-08-20,Week 34,Breaking News,Video,"Trump hosted crypto executives at the White House Wednesday and urged Congress to pass legislation the industry wants, an industry he's personally profiting from. Trump has earned …",https://www.tiktok.com/@ofthebraveusa/video/7676130056950877471,1008,0,171,16.96,154,9,1,7,0
TikTok,2026-05-04,,Breaking News,Video,TERRIBLE NEWS for the Trump administration — Trump's approval rating is at it's lowest EVER!,https://www.tiktok.com/@ofthebraveusa/video/7636171546444287245,1007,0,131,13.01,115,7,2,7,0
Instagram,2026-08-22,Week 34,Newsletter,IG image,"The Comprehensive Case Against Pete Hegseth

""His self-interested pursuit of a personal agenda, behavior inconsistent with military values, lack of strategic experience and experti…",https://www.instagram.com/p/DcWJOxJjTlZ/,1006,656,39,3.88,27,6,2,4,1
YouTube,2026-06-04,,Breaking News,Shorts,Breaking News: Trump Might Leave UFC Ring Up,https://www.youtube.com/watch?v=BfN5rHQ__64,1001,662,94,9.39,81,12,1,0,3
Instagram,2026-05-14,,Newsletter,IG image,"Americans are struggling as prices continue to skyrocket, thanks to the unnecessary war Donald Trump launched in Iran, and the economic cataclysm it set off. Plus Trump’s tariffs, …",https://www.instagram.com/p/DYUjcHADWEM/,999,639,60,6.01,50,6,4,0,0
Instagram,2026-06-27,,Bill Kristol & Tom Joscelyn,IG reel,"Watch the latest episode of It's Happening Here at the link in our bio! 

Bill Kristol on Pulte's appointment: ""He doesn't mention Russia, China. We're in the middle of a war with …",https://www.instagram.com/reel/DaG9LsAgFd_/,993,803,6,0.6,6,0,0,0,0
TikTok,2026-07-09,Week 28,Breaking News,Video,The White House hung a tarp over the scaffolding at its front entrance and the tarp is printed with a picture of the columns it's hiding. The official line is routine restoration o…,https://www.tiktok.com/@ofthebraveusa/video/7660651129323277581,993,0,98,9.87,71,24,0,3,0
TikTok,2026-06-02,,Breaking News,Video,"Amid collapsing negotiations to end the war with Iran, the White House assures the public that ""it will work out well in the end"" without providing any specific details or updates.",https://www.tiktok.com/@ofthebraveusa/video/7646832637159525646,992,0,92,9.27,86,2,0,4,0
TikTok,2026-07-31,Week 31,News,Video,"Epstein survivor Dani Bensky:  ""[Todd Blanche] actually said the words, 'Get to the point,' to us. We're survivors who have been waiting to meet with him for nine months, eight mon…",https://www.tiktok.com/@ofthebraveusa/video/7668777283720678669,990,0,227,22.93,210,7,2,8,0
TikTok,2026-02-17,,News,Video,"Shawn Ryan: ""I guess the whole 'drain the swamp' campaign promise was another fucking bullshit lie. Man, the lies are stacking up fast. I've never seen so many fucking lies…It's on…",https://www.tiktok.com/@ofthebraveusa/video/7607979289169956109,981,0,185,18.86,168,7,2,8,0
TikTok,2026-05-24,,Breaking News,Video,The Trump White House is reportedly requiring employees to download an app filled with pro-Trump propaganda — raising major ethics and cybersecurity concerns inside the federal gov…,https://www.tiktok.com/@ofthebraveusa/video/7643563011575188749,981,0,126,12.84,111,12,1,2,0
Instagram,2026-08-26,,Breaking News,IG reel,"Toilet paper and tissue are among the everyday products caught in the crossfire of the US-Canada trade war, and the pressure is coming from both sides. 🧻

Canada's new retaliatory …",https://www.instagram.com/reel/DcgpXzICRns/,979,595,35,3.58,33,1,0,1,1
TikTok,2026-07-17,Week 29,Breaking News,Video,"A new Washington Post-Ipsos poll has Trump's approval stuck at 37%, with 61% disapproving. His numbers on the economy, immigration, and the Iran war are all below 40% — issues like…",https://www.tiktok.com/@ofthebraveusa/video/7663529763843083533,976,0,116,11.89,79,5,31,1,0
X,2026-02-20,,Other,X analytics export,https://t.co/1d5BFO30yy,https://x.com/OfTheBraveUSA/status/2024862574139888003,976,0,16,1.64,8,0,2,0,0
TikTok,2026-07-22,Week 30,Breaking News,Video,"Defense Secretary Pete Hegseth testified Tuesday that the war with Iran has cost roughly $37.5 billion so far, with the Pentagon requesting $67 billion more. Multiple outlets repor…",https://www.tiktok.com/@ofthebraveusa/video/7665370445109103886,975,0,104,10.67,97,4,1,2,0
YouTube,2026-08-08,Week 32,Bill Kristol & Tom Joscelyn,Shorts,Xenophobia is the Essential Ingredient to the MAGA Monoculture w/ Bill Kristol & Tom Joscelyn,https://www.youtube.com/watch?v=Zp9Qia70W9U,975,465,41,4.21,41,0,0,0,0
TikTok,2026-04-06,,Newsletter,Video,The Broadview ICE Detention Center is supposed to be a processing and temporary detention facility. It has been in operation since 2006. But when masked ICE agents started swarming…,https://www.tiktok.com/@ofthebraveusa/video/7625736687615773966,972,0,48,4.94,47,1,0,0,0
YouTube,2026-07-31,Week 31,HOTB Pod,Shorts,Aaron Parnas on Todd Blanche's meeting with Epstein survivors | HOTB Pod,https://www.youtube.com/watch?v=LRYgTh4f3xo,971,866,87,8.96,87,0,0,0,0
Instagram,2026-01-22,,Produced Videos,IG reel,Trump promised to bring down energy prices...,https://www.instagram.com/reel/DT1YDN_AnnF/,969,807,53,5.47,32,2,11,8,0
TikTok,2026-01-06,,News,Video,"Adam Kinzinger: ""Five years ago today, the president decided that America's legacy of the peaceful transfer of power was beneath him…He tried to rob the American people of their vo…",https://www.tiktok.com/@ofthebraveusa/video/7592328752885943566,969,0,169,17.44,158,5,2,4,0
TikTok,2026-07-13,Week 29,Podcast Promo,Video,🚨This Tuesday: Peter Rothpletz joins @SarahAMatthews1 LIVE on The Home of the Brave Podcast to preview the Senate hearings for AG nominee Todd Blanche and what a Blanche-run DOJ wo…,https://www.tiktok.com/@ofthebraveusa/video/7662013983204871438,969,0,16,1.65,15,1,0,0,0
YouTube,2026-08-09,Week 32,Bill Kristol & Tom Joscelyn,Shorts,Culture Wars Don't Hinge on Popularity w/ Bill Kristol & Tom Joscelyn,https://www.youtube.com/watch?v=Y2Dj1YE7LfQ,969,428,43,4.44,38,4,1,0,0
Instagram,2026-02-12,,News,IG reel,"Rev. Anthony Galloway: "" I have personally been stopped and aggressively confronted by ICE agents while escorting frightened neighbors — encounters that only deescalated when they …",https://www.instagram.com/reel/DUrTAxzCNPr/,963,817,44,4.57,40,0,0,4,1
TikTok,2026-01-03,,Produced Videos,Video,"Why did Donald Trump start a regime change war in Venezuela? Because Venezuela has the largest oil fields in the world. ""We should take over the oil fields…To the victor belongs th…",https://www.tiktok.com/@ofthebraveusa/video/7591205925164174647,961,0,109,11.34,75,10,11,13,0
Instagram,2026-04-06,,Newsletter,IG image,"NEW: She Was Arrested for Peacefully Protesting, And Kept Going Back Anyway.

The Broadview ICE Detention Center is supposed to be a processing and temporary detention facility. It…",https://www.instagram.com/p/DWzXqzMjva_/,958,610,19,1.98,16,0,0,3,0
YouTube,2026-05-07,,HOTB Pod,Shorts,Iran closed the Strait of Hormuz: Is Trump claiming victory? | HOTB Pod,https://www.youtube.com/watch?v=nB93E0ym8m4,957,281,20,2.09,17,0,3,0,0
TikTok,2026-01-12,,Produced Videos,Video,"George Retes is an American citizen who was born and raised in California. He is an Army veteran who deployed to Iraq. In June, while on his way to work, ICE agents shattered his c…",https://www.tiktok.com/@ofthebraveusa/video/7594644711198117133,956,0,182,19.04,145,0,30,7,0
TikTok,2026-04-30,,Newsletter,Video,"Todd Blanche is reportedly auditioning for the job of attorney general right now. In that capacity, he took to the microphone this week to say, “I think it’s fair to say that threa…",https://www.tiktok.com/@ofthebraveusa/video/7634675630029688077,956,0,52,5.44,43,4,1,4,0
YouTube,2026-06-26,,Home of the Brave Podcast,Long-Form,America’s Humiliating Surrender to Iran | Home of the Brave Podcast,https://www.youtube.com/watch?v=5gS9mJU69Us,951,12128,53,5.57,42,8,3,0,13
TikTok,2026-03-11,,News,Video,"Joe Rogan: ""It's terrifying and it's exactly the opposite of what we were told leading into this administration that it's gonna be America First and no more unnecessary wars.""",https://www.tiktok.com/@ofthebraveusa/video/7616150959986707726,950,0,80,8.42,69,6,2,3,0
X,2026-05-21,,Live podcast,raw scrape,"NOW: Livestream with @BillKristol and @thomasjoscelyn on the ""anti-weaponization"" slush fund—AKA legalized corruption. 👇👇👇 https://t.co/LFgwIOUKSQ",https://x.com/OfTheBraveUSA/status/2057469597784162385,948,0,3,0.32,2,0,0,1,0
Instagram,2026-04-08,,Produced Videos,IG reel,"What Did Trump Actually Accomplish In Iran?

Trump promised to destroy Iran's missiles and topple the regime. He did NOT.",https://www.instagram.com/reel/DW41gLKDrBz/,947,767,26,2.75,18,4,1,3,3
YouTube,2026-07-03,Week 27,Bill Kristol & Tom Joscelyn,Shorts,How The Right Have Demonized Immigration w/ Bill Kristol & Tom Joscelyn,https://www.youtube.com/watch?v=UmhEqHPUowc,947,466,25,2.64,19,6,0,0,0
YouTube,2026-07-31,Week 31,HOTB Pod,Shorts,"Todd Blanche is a ""Different Beast"" From Pam Bondi | HOTB Pod",https://www.youtube.com/watch?v=jHAGt2X7UUg,947,673,85,8.98,83,2,0,0,0
X,2026-05-13,,HOTB Podcast Promo,raw scrape,"Join us LIVE in 10 minutes! Home of the Brave's @FanoneMich10892 and @thomasjoscelyn will discuss Trump's ""Counterterrorism"" Charade! https://t.co/dwNfzng4oL",https://x.com/OfTheBraveUSA/status/2054574888460157142,945,0,3,0.32,3,0,0,0,0
YouTube,2026-07-19,Week 29,Bill Kristol & Tom Joscelyn,Shorts,ICE Tactics Meant to Make People Afraid w/ Bill Kristol & Tom Joscelyn,https://www.youtube.com/watch?v=o3h8BHbycO8,945,350,41,4.34,41,0,0,0,0
Instagram,2026-03-11,,News,IG reel,"Joe Rogan: ""It's terrifying and it's exactly the opposite of what we were told leading into this administration that it's gonna be America First and no more unnecessary wars.""",https://www.instagram.com/reel/DVw24dpAKBP/,944,647,53,5.61,35,8,8,2,1
TikTok,2026-06-16,,Breaking News,Video,"Trump's White House ballroom has ballooned from $400M to $600M — and now $300M of it is reportedly coming from taxpayers, despite promises it'd be privately funded. Follow us here …",https://www.tiktok.com/@ofthebraveusa/video/7652034694401330446,940,0,72,7.66,62,7,2,1,0
YouTube,2026-06-02,,Breaking News,Shorts,Breaking News: Trump Appointed a New Director of National Intelligence,https://www.youtube.com/watch?v=V0qeAmyvDpk,940,396,71,7.55,69,1,1,0,4
TikTok,2026-04-08,,Newsletter,Video,"""I helped run the CFPB. Trump gutted it."" For three and a half years, Lorelei Salas served as the supervision director at the Consumer Financial Protection Bureau (CFPB), America’s…",https://www.tiktok.com/@ofthebraveusa/video/7626538752105565453,936,0,114,12.18,98,2,4,10,0
Instagram,2026-05-26,,Newsletter,IG image,"The Trump administration’s “largely negotiated” peace deal with Iran is a cut-and-run solution that, in substance, is far less favorable to the United States than the Obama adminis…",https://www.instagram.com/p/DYz1Vh9Df9u/,935,591,12,1.28,11,0,0,1,0
TikTok,2026-05-14,,Breaking News,Video,"The DOJ is set to drop fraud and bribery charges against Indian billionaire Gautam Adani after he hired one of Trump's personal attornies, Robert Giuffra. In a presentation to the …",https://www.tiktok.com/@ofthebraveusa/video/7639835975027281166,933,0,45,4.82,44,1,0,0,0
Instagram,2026-03-04,,News,IG reel,"Tucker Carlson: ""Why do you think you won?""

Vance: ""I actually aligned with the America First movement on the core issues...If you think of the Republican establishment as a group…",https://www.instagram.com/reel/DVe7esyj-1k/,921,730,17,1.85,12,0,1,4,0
TikTok,2026-08-01,Week 31,Bill Kristol & Tom Joscelyn,Video,"Tom Joscelyn: ""Where's the political violence actually coming from today? It's not predominantly coming from opposition to the Trump regime and the government's policies — It's com…",https://www.tiktok.com/@ofthebraveusa/video/7669226302410476814,921,0,136,14.77,130,1,0,5,0
TikTok,2026-08-26,,Breaking News,Video,"A new RNC fundraising text sent in JD Vance's name is drawing attention for a striking admission: ""If you can't give right now, don't. Groceries cost what they cost."" It's a rare a…",https://www.tiktok.com/@ofthebraveusa/video/7678333697086573854,919,0,121,13.17,107,5,5,4,0
TikTok,2026-08-03,Week 32,Breaking News,Video,"Trump is now publicly fighting his own DOJ over the Reflecting Pool. His US Attorney, Jeanine Pirro (a Trump appointee), dropped the felony case against Olympic canoeist David Hear…",https://www.tiktok.com/@ofthebraveusa/video/7669861049662721294,917,0,87,9.49,78,6,0,3,0
Instagram,2026-07-12,Week 28,Bill Kristol & Tom Joscelyn,IG reel,"Tom Joscelyn on Trump's mass deportation plans: ""More than 14,000 times, federal judges have said that the government did something wrong or unlawful in detaining these people…This…",https://www.instagram.com/reel/DaszSf9j7r9/,916,785,18,1.97,16,2,0,0,0
TikTok,2026-02-23,,News,Video,"Q: ""What do you think should happen to the revenue that has been collected from those tariffs? Moulton: ""It should go back to the American people. There was a recent study that sai…",https://www.tiktok.com/@ofthebraveusa/video/7610208399287946510,915,0,89,9.73,82,5,0,2,0
YouTube,2026-08-05,Week 32,HOTB Pod,Shorts,What Gives Harry Sisson Hope For The Future? | HOTB Pod,https://www.youtube.com/watch?v=3mCQYugAyDM,910,617,42,4.62,40,2,0,0,0
Instagram,2026-02-04,,News,IG reel,"Rep. Meeks tells Secretary Bessent to ""stop being the president's flunky"" after he refused to answer a question about World Liberty Financial, the Trump family-owned crypto company…",https://www.instagram.com/reel/DUWvAAkir5G/,907,788,64,7.06,57,0,2,5,1
YouTube,2026-02-25,,Sarah Matthews,Shorts,"Fmr White House Deputy Press Secretary: ""Clearly, There's a Cover-Up Happening"" | Sarah Matthews",https://www.youtube.com/watch?v=m6Zt37FMMmI,907,479,55,6.06,51,4,0,0,2
YouTube,2026-07-23,Week 30,Breaking News,Shorts,Breaking News: Global Oil Prices Hit $100 a Barrel for First Time Since May,https://www.youtube.com/watch?v=eKC1g9CWKAo,906,341,17,1.88,15,2,0,0,1
Instagram,2026-06-14,,Newsletter,IG image,"This Week in Epstein News: The Trump administration is still up to its eyeballs in Epstein and trying desperately to deflect, deny, and disparage. 

Read all about it at the link i…",https://www.instagram.com/p/DZklmTyjaoi/,904,553,18,1.99,18,0,0,0,0
TikTok,2026-06-27,,Bill Kristol & Tom Joscelyn,Video,"New episode of It’s Happening Here out NOW! Check it out at the link in our bio! Tom Joscelyn: ""The pendulum swings back and forth.That's sort the natural order of the political sy…",https://www.tiktok.com/@ofthebraveusa/video/7656104322018692366,904,0,78,8.63,75,0,0,3,0
X,2026-04-29,,Newsletter,X analytics export,Read more: https://t.co/fCpYs6dg7a,https://x.com/OfTheBraveUSA/status/2049534334722294221,904,0,4,0.44,1,0,0,1,0
TikTok,2026-07-26,Week 30,Bill Kristol & Tom Joscelyn,Video,"Bill Kristol: "" I really worry about the combination of Trump's total untrustworthiness, total incompetence, people looking at this war and thinking, 'what are they doing?'…It's te…",https://www.tiktok.com/@ofthebraveusa/video/7666858471832259854,903,0,144,15.95,136,5,0,3,0
TikTok,2026-08-02,Week 31,Bill Kristol & Tom Joscelyn,Video,"Tom Joscelyn: "" Rubio cited this to build his case [on left-wing terrorism], 'Between 1971-1972, the FBI counted 2,500 bombings on American soil by left-wing actors'… I wasn't even…",https://www.tiktok.com/@ofthebraveusa/video/7669502162946346254,902,0,111,12.31,105,1,1,4,0
YouTube,2026-06-10,,Breaking News,Shorts,Breaking News: Inflation Hits 4.2% Annually,https://www.youtube.com/watch?v=n0OL6MLklH4,902,429,22,2.44,20,2,0,0,0
X,2026-06-10,,Newsletter,raw scrape,"""It is not by mistake that these efforts seem far more a product of a European monarch or a Roman Emperor. They are designed to celebrate the assumed power of one man, more than th…",https://x.com/OfTheBraveUSA/status/2064720095427858486,900,0,14,1.56,9,0,3,2,0
X,2026-08-14,Week 33,Other,X analytics export,Head to https://t.co/R8VBRcdCmB to learn more!,https://x.com/OfTheBraveUSA/status/2088296453193994438,900,0,17,1.89,6,1,1,0,0
TikTok,2026-05-06,,News,Video,"Florida resident says that Trump should be focused on lowering prices that ""he jacked up"" instead of worrying about the White House ballroom.",https://www.tiktok.com/@ofthebraveusa/video/7636905767676677390,898,0,123,13.7,107,6,9,1,0
Instagram,2026-01-07,,Testimonials,IG reel,"Funding for Science and Medical research in the United States saves lives and fuels American success.

Take it from Jack, a Nobel Prize-winning scientist, horrified by the destruct…",https://www.instagram.com/reel/DTOlyYJjPc9/,896,778,60,6.7,53,0,3,4,6
Instagram,2026-05-05,,Newsletter,IG reel,"Join us on Thursday, May 7 at 9:30 am ET for a jam-packed livestream featuring Sarah Matthews and Bill Kristol! They're covering the on again/off again war in Iran and economic fal…",https://www.instagram.com/reel/DX-TC7dDzCe/,895,773,8,0.89,8,0,0,0,0
TikTok,2026-07-20,Week 30,Breaking News,Video,"New video shows the Reflecting Pool's blue lining peeling up and flapping in the wind — the same lining taxpayers spent over $14 million on. Trump keeps blaming vandals, but a Wash…",https://www.tiktok.com/@ofthebraveusa/video/7664690760238828813,895,0,130,14.53,114,4,6,6,0
TikTok,2026-01-20,,Newsletter,Video,Being Donald Trump’s spokesperson is an impossible and unenviable task. Impossible because no person can possibly cover for the continuous stream of lies and conspiracy theories th…,https://www.tiktok.com/@ofthebraveusa/video/7597559232346475790,893,0,42,4.7,38,0,1,3,0
TikTok,2026-06-05,,KOC,Video,"The Lincoln Memorial reflecting pool is being painted ""American flag blue"" — on a no-bid contract that ballooned from $2 million to $13.1 million. The winning company also did the …",https://www.tiktok.com/@ofthebraveusa/video/7648031506530585869,893,0,39,4.37,37,1,0,1,0
Instagram,2026-05-01,,News,IG reel,"Sen. Reed: ""You boasted about 'no stupid rules of engagement,' just days after hundreds of Iranian schoolgirls were tragically killed in a missile strike. You have made troubling s…",https://www.instagram.com/reel/DX0GxLyCXda/,892,665,46,5.16,41,0,2,3,1
TikTok,2026-04-30,,Sarah Matthews,Video,This is not patriotism. It is pure vanity.,https://www.tiktok.com/@ofthebraveusa/video/7634588326556732686,892,0,131,14.69,120,7,1,3,0
YouTube,2026-07-10,Week 28,Bill Kristol & Tom Joscelyn,Shorts,Extremism Hiding in Plain Sight w/ Bill Kristol & Tom Joscelyn,https://www.youtube.com/watch?v=oktd43EpH78,892,551,35,3.92,31,4,0,0,2
Instagram,2026-08-13,Week 33,Newsletter,IG image,"Pete Hegseth is Kneecapping Our Own Military

""America does not need a military molded in the image of any one Secretary of Defense. It needs a military that reflects the nation it…",https://www.instagram.com/p/Db-3yqCjVlm/,889,544,16,1.8,13,1,1,1,1
TikTok,2026-06-15,,Breaking News,Video,New Reuters/Ipsos poll: 75% of Americans think the government is hiding information related to Epstein. Just 10% say it's helped get accountability for victims. Follow for updates.,https://www.tiktok.com/@ofthebraveusa/video/7651738892512660750,881,0,153,17.37,142,4,1,6,0
Instagram,2026-06-09,,Produced Videos,IG reel,"We hit the streets to hear from real people about the prices they're paying at the pump this summer.

The receipts are in, and they're brutal: Under Trump's policies, filling your …",https://www.instagram.com/reel/DZYZP5JDsJh/,879,763,26,2.96,23,1,0,2,1
TikTok,2026-03-20,,Produced Videos,Video,"Trump's economy, in his own words. Do you believe him?",https://www.tiktok.com/@ofthebraveusa/video/7619445783321971982,879,0,107,12.17,93,2,7,5,0
X,2026-02-24,,Other,X analytics export,https://t.co/tnASYH37ZR,https://x.com/OfTheBraveUSA/status/2026397152587509854,878,0,44,5.01,6,1,0,0,0
TikTok,2026-06-15,,Breaking News,Video,"An ad during UFC 250 on the White House lawn promoted Trump gold coins — featuring Trump, his family, even him and Dana White. Prices run $250 to $12,000. Follow for more updates.",https://www.tiktok.com/@ofthebraveusa/video/7651772542163733774,876,0,137,15.64,109,10,11,7,0
TikTok,2026-07-28,Week 31,Breaking News,Video,"President Trump's approval rating has fallen to 34% in a new Economist/YouGov poll conducted July 25-27, tying the lowest point of either of his terms, with 62% disapproving. The p…",https://www.tiktok.com/@ofthebraveusa/video/7667721513205796110,872,0,112,12.84,101,7,1,3,0
YouTube,2026-04-30,,HOTB Pod,Shorts,"Tom Joscelyn: ""They want to deflect from their own bad behavior and their own rhetoric.” | HOTB Pod",https://www.youtube.com/watch?v=gQPrgBJ02QI,872,182,17,1.95,16,0,1,0,1
Instagram,2026-05-15,,Sarah Matthews,IG reel,"New Billboards Out Now From Home Of The Brave: 
""Trump Doesn't Care About Your Finances""",https://www.instagram.com/reel/DYXfEGIERYS/,871,797,40,4.59,37,0,0,3,1
YouTube,2026-06-04,,Home of the Brave Podcast,Long-Form,The Trumpification of the FBI | Home of the Brave Podcast,https://www.youtube.com/watch?v=oDuhkss4iew,867,12276,39,4.5,28,6,5,0,12
Instagram,2026-05-21,,HOTB Pod,IG reel,Paying the January 6th rioters tells them they were right to attack the Capitol — an Orwellian reversal of reality.,https://www.instagram.com/reel/DYnTst2FelH/,861,756,15,1.74,12,3,0,0,0
TikTok,2026-01-05,,Other,Video,"Officer Daniel Hodges narrates his body camera footage from January 6: "" Here someone tried to disarm me of my riot baton… At this point I'm completely surrounded, have no one arou…",https://www.tiktok.com/@ofthebraveusa/video/7592031623290375437,861,0,97,11.27,77,2,9,9,0
YouTube,2026-06-09,,Ad,Shorts,"Under Trump's Policies, Filling Your Tank Means Draining The Bank. | Ad",https://www.youtube.com/watch?v=btJdZnvTvcA,861,432,22,2.56,18,2,2,0,1
Instagram,2026-07-16,Week 29,HOTB Pod,IG reel,"@prothplz: ""[Todd Blanche] has made very clear that he has no interest beyond protecting one of the most — no, I'm not even gonna qualify it — the most corrupt jackass to ever hold…",https://www.instagram.com/reel/Da3uEJXEsnI/,856,753,13,1.52,13,0,0,0,1
Instagram,2026-06-23,,Bill Kristol & Tom Joscelyn,IG reel,"If you want real answers from a convicted criminal, you bring the prosecutors who know the case. Instead, the Deputy AG did it himself — and reportedly hadn't even read the file. 
…",https://www.instagram.com/reel/DZ7oKvaDz8E/,849,714,29,3.42,29,0,0,0,1
YouTube,2026-05-07,,HOTB Pod,Shorts,"May 7, 2026 | HOTB Pod",https://www.youtube.com/watch?v=qBW_Dlt2oYY,848,184,25,2.95,20,2,3,0,0
TikTok,2026-07-27,Week 31,Breaking News,Video,"According to a Forbes analysis, President Trump earned roughly $2.4 billion last year, about three times what his business made annually before he entered the White House. NPR sepa…",https://www.tiktok.com/@ofthebraveusa/video/7667292352330992909,847,0,102,12.04,97,3,0,2,0
TikTok,2026-07-18,Week 29,Bill Kristol & Tom Joscelyn,Video,"Bill Kristol on ICE: ""They want to make people scared — scared of the government and scared especially of the agents who are loyal to Donald Trump in the government…They want a sca…",https://www.tiktok.com/@ofthebraveusa/video/7664032858297617678,846,0,101,11.94,92,2,1,6,0
TikTok,2026-08-10,Week 33,Breaking News,Video,"A federal appeals court just ruled Trump can't keep building his $400 million White House ballroom without congressional approval. In a 2-1 decision, the DC Circuit ordered abovegr…",https://www.tiktok.com/@ofthebraveusa/video/7672432277552368909,845,0,86,10.18,83,1,0,2,0
Instagram,2026-05-01,,Produced Videos,IG reel,Trump seems to think '86' definitively means 'kill.' Let's roll the tape and see if that's true.,https://www.instagram.com/reel/DXz_5wFCcCa/,842,646,32,3.8,27,0,4,1,1
TikTok,2026-06-27,,Bill Kristol & Tom Joscelyn,Video,"Check out the newest episode of It's Happening Here at the link in our bio! Tom Joscelyn: ""Trump ordered Gabbard to oversee the Fulton County operation to seize 2020 election ballo…",https://www.tiktok.com/@ofthebraveusa/video/7656168423340117262,841,0,82,9.75,73,1,2,6,0
YouTube,2026-05-21,,HOTB Pod,Shorts,Ask Any Election Official ‚Äî 2020 Wasn't Stolen | HOTB Pod,https://www.youtube.com/watch?v=RL_yyvwSkQw,841,208,46,5.47,44,1,1,0,0
TikTok,2026-03-11,,News,Video,"Joe Rogan on Trump: ""He's 80. He doesn't have much to lose. That's the scary thing about old leaders. Death is imminent — it's within a decade, if you're lucky. That's spooky. You'…",https://www.tiktok.com/@ofthebraveusa/video/7616135469293718797,839,0,76,9.06,65,7,0,4,0
YouTube,2026-05-15,,HOTB Pod,Shorts,Trump Regime Executes the Most Political Violence in America | HOTB Pod,https://www.youtube.com/watch?v=2NKkFTs3aZI,839,280,86,10.25,84,1,1,0,2
TikTok,2026-05-10,,Breaking News,Video,BREAKING: Trump Focuses on D.C. Golf Courses as Prices Rise and War Escalates Donald Trump just announced plans to remake Washington D.C.’s public golf courses — including Langston…,https://www.tiktok.com/@ofthebraveusa/video/7638297493221952782,838,0,46,5.49,42,3,0,1,0
TikTok,2026-02-24,,Sarah Matthews,Video,"Sarah Matthews: ""There is a reason why these 53 pages [on Trump in the Epstein files] were not released to the public because there is seriously some sort of cover-up happening. I …",https://www.tiktok.com/@ofthebraveusa/video/7610600074866887950,837,0,116,13.86,109,2,0,5,0
Instagram,2026-02-23,,Other,IG image,"This article is part one in a series called ‘Profiles in Corruption,’ where we shine a light on the personal financial interests of people close to the president.

With the amount …",https://www.instagram.com/p/DVHj8gijl2B/,835,522,13,1.56,8,2,1,2,0
TikTok,2026-06-17,,Breaking News,Video,The $14M reflecting pool is greener than the grass 💀 the bleach only works on the edges. Follow us for more updates!,https://www.tiktok.com/@ofthebraveusa/video/7652400927273471245,831,0,95,11.43,86,4,3,2,0
Instagram,2026-03-10,,News,IG reel,"JD Vance (2024): "" All of the really terrible world conflicts, they almost always come from incompetent leadership...You can't just think about the immediate consequence. You've go…",https://www.instagram.com/reel/DVuNUhVCT0x/,826,658,35,4.24,19,3,7,6,1
YouTube,2026-05-19,,Breaking News,Shorts,"Breaking News: Trump Started a War. Now 49% Say the Economy Is ""Poor.""",https://www.youtube.com/watch?v=FqYG06bmShM,824,231,14,1.7,14,0,0,0,0
TikTok,2026-07-09,Week 28,Breaking News,Video,"Trump wants a 250-foot ""triumphal arch"" in D.C., but there's a 115-year-old law in the way. The Height of Buildings Act, passed by Congress in 1910, caps most construction in the c…",https://www.tiktok.com/@ofthebraveusa/video/7660597404978220302,821,0,99,12.06,90,7,1,1,0
Instagram,2026-05-27,,Breaking News,IG reel,New CNN polling lays bare just how unaffordable Donald Trump's economy has become. 61% of Americans are changing what they buy at the grocery store. 31% are putting off medical tre…,https://www.instagram.com/reel/DY2-QHQACSX/,820,699,38,4.63,25,8,1,4,0
TikTok,2026-02-09,,News,Video,"Ro Khanna: "" Who were the other men who raped these underage girls? Did [Ghislaine Maxwell] have any conversations about a deal with Donald Trump?…She's pleading the Fifth…Why did …",https://www.tiktok.com/@ofthebraveusa/video/7605033769745141005,820,0,64,7.8,60,0,1,3,0
TikTok,2026-05-29,,Breaking News,Video,The Pentagon awarded a $9.7B contract after President Trump bought $1 - 5M in stock and publicly promoted it on Truth Social and to reporters. It raises the question whether the Pe…,https://www.tiktok.com/@ofthebraveusa/video/7645479534933970189,819,0,112,13.68,90,15,3,4,0
YouTube,2026-05-12,,Breaking News,Shorts,Breaking News: You won't believe what Trump's Transportation Secretary just did.,https://www.youtube.com/watch?v=Fq48d95wP2s,818,157,18,2.2,18,0,0,0,0
TikTok,2026-08-08,Week 32,Bill Kristol & Tom Joscelyn,Video,"Tom Joscelyn: ""Uprooting people from their communities and executing protesters on the streets — That is all very anti-American. And I think there is a backlash to  this version of…",https://www.tiktok.com/@ofthebraveusa/video/7671788270921075982,815,0,89,10.92,84,1,1,3,0
Instagram,2026-05-05,,News,IG reel,"Rep. Garcia: ""We should be very clear — No pardon for Ghislaine Maxwell. She should tell the truth under oath. And we're going to continue getting the survivors out in front to tel…",https://www.instagram.com/reel/DX-dTjBDHR_/,813,731,21,2.58,20,0,1,0,0
Instagram,2026-06-03,,Podcast Promo,IG image,"JOIN US tomorrow, June 4, at 10AM ET on X, YouTube, Facebook, or Substack for a live taping of the Home of the Brave Podcast! 

Our guest is former FBI special agent Michael Feinbe…",https://www.instagram.com/p/DZI_tZ8Dd9o/,812,547,8,0.99,8,0,0,0,0
TikTok,2026-01-22,,News,Video,"Jack Smith: ""President Trump was charged because the evidence established that he willfully broke the very laws he took an oath to uphold. Grand juries in two separate districts re…",https://www.tiktok.com/@ofthebraveusa/video/7598345259306814733,810,0,168,20.74,145,8,5,10,0
TikTok,2026-02-05,,Produced Videos,Video,We all saw the videos. Congress must act. Impeach Kristi Noem.,https://www.tiktok.com/@ofthebraveusa/video/7603520056663756045,809,0,182,22.5,169,3,4,6,0
TikTok,2026-05-07,,Breaking News,Video,"Senate Republicans want YOU, the taxpayer, to fund Trump's latest obsession to the tune of $1 billion.",https://www.tiktok.com/@ofthebraveusa/video/7637273355489447182,809,0,28,3.46,26,1,0,1,0
Instagram,2026-03-02,,News,IG reel,"Tulsi Gabbard's endorsement of Trump in 2024: "" I am confident that [Trump's] first task will be to do the work to walk us back from the brink of war. We cannot be prosperous unles…",https://www.instagram.com/reel/DVZ5bnGiPgh/,803,703,11,1.37,8,2,0,1,0
Instagram,2026-05-21,,HOTB Pod,IG reel,Aaron Burr's corruption looks like an ant mound next to this — the Himalayan mountain range of American corruption. #Corruption,https://www.instagram.com/reel/DYnoRn6ILeR/,803,716,9,1.12,6,2,0,1,0
TikTok,2026-01-28,,Newsletter,Video,"To the extent that people think about the US Environmental Protection Agency (EPA) at all, they likely think of an institution that works to safeguard our health and well-being, an…",https://www.tiktok.com/@ofthebraveusa/video/7600551214392151327,802,0,2,0.25,2,0,0,0,0
TikTok,2026-05-07,,HOTB Pod,Video,Iran closed the Strait of Hormuz: Is Trump claiming victory?,https://www.tiktok.com/@ofthebraveusa/video/7637243167804280078,797,0,15,1.88,14,0,0,1,0
Instagram,2026-04-07,,Newsletter,IG image,"NEW: Donald Trump Goes Full Mad King

In the past 24 hours, Donald Trump’s rhetoric on Iran has crossed a line. This morning, he wrote, “A whole civilization will die tonight, neve…",https://www.instagram.com/p/DW2FRr2DvFB/,796,522,16,2.01,16,0,0,0,0
TikTok,2026-01-05,,Other,Video,"Michael Fanone narrates his body camera footage from the January 6 insurrection: ""I'm trying to fight to stay alive…I'm being assaulted from every direction. I'm trying to keep peo…",https://www.tiktok.com/@ofthebraveusa/video/7592000764239760654,796,0,111,13.94,95,4,3,9,0
Instagram,2026-07-19,Week 29,Newsletter,IG image,"Why the Great American State Fair Failed

""What struck me about the Great American State Fair was its hollowness. Its exhibits, architecture, and symbolism: All were pompous, empty…",https://www.instagram.com/p/Da-jJUjDWjV/,795,463,19,2.39,19,0,0,0,0
YouTube,2026-07-16,Week 29,HOTB Pod,Shorts,"""It's Just a Farce"" | HOTB Pod",https://www.youtube.com/watch?v=h-fHLbU4LXI,795,409,24,3.02,23,1,0,0,0
Instagram,2026-08-03,Week 32,Produced Videos,IG reel,"Have you been affected by sticker shock this summer?

Don’t suffer from high prices in silence. Call 1-866-2PRICEY.

Learn more about or newest nationwide Sticker Shock Summer ad a…",https://www.instagram.com/reel/DblF4VOjVXZ/,791,631,57,7.21,21,0,36,0,5
Instagram,2026-01-27,,News,IG reel,"Rep. Jason Crow: ""Here in Congress we have an oath to the Constitution and the rule of law. We have a federal agency and an administration that is outright violating the law, murde…",https://www.instagram.com/reel/DUCJt_Hib_j/,787,678,20,2.54,16,2,0,2,0
TikTok,2026-03-02,,News,Video,"Tulsi Gabbard: ""An all out war with Iran would make the wars that we've seen in Iraq and Afghanistan look like a picnic. It will be far more costly in lives, American lives, and Am…",https://www.tiktok.com/@ofthebraveusa/video/7612821523627265294,786,0,32,4.07,26,3,2,1,0
Instagram,2026-06-29,Week 27,Other,IG image,"Prices are up, and so are our newest Sticker Shock Summer billboards. Happy 4th of July!

Learn about how the Trump administration is costing you more money this Independence Day a…",https://www.instagram.com/p/DaLLD7vDRnX/,785,484,19,2.42,19,0,0,0,1
TikTok,2026-06-29,Week 27,Breaking News,Video,"Trump's newest obsession is reportedly… trees 🌳 He apparently wants Lafayette Park to have exactly 47 of them to match his 47th presidency, all while prices keep climbing. Prioriti…",https://www.tiktok.com/@ofthebraveusa/video/7656845041322741005,785,0,84,10.7,75,6,2,1,0
YouTube,2026-05-10,,Breaking News,Shorts,BREAKING NEWS: Trump Escalates Controversial Boat Strikes,https://www.youtube.com/watch?v=N94yHWAcTSU,783,217,22,2.81,19,3,0,0,1
YouTube,2026-08-13,Week 33,Social Ads,Shorts,He Was Hired to Protect America's Health. He's Destroying Its Trust Instead. | Social Ads,https://www.youtube.com/watch?v=DBveMZIRHwE,781,325,28,3.59,24,2,2,0,1
YouTube,2026-05-30,,Breaking News,Shorts,Breaking News: Dell Receives $9.7B Contract,https://www.youtube.com/watch?v=19qUU4E7W0c,780,348,80,10.26,76,4,0,0,1
YouTube,2026-07-11,Week 28,Bill Kristol & Tom Joscelyn,Long-Form,Trump’s ICE Story Just Collapsed! w/ Bill Kristol & Tom Joscelyn,https://www.youtube.com/watch?v=6jI9olDOVFU,779,11281,56,7.19,51,2,3,0,7
Instagram,2026-08-20,Week 34,Newsletter,IG image,"Jobs are down. Inflation is up. The administration is to blame.

""In May 2016, Donald Trump tweeted that the economy gaining just 38,000 jobs was “terrible” and a “bombshell.” Last…",https://www.instagram.com/p/DcQ8XSqDbcE/,778,485,33,4.24,31,1,1,0,0
YouTube,2026-08-03,Week 32,Ad,Shorts,Have You Been Affected by Sticker Shock This Summer? | Ad,https://www.youtube.com/watch?v=mR5NX3-OoGo,778,2384,111,14.27,23,5,83,0,1
Instagram,2026-03-31,,Newsletter,IG image,"Anyone who has ever left a job is familiar with the exit interview. You sit down with your boss or HR rep, or both, and go over what went wrong and what went right. It’s one last c…",https://www.instagram.com/p/DWkJdEYjr4j/,777,451,6,0.77,5,0,1,0,0
TikTok,2026-05-08,,KOC,Video,Howard lutnick lied to the American people about his relationship with Jeffrey Epstein.,https://www.tiktok.com/@ofthebraveusa/video/7637644323000945934,773,0,106,13.71,96,2,2,6,0
TikTok,2026-05-09,,Breaking News,Video,"BREAKING: Gas Prices Surge Across America as Iran Crisis Escalates Gas prices are exploding across America, with nearly every state now over $4 a gallon and California already abov…",https://www.tiktok.com/@ofthebraveusa/video/7638061747114462478,773,0,50,6.47,47,2,0,1,0
Instagram,2026-05-20,,HOTB Pod,IG reel,"The people who actually run our elections say the ""stolen 2020"" claim is nonsense. #ElectionIntegrity",https://www.instagram.com/reel/DYlG86tER58/,772,697,7,0.91,7,0,0,0,0
TikTok,2026-06-29,Week 27,Breaking News,Video,"40,000 passports. Trump's face. Imagine pulling that out at customs in another country. Groceries are still unaffordable but sure, let's redesign the passport. Like & follow for mo…",https://www.tiktok.com/@ofthebraveusa/video/7656928990699031822,769,0,56,7.28,52,3,0,1,0
Instagram,2026-07-13,Week 29,Breaking News,IG reel,"Todd Blanche's confirmation hearing for Attorney General is this week. We wanted to make sure you know who he is.

As Deputy AG, he oversaw the Epstein files release which, per sur…",https://www.instagram.com/reel/Dav8Ovygdmv/,764,646,9,1.18,8,1,0,0,0
Instagram,2026-04-14,,Newsletter,IG image,"NEW: Donald Trump is the Least Christ-Like President in American History

This weekend Donald Trump went on a social media tirade of religious proportions. He shared an AI slop ima…",https://www.instagram.com/p/DXIMiIhjXWX/,762,475,14,1.84,10,2,0,2,0
Instagram,2026-01-22,,Newsletter,IG image,"In 2024, the extended universe of bro podcasters and influencers swung hard to Donald Trump. They were upset about a lot of things—wokeness, trans issues, perceived “censorship” on…",https://www.instagram.com/p/DT1KSOUjnkn/,761,475,3,0.39,3,0,0,0,0
TikTok,2026-06-12,,KOC,Video,His words. Your wallet. Spotted one of our billboards on the road? Snap a pic and send it to us in the DMs — we want to see it! Navigate to stickershocksummer.org via the link in o…,https://www.tiktok.com/@ofthebraveusa/video/7650553794283031821,761,0,94,12.35,89,2,2,1,0
YouTube,2026-08-02,Week 31,Bill Kristol & Tom Joscelyn,Shorts,Rubio Cited Old Incidents to Inflate Left-Wing Terrorism Threat w/ Bill Kristol & Tom Joscelyn,https://www.youtube.com/watch?v=YU_RFjY8AMk,761,484,19,2.5,18,1,0,0,1
TikTok,2026-01-22,,Produced Videos,Video,Trump promised to bring down energy prices...,https://www.tiktok.com/@ofthebraveusa/video/7598355675428769037,759,0,89,11.73,76,3,5,5,0
TikTok,2026-07-29,Week 31,Breaking News,Video,"The Trump administration awarded a $5 million contract to restore and coat four bronze horse statues near the Lincoln Memorial in 23.75-karat gold leaf, ahead of America's 250th an…",https://www.tiktok.com/@ofthebraveusa/video/7667974715729825037,759,0,38,5.01,29,5,3,1,0
Instagram,2026-01-18,,Newsletter,IG image,"In 2024, rural voters swung to Donald Trump two-to-one, with 69 percent supporting him. These blowout numbers were a key factor in putting him back in office, and an improvement on…",https://www.instagram.com/p/DTrIRZflzbI/,756,453,13,1.72,11,0,0,2,0
Instagram,2026-06-05,,KOC,IG reel,"The Lincoln Memorial reflecting pool is being painted ""American flag blue"" — on a no-bid contract that ballooned from $2 million to $13.1 million. The winning company also did the …",https://www.instagram.com/reel/DZOEivVgjNo/,754,548,71,9.42,47,4,13,7,2
Instagram,2026-07-05,Week 27,Other,IG reel,"We've put another $2.5M into our Sticker Shock Summer campaign and brought the message to Times Square: The Trump administration's policies are driving your summer costs WAY UP.

H…",https://www.instagram.com/reel/Daa6WATEie9/,754,567,15,1.99,14,1,0,0,0
Instagram,2026-07-02,Week 27,Other,IG image,🚨 BREAKING: Sticker Shock Summer is out today with another $2.5M campaign showing Americans how Trump administration policies are driving up prices. Now we’re bringing our message …,https://www.instagram.com/p/DaStn_djQA6/,752,453,18,2.39,17,1,0,0,0
TikTok,2026-06-03,,Breaking News,Video,"The House of Representatives passed a war powers resolution on Iran 215 - 208, with four Republicans voting with Democrats.",https://www.tiktok.com/@ofthebraveusa/video/7647369630071262478,752,0,106,14.1,99,5,0,2,0
YouTube,2026-02-25,,News,Shorts,U.S. Citizen & Veteran Detained by ICE Remarks on Shootings in Minneapolis | News,https://www.youtube.com/watch?v=V0muWzRxJZI,752,432,48,6.38,47,1,0,0,0
Instagram,2026-08-16,Week 33,Bill Kristol & Tom Joscelyn,IG reel,"Bill Kristol: ""The election subversion side of things remains remains very disconcerting.""

Tom Joscelyn: ""This can't be the new normal… It's all based on fake emergencies that he'…",https://www.instagram.com/reel/DcHilJsE156/,751,654,14,1.86,12,1,0,1,0
TikTok,2026-02-06,,Newsletter,Video,"Since the inauguration, the Department of Justice has been gutted, with 6,400 career employees leaving, hundreds of whom were outright fired by the Trump administration. Many of th…",https://www.tiktok.com/@ofthebraveusa/video/7603890929572924686,750,0,40,5.33,33,4,1,2,0
Instagram,2026-01-20,,Newsletter,IG carousel,Being Donald Trump’s spokesperson is an impossible and unenviable task. Impossible because no person can possibly cover for the continuous stream of lies and conspiracy theories th…,https://www.instagram.com/p/DTv2YwtDrTJ/,744,302,18,2.42,11,1,6,0,0
Instagram,2026-07-16,Week 29,News,IG reel,"Epstein Survivor Testifies Against Blanche's Confirmation

Dani Bensky: ""I'm a teacher. In my school, if a student released a nude photo depicting a peer's sexual assault and abuse…",https://www.instagram.com/reel/Da34TAKDCss/,742,607,44,5.93,39,1,3,1,0
TikTok,2026-03-27,,News,Video,"Dropkick Murphys' Ken Casey: ""Home of the Brave is trying to offer a platform for people to tell their stories about how they were personally affected [by the Trump admin]…It's a h…",https://www.tiktok.com/@ofthebraveusa/video/7622074329198644494,742,0,94,12.67,82,2,2,8,0
Instagram,2026-05-06,,Podcast Promo,IG image,"JOIN US LIVE tomorrow, May 7, at 9:30 AM ET!

Sarah Matthews and Bill Kristol will discuss Iran, the Supreme Court’s decision gutting the Voting Rights Act, the new gerrymandering …",https://www.instagram.com/p/DYBHLSyCFg7/,740,471,11,1.49,11,0,0,0,0
TikTok,2026-03-10,,News,Video,"Joe Rogan: ""It just seems so insane based on what he ran on. I mean, this is why a lot of people feel betrayed. He ran on no more wars, end these stupid, senseless wars. And then w…",https://www.tiktok.com/@ofthebraveusa/video/7615762099624545550,738,0,25,3.39,17,8,0,0,0
TikTok,2026-07-23,Week 30,Breaking News,Video,"New Washington Post-Ipsos polling finds most Americans are unhappy with President Trump's Washington building projects. Asked about the proposed ballroom, the Reflecting Pool renov…",https://www.tiktok.com/@ofthebraveusa/video/7665749723868908814,738,0,87,11.79,81,1,0,5,0
Instagram,2026-07-16,Week 29,Newsletter,IG image,"This is Your Economy on Tariffs

In parallel, the administration started a set of pretextual investigations under Section 301 of the same law, presumably to replace the Section 122…",https://www.instagram.com/p/Da3EBN0Ddxb/,737,466,10,1.36,8,1,0,1,0
TikTok,2026-05-18,,Breaking News,Video,"Tova Noel, the corrections officer who was on duty the night Jeffrey Epstein died in 2019 and who told federal investigators she believes she was the last person to see him alive, …",https://www.tiktok.com/@ofthebraveusa/video/7641266741179403551,737,0,67,9.09,65,0,0,2,0
Instagram,2026-07-11,Week 28,Bill Kristol & Tom Joscelyn,IG reel,"Bill Kristol: "" The mass deportation agenda is really at the beating heart of the Trump administration's agenda and the beating heart of the authoritarianism…The authoritarianism o…",https://www.instagram.com/reel/DaqLEEJDbL1/,733,623,17,2.32,15,1,0,1,2
TikTok,2026-06-27,,Bill Kristol & Tom Joscelyn,Video,"Watch the latest episode of It's Happening Here at the link in our bio! Bill Kristol on Pulte's appointment: ""He doesn't mention Russia, China. We're in the middle of a war with Ir…",https://www.tiktok.com/@ofthebraveusa/video/7656229456901655822,728,0,51,7.01,49,1,0,1,0
TikTok,2026-06-09,,Other,Video,Americans are paying more to hit the road this summer thanks to the Trump admin's war in Iran. That’s why we’re running this billboard across the country as part of our Sticker Sho…,https://www.tiktok.com/@ofthebraveusa/video/7649411768644668686,727,0,42,5.78,38,2,2,0,0
Instagram,2026-07-13,Week 29,Bill Kristol & Tom Joscelyn,IG reel,"Bill Kristol on ICE shooting Lorenzo Araujo: ""This is a total disgrace and it is emblematic, I think, of the way DHS and ICE have been unleashed under Trump and therefore — to get …",https://www.instagram.com/reel/DavuexygkW9/,726,619,38,5.23,34,0,1,3,0
TikTok,2026-05-26,,Breaking News,Video,National Economic Council Director Kevin Hassett just proved how out of touch the Trump administration is!,https://www.tiktok.com/@ofthebraveusa/video/7644323941900750093,722,0,66,9.14,54,9,2,1,0
YouTube,2026-06-02,,HOTB Pod,Shorts,Even Trump-Appointed Judges Reject Unilateral Actions | HOTB Pod,https://www.youtube.com/watch?v=j52UV7HDV1k,722,294,39,5.4,39,0,0,0,0
TikTok,2026-01-15,,Testimonials,Video,"While Trump toys around with ""concepts of a plan"" and Senate Republicans sit on their hands, cuts to healthcare in Trump's ""Big Beautiful Bill"" are about to send insurance premiums…",https://www.tiktok.com/@ofthebraveusa/video/7595758846778330423,721,0,47,6.52,46,0,0,1,0
Instagram,2026-07-01,Week 27,Breaking News,IG reel,"For decades, Donald Trump's fortune was built on real estate. Last year, that changed.

According to the financial disclosure he filed this week, cryptocurrency was his single larg…",https://www.instagram.com/reel/DaRY3heD3zo/,720,601,11,1.53,10,0,1,0,0
Instagram,2026-08-05,Week 32,HOTB Pod,IG reel,"@harryjsisson: ""What gives me hope is the people who are doing the work silently around the country…I think of the public servants who — despite everything — still get up, one foot…",https://www.instagram.com/reel/DbqnqV1jQ30/,717,597,24,3.35,22,1,1,0,1
Instagram,2026-02-09,,Other,IG reel,"A letter from Ariana, a 14-year-old detained at Dilley Immigration Processing Center: "" I have never felt so much fear to go to a place as I feel here…Once I go back to Honduras, a…",https://www.instagram.com/reel/DUjkBmvjnQb/,715,605,47,6.57,40,1,3,3,0
TikTok,2026-05-19,,Breaking News,Video,"Trump filed nearly 4,000 stock trades in just Q1 of 2026 — 59 trades per day, 9 trades per hour, up to $700 million in volume. In one quarter, he made more trades than all 535 memb…",https://www.tiktok.com/@ofthebraveusa/video/7641726600014351646,714,0,146,20.45,129,3,3,11,0
Instagram,2026-01-28,,Newsletter,IG image,"To the extent that people think about the US Environmental Protection Agency (EPA) at all, they likely think of an institution that works to safeguard our health and well-being, an…",https://www.instagram.com/p/DUEnDTbDmkt/,713,414,12,1.68,7,2,3,0,0
Instagram,2026-01-30,,Newsletter,IG image,"By Joe Leary

Dear Friends Outside of Minnesota,

To those of you who think this isn’t happening where you live: It probably is. Or it will be soon. I want you to be readier than y…",https://www.instagram.com/p/DUJwp1vjuFE/,709,438,19,2.68,17,1,1,0,0
TikTok,2026-03-04,,News,Video,"Tucker Carlson: ""Why do you think you won?"" Vance: ""I actually aligned with the America First movement on the core issues...If you think of the Republican establishment as a group …",https://www.tiktok.com/@ofthebraveusa/video/7613543018297101581,709,0,25,3.53,21,0,0,4,0
YouTube,2026-06-01,,Breaking News,Shorts,Breaking News: White House Might Drop Slush Fund,https://www.youtube.com/watch?v=3q8PsjS0jaw,705,211,47,6.67,46,1,0,0,0
TikTok,2026-08-03,Week 32,Breaking News,Video,"Trump posted that his ""real polling numbers"" are ""the best they've ever been"" and everything else is fake news. Reality check: he just hit 32% approval in a Quinnipiac poll — his l…",https://www.tiktok.com/@ofthebraveusa/video/7669905549927992589,702,0,67,9.54,62,5,0,0,0
TikTok,2026-05-10,,Sarah Matthews,Video,"Trump promised farmers a golden age, but instead, most are dealing with higher costs and increasing financial strain.",https://www.tiktok.com/@ofthebraveusa/video/7638463903168466189,701,0,87,12.41,72,3,8,4,0
TikTok,2026-07-17,Week 29,Breaking News,Video,"Trump's primetime speech last night was supposed to prove China interfered in the 2020 election. The catch? The documents he released name Russia too — the same ""Russia hoax"" he's …",https://www.tiktok.com/@ofthebraveusa/video/7663574003356896526,701,0,91,12.98,85,2,0,4,0
Instagram,2026-03-27,,News,IG reel,"Dropkick Murphys' Ken Casey on why they're performing at the #NoKings rally in Boston: ""I just want to be a part of anything that offers resistance to what's happening now… I think…",https://www.instagram.com/reel/DWaEJzLkRKx/,697,613,24,3.44,21,1,1,1,0
Instagram,2026-04-21,,Podcast Promo,IG image,"Tune in this Wednesday, April 22 for a livestream with Home of the Brave’s Michael Fanone and Sarah Matthews. We’ll be going live on all platforms starting at 12 noon ET—catch us o…",https://www.instagram.com/p/DXZdsdVDckF/,696,424,13,1.87,12,0,0,1,0
YouTube,2026-05-20,,HOTB Pod,Shorts,Stephen Richer: The Tabulation Conspiracy Has No Basis | HOTB Pod,https://www.youtube.com/watch?v=ckiWb5fRcX0,695,169,52,7.48,52,0,0,0,0
TikTok,2026-06-26,,Breaking News,Video,"Trump is inaccurately blaming vandals for his reflecting pool debacle—admitting that, despite spending $14 million on renovations, the work will have to continue after the 4th of J…",https://www.tiktok.com/@ofthebraveusa/video/7655842911883447565,693,0,122,17.6,109,8,3,2,0
Instagram,2026-07-03,Week 27,Bill Kristol & Tom Joscelyn,IG reel,"Tom Joscelyn: ""The whole effort to demonize immigrants and immigration is really one of the more disgusting aspects of our modern age…But also, I think July 4th is a good reason to…",https://www.instagram.com/reel/DaWMRMUjJt_/,692,563,11,1.59,9,1,0,1,0
Instagram,2026-05-19,,Breaking News,IG reel,"Trump is moving forward with putting his face on U.S. passports, a new $1 coin, and a commemorative gold coin—what the president is focused on instead of making life better for Ame…",https://www.instagram.com/reel/DYhnzI8j7F9/,689,591,9,1.31,8,0,0,1,0
TikTok,2026-02-24,,Produced Videos,Video,"George Retes, a U.S. citizen and veteran detained for 3 days by ICE: ""Agents shooting innocent people…It could have easily been me. I could have easily been one of those people…And…",https://www.tiktok.com/@ofthebraveusa/video/7610591132149419277,687,0,108,15.72,105,2,0,1,0
TikTok,2026-06-11,,Breaking News,Video,"Yesterday, President Trump said he ""loves the inflation"" hitting millions of Americans with higher costs. Home of the Brave put that exact quote on billboards across the country — …",https://www.tiktok.com/@ofthebraveusa/video/7650267669475740942,687,0,45,6.55,44,1,0,0,0
YouTube,2026-06-20,,Bill Kristol & Tom Joscelyn,Long-Form,Todd Blanche and the Epstein Cover-Up w/ Bill Kristol & Tom Joscelyn,https://www.youtube.com/watch?v=KlismU3wy4Q,685,6372,40,5.84,34,1,5,0,4
YouTube,2026-05-21,,HOTB Pod,Shorts,Weaponizing the FBI to Seize Ballots | HOTB Pod,https://www.youtube.com/watch?v=GVuBsUhkcyE,683,148,61,8.93,57,0,4,0,1
TikTok,2026-05-13,,Breaking News,Video,"DHS is investigating Kristi Noem's purchase of $1 billion worth of vacant warehouses to potentially become ICE detention centers. She paid above 12% over market value, wasting mill…",https://www.tiktok.com/@ofthebraveusa/video/7639545976562273550,680,0,38,5.59,34,1,2,1,0
Instagram,2026-06-09,,Newsletter,IG image,"""After this ruling, when the administration moved to re-impose tariffs by other means, those too have been challenged in court.

But all of this is too little, too late for thousan…",https://www.instagram.com/p/DZXzRK6jZT9/,677,431,8,1.18,8,0,0,0,0
TikTok,2026-02-06,,News,Video,"3-Time Trump voter after Trump posted a racist meme: ""[Trump] is not worthy of the presidency. He takes bribes blatantly. Now he's being a racist blatantly…I just want to apologize…",https://www.tiktok.com/@ofthebraveusa/video/7603920607977180429,676,0,86,12.72,82,1,2,1,0
TikTok,2026-08-10,Week 33,Breaking News,Video,"The Trump administration gave Barnard Construction a $1.6 billion border wall contract, without competitive bidding, citing ""urgency."" The company's chairman and his wife donated $…",https://www.tiktok.com/@ofthebraveusa/video/7672526492185808141,675,0,118,17.48,103,6,4,5,0
YouTube,2026-05-19,,Breaking News,Shorts,Breaking News: Trump's Gas Prices Are INSANE ‚Äî Look at This Map,https://www.youtube.com/watch?v=qMm38_iaP2c,675,205,10,1.48,9,1,0,0,0
TikTok,2026-06-14,,Breaking News,Video,Everything you need to know about the UFC250 event at the White House. #UFCWhiteHouse #UFC250 #WhiteHouse,https://www.tiktok.com/@ofthebraveusa/video/7651266194892213518,674,0,41,6.08,31,8,0,2,0
Instagram,2026-03-25,,Produced Videos,IG reel,"Three and a half weeks into bombing Iran…

…Is it a war? Not a war? An Excursion?

Our government weighs in and the results are…inconclusive…",https://www.instagram.com/reel/DWUtP2OkXAN/,673,502,30,4.46,24,0,1,5,0
Instagram,2026-07-02,Week 27,Other,IG image,"Temperatures are through the roof, and so is your electricity bill. That's why we put up these Sticker Shock Summer billboards across the country. 

While you crank the A/C through…",https://www.instagram.com/p/DaTBlD4DTmi/,670,420,23,3.43,22,1,0,0,0
TikTok,2026-07-08,Week 28,Breaking News,Video,"At the NATO summit today, Trump appeared to confuse Iran — the country the U.S. just fought a war with — and Japan, one of our closest allies. Sitting next to Ukraine's president, …",https://www.tiktok.com/@ofthebraveusa/video/7660166037282786574,669,0,77,11.51,70,1,3,3,0
Instagram,2026-02-09,,News,IG reel,"Ro Khanna: "" Who were the other men who raped these underage girls? Did [Ghislaine Maxwell] have any conversations about a deal with Donald Trump?…She's pleading the Fifth…Why did …",https://www.instagram.com/reel/DUjtwiWjbdQ/,668,507,49,7.34,47,0,0,2,0
Instagram,2026-05-04,,Breaking News,IG reel,TERRIBLE NEWS for the Trump administration — Trump's approval rating is at it's lowest EVER!,https://www.instagram.com/reel/DX7xrTFFD3O/,665,498,20,3.01,17,1,0,2,0
Instagram,2026-07-23,Week 30,Newsletter,IG image,"America’s Best Idea is in Grave Danger

""Often called “America’s best idea,” national parks and monuments have conserved iconic landscapes, protected historical fact, saved dwindli…",https://www.instagram.com/p/DbI6ZN6jb3a/,663,417,14,2.11,13,1,0,0,0
Instagram,2026-05-06,,Produced Videos,IG reel,"Ronn Easton deployed to Vietnam while Trump was claiming ""bone spurs."" Now he's sounding off on Trump's latest vanity project.",https://www.instagram.com/reel/DYA-o1cD1wz/,662,481,170,25.68,118,12,35,5,0
TikTok,2026-02-06,,News,Video,"Gov. Beshear: ""[Trump] knows he's about to lose and lose big…Instead of trying to pivot and address affordability, people's everyday concerns, the fact that his economic policies a…",https://www.tiktok.com/@ofthebraveusa/video/7603905154047397133,661,0,78,11.8,71,4,1,2,0
TikTok,2026-04-13,,Newsletter,Video,NEW: Where Is Pam Bondi? It seems incomprehensible that an honest investigation by Congress (or DOJ) would not pursue every last answer from Bondi with urgency. If she had appeared…,https://www.tiktok.com/@ofthebraveusa/video/7628366949445111053,654,0,20,3.06,19,1,0,0,0
Instagram,2026-05-21,,HOTB Pod,IG reel,The threat isn't a Truth Social post — it's the FBI being told to seize ballots. #RuleOfLaw,https://www.instagram.com/reel/DYmgAH5EZrB/,651,551,9,1.38,9,0,0,0,0
Instagram,2026-07-03,Week 27,Newsletter,IG image,"NEW: How Trump’s January 6th Lawyer Tried to Overturn Birthright Citizenship

Legal observers had long expected that the order would be overturned by the nation’s highest court, as…",https://www.instagram.com/p/DaVOcM-CK16/,651,420,8,1.23,7,0,0,1,0
Instagram,2026-07-15,Week 29,Breaking News,IG reel,"ICE ordered a pause on most traffic stops Tuesday after two men were fatally shot by federal officers during stops within the span of a week, one in Houston and one in Biddeford, M…",https://www.instagram.com/reel/Da1F080mdd_/,651,552,13,2.0,11,1,1,0,0
Instagram,2026-05-12,,News,IG reel,FCC Commissioner Anna Gomez wrote a letter commending Disney for standing firm against Trump's attempt to censor Jimmy Kimmel.,https://www.instagram.com/reel/DYQA3jEDsHb/,650,531,6,0.92,5,0,0,1,0
Instagram,2026-03-03,,News,IG reel,"Tulsi Gabbard (2019): ""A war with Iran would make the war in Iraq look like a cakewalk. The devastation and the costs would be far greater than anything we've ever experienced befo…",https://www.instagram.com/reel/DVcTy_7Di00/,647,569,18,2.78,13,3,0,2,1
Instagram,2026-01-06,,News,IG reel,"Rep. Jason Crow: ""There's a lot of cowardice in our country today. There are universities buckling, CEOs taking the knee, law firms cowing, members of Congress capitulating — there…",https://www.instagram.com/reel/DTLnVvGlWDf/,645,537,24,3.72,23,0,1,0,1
TikTok,2026-05-12,,Breaking News,Video,A 22-foot gold statue of Trump was unveiled at one of his golf courses last week. Guess who else does this?,https://www.tiktok.com/@ofthebraveusa/video/7639024200786742541,643,0,13,2.02,12,1,0,0,0
TikTok,2026-04-01,,Newsletter,Video,"It should be the hardest decision in the world for a president to send troops into harm’s way. Ninety years ago, on the eve of World War II, President Roosevelt spoke of the anguis…",https://www.tiktok.com/@ofthebraveusa/video/7623952752611249421,638,0,33,5.17,28,3,0,2,0
Instagram,2026-03-03,,Produced Videos,IG reel,Trump on Iran — in his own words.,https://www.instagram.com/reel/DVbp486kspP/,636,485,21,3.3,12,2,4,3,0
Instagram,2026-07-14,Week 29,Produced Videos,IG image,"We're blanketing DC with a simple message ahead of Todd Blanche's confirmation hearing: ASK TODD BLANCHE ABOUT EPSTEIN. 

Blanche oversaw the Epstein files release that exposed vic…",https://www.instagram.com/p/Daxv3DNDZYK/,636,443,32,5.03,24,5,3,0,0
Instagram,2026-02-02,,Newsletter,IG image,"When I finished my career as a Navy chief, I fully intended to actually be retired. I wanted to play video games, walk my dogs, watch baseball, whatever. But when the US government…",https://www.instagram.com/p/DURfCyXDjWW/,635,385,20,3.15,20,0,0,0,0
Instagram,2026-05-12,,News,IG reel,James Comey talks about how Trump's inner circle now lacks courageous people willing to stand up for what's right in the face of the president's desires.,https://www.instagram.com/reel/DYPoT8EipHX/,635,500,8,1.26,8,0,0,0,0
Instagram,2026-06-18,,Podcast Promo,IG image,"JOIN US tomorrow, June 19th at 2pm ET for a live-taping of Home of the Brave podcast! 

Sarah Matthews and foreign policy expert Bob Kagan will be discussing the ins and outs and p…",https://www.instagram.com/p/DZviwIUjTWG/,635,433,4,0.63,2,1,0,1,0
Instagram,2026-07-09,Week 28,Other,IG image,"A friend caught this one in Orlando. 🌴 

Our Sticker Shock Summer billboards are up across the country, and the message is simple: your summer costs more this year, and the policie…",https://www.instagram.com/p/DalAS8SDQVj/,633,402,18,2.84,15,0,3,0,0
TikTok,2026-08-11,Week 33,Podcast Promo,Video,"Trump's ""Patriot Games"" are underway in Ohio. It's a four-day competition where one boy and one girl from every state and territory, about 120 teens, compete in a Presidential Fitn…",https://www.tiktok.com/@ofthebraveusa/video/7672796299942481165,632,0,22,3.48,18,3,0,1,0
Instagram,2026-07-20,Week 30,Produced Videos,IG reel,"Home of the Brave is proud to honor Bob Hilliard, a 101-year-old World War II veteran who's been fighting for democracy since the Battle of the Bulge in 1944.

He's seen firsthand …",https://www.instagram.com/reel/DbBQbp9GiEu/,631,524,62,9.83,45,2,13,2,0
TikTok,2026-05-25,,Breaking News,Video,"Instead of focusing on lowering costs for Americans, Donald Trump is posting bizarre AI videos throwing Stephen Colbert into a dumpster — and dancing while families keep paying mor…",https://www.tiktok.com/@ofthebraveusa/video/7643934812578794766,631,0,71,11.25,64,5,0,2,0
Instagram,2026-02-04,,News,IG reel,"Rep. Jason Crow on ICE/CBP expansion: ""They have hired people without background checks. They have hired people without training. They have no standards for the use of force. They …",https://www.instagram.com/reel/DUW12XgjpiV/,630,524,23,3.65,21,0,0,2,0
TikTok,2026-08-12,Week 33,Breaking News,Video,"As the country faces rising prices, higher gas and energy costs, and an ongoing war, President Trump spent the day at his ""Patriot Games"" in Ohio. The four-day youth competition, p…",https://www.tiktok.com/@ofthebraveusa/video/7673198865268428045,629,0,57,9.06,47,6,1,3,0
YouTube,2026-05-17,,HOTB Pod,Shorts,"Antifa Used as a ""Boogeyman"" to Activate Far-Right | HOTB Pod",https://www.youtube.com/watch?v=C0scCJ_760g,629,421,14,2.23,12,2,0,0,0
YouTube,2026-08-06,Week 32,HOTB Pod,Shorts,Jeanine Pirro In Hot Water With Trump Over Reflecting Pool Case | HOTB Pod,https://www.youtube.com/watch?v=OEpu8SjJr7Q,629,579,69,10.97,68,1,0,0,0
TikTok,2026-05-18,,HOTB Pod,Video,"Mike Fanone: ""No one has done more to normalize political violence than Donald Trump and his administration.""",https://www.tiktok.com/@ofthebraveusa/video/7641355129421106446,628,0,121,19.27,107,2,1,11,0
Instagram,2026-07-20,Week 30,Newsletter,IG image,"This 101-Year-Old WWII Veteran Has a Warning for America

""I opposed the fascists in America and fought them in Europe in World War II. I will continue to fight fascists wherever t…",https://www.instagram.com/p/DbBEJJkDYrO/,626,381,12,1.92,11,0,1,0,0
Instagram,2026-05-06,,News,IG reel,"Florida resident says that Trump should be focused on lowering prices that ""he jacked up"" instead of worrying about the White House ballroom.",https://www.instagram.com/reel/DYA3yrFCBqq/,625,495,21,3.36,20,0,0,1,0
Instagram,2026-03-03,,News,IG reel,"JD Vance 9 months before the Trump administration launched a new regime change war: "" Our view has been very clear that we don't want a regime change. We do not want to protract th…",https://www.instagram.com/reel/DVcPycHAMGu/,624,493,14,2.24,10,3,0,1,0
TikTok,2026-08-19,Week 34,Breaking News,Video,"A new report shows how hard the Trump administration is racing to build the White House ballroom before the courts can stop it. Per the New York Times, 250 workers are building 20 …",https://www.tiktok.com/@ofthebraveusa/video/7675815758483492127,623,0,53,8.51,43,3,2,5,0
TikTok,2026-05-18,,Breaking News,Video,"A new New York Times/Siena poll shows Donald Trump hitting the lowest approval rating of either of his two terms, sitting at just 37% — 22 points underwater overall, 31 points unde…",https://www.tiktok.com/@ofthebraveusa/video/7641227138389003551,622,0,44,7.07,38,1,1,4,0
YouTube,2026-05-21,,HOTB Pod,Shorts,Stephen Richer: Polis Defied His Own Pardon Commission | HOTB Pod,https://www.youtube.com/watch?v=0agWmdb0xCE,621,262,29,4.67,29,0,0,0,0
TikTok,2026-07-04,Week 27,Bill Kristol & Tom Joscelyn,Video,"Tom Joscelyn on right-wing criticisms of SCOTUS Justices post-birthright ruling: ""None of this has anything to do with birthright citizenship in the least, right? This is basically…",https://www.tiktok.com/@ofthebraveusa/video/7658803757970443534,620,0,13,2.1,11,0,0,2,0
TikTok,2026-07-12,Week 28,Produced Videos,Video,Todd Blanche wants to be Attorney General. So we checked his résumé. The Epstein file redactions? Just the beginning. That's why we're running a version of this ad on primetime Fox…,https://www.tiktok.com/@ofthebraveusa/video/7661645100455382285,619,0,58,9.37,55,0,0,3,0
TikTok,2026-08-18,Week 34,Breaking News,Video,"Trump posted an image to Truth Social today declaring the Strait of Hormuz ""New US Territory,"" circling the waterway between Iran and Oman under a star-spangled banner. It came a d…",https://www.tiktok.com/@ofthebraveusa/video/7675425402751307038,619,0,28,4.52,24,1,1,2,0
TikTok,2026-03-26,,Produced Videos,Video,"Trump claims we're in a ""Golden Age."" Disagree? Join Former Capitol Police Michael Fanone and millions of Americans this Saturday, March 28, to peacefully protest Trump’s regime an…",https://www.tiktok.com/@ofthebraveusa/video/7621726295302409485,618,0,117,18.93,106,6,2,3,0
YouTube,2026-07-22,Week 30,HOTB Pod,Shorts,New State Dept. Report Overblows Cuba's Influence in US Domestic Politics | HOTB Pod,https://www.youtube.com/watch?v=BVjepNyGyPw,618,449,27,4.37,27,0,0,0,1
TikTok,2026-05-01,,News,Video,"Sen. Reed: ""You boasted about 'no stupid rules of engagement,' just days after hundreds of Iranian schoolgirls were tragically killed in a missile strike. You have made troubling s…",https://www.tiktok.com/@ofthebraveusa/video/7635065878647803149,617,0,46,7.46,45,0,0,1,0
Instagram,2026-05-11,,News,IG reel,"Rep. Boyle: ""The medicaid cuts that Republicans passed last year as part of their big tax cut for billionaires take effect this December…15 million people are going to lose their h…",https://www.instagram.com/reel/DYNNEJJjCi9/,615,516,27,4.39,26,0,0,1,0
TikTok,2026-08-24,,Breaking News,Video,"Trump escalated his trade war with Canada today, threatening 50% tariffs on Canadian cars, trucks, and auto parts starting January 1, 2027. ""Canada has been ripping off the United …",https://www.tiktok.com/@ofthebraveusa/video/7677744661737245982,615,0,52,8.46,43,5,2,2,0
Instagram,2026-05-12,,News,IG reel,Rep. James Walkinshaw commends the handful of Republicans who put Epstein survivors ahead of protecting the Trump administration.,https://www.instagram.com/reel/DYQL3Mjjq18/,614,530,20,3.26,18,1,0,1,0
TikTok,2026-06-22,,Breaking News,Video,t til you hear this. 👀 People are getting ARRESTED for touching paint peeling off Trump's new flag-blue Reflecting Pool bottom. 5 arrests already. Like & follow for more!,https://www.tiktok.com/@ofthebraveusa/video/7654308275042782478,613,0,50,8.16,46,1,1,2,0
TikTok,2026-03-27,,News,Video,"Dropkick Murphys' Ken Casey on why they're performing at the #NoKings rally in Boston: ""I just want to be a part of anything that offers resistance to what's happening now… I think…",https://www.tiktok.com/@ofthebraveusa/video/7622089748332416269,612,0,64,10.46,59,0,3,2,0
TikTok,2026-02-12,,News,Video,"Secretary of Commerce Howard Lutnick said in 2025 that he was ""never in the room"" with Jeffrey Epstein. His emails, released by the Department of Justice, tell a different story. -…",https://www.tiktok.com/@ofthebraveusa/video/7606148500639763726,611,0,16,2.62,14,0,1,1,0
Instagram,2026-03-20,,Produced Videos,IG reel,"Trump's economy, in his own words.

Do you believe him?",https://www.instagram.com/reel/DWHt7RTAvoY/,610,438,34,5.57,24,1,4,5,0
Instagram,2026-06-01,,HOTB Pod,IG reel,Courts — even Trump-appointed judges — are rejecting unilateral actions from the Trump administration because the actions lack congressional approval.,https://www.instagram.com/reel/DZEJHJwgvkc/,610,546,16,2.62,15,0,0,1,0
TikTok,2026-08-12,Week 33,Breaking News,Video,"Families of sailors aboard the USS Abraham Lincoln are raising urgent concerns after an extraordinarily long deployment. The carrier has been at sea about 250 straight days, deploy…",https://www.tiktok.com/@ofthebraveusa/video/7673283870418013453,610,0,50,8.2,29,3,18,0,0
TikTok,2026-08-14,Week 33,Produced Videos,Video,Trump says the families of sailors aboard the USS Abraham Lincoln aren't worried about conditions on the ship. The families say otherwise.,https://www.tiktok.com/@ofthebraveusa/video/7673968012306713869,610,0,64,10.49,49,9,4,2,0
Instagram,2026-05-01,,Produced Videos,IG reel,"""He's taken a wrecking ball to much of Washington D.C.""

We spent the day on the National Mall asking visitors what they make of the renovations. The response was overwhelmingly ne…",https://www.instagram.com/reel/DXzVc_3EQbZ/,609,495,20,3.28,17,0,3,0,1
Instagram,2026-05-12,,News,IG reel,"Rep. James Walkinshaw says that the Trump administration resembles a ""brick wall"" when it comes to the prospect of prosecuting other alleged offenders in the Epstein files.",https://www.instagram.com/reel/DYQNKRDEu3v/,609,538,17,2.79,17,0,0,0,0
TikTok,2026-06-08,,KOC,Video,Breaking News: Home of the Brave JUST launched a $15M Sticker Shock Summer campaign all about how the Trump administration's policies are making YOUR summer more expensive! Read mo…,https://www.tiktok.com/@ofthebraveusa/video/7649085379173305614,609,0,39,6.4,32,3,3,1,0
Instagram,2026-06-24,,Breaking News,IG reel,"Per The New York Times: on July 17, 2025, top Trump administration officials reportedly met in the White House Situation Room — not over a national security threat, but over the Ep…",https://www.instagram.com/reel/DZ-9l30kYkt/,608,521,12,1.97,12,0,0,0,1
TikTok,2026-05-14,,Breaking News,Video,"According to X Community Notes, the $500 Trump Mobile phone is just a rebranded T-Mobile device made in China that retails for under $130.",https://www.tiktok.com/@ofthebraveusa/video/7639789443045477646,606,0,30,4.95,28,2,0,0,0
TikTok,2026-08-05,Week 32,Breaking News,Video,"Trump has ordered crews to tear apart weeks of work on the new White House helipad because he doesn't like how it looks. According to the Washington Post, he was frustrated it foll…",https://www.tiktok.com/@ofthebraveusa/video/7670583991342222605,606,0,34,5.61,27,6,1,0,0
TikTok,2026-07-12,Week 28,HOTB Pod,Video,"@briantylercohen talks with @SarahAMatthews1 about America 250: ""When all you have is a hammer, everything looks like a nail. Trump only knows how to do hatefulness and division, a…",https://www.tiktok.com/@ofthebraveusa/video/7661795853090180366,604,0,46,7.62,44,0,1,1,0
Instagram,2026-05-12,,Sarah Matthews,IG reel,"Sarah Matthews discusses how Republicans can't win the upcoming election on the merits, so they are resorting to tactics such as voter disenfranchisement and threatening to send IC…",https://www.instagram.com/reel/DYQgyt7FbNz/,603,547,11,1.82,11,0,0,0,0
TikTok,2026-05-28,,Breaking News,Video,The Trump administration is using $67 million in U.S. National Park entrance fees typically used for park maintenance to fund Trump's vanity projects in D.C.,https://www.tiktok.com/@ofthebraveusa/video/7645062160078458125,598,0,48,8.03,42,3,0,3,0
TikTok,2026-06-22,,Breaking News,Video,$80 BILLION. 👀 That's what the Pentagon just asked Congress for to cover the war in Iran — and they're warning they could run out of money this summer. Like & follow to stay update…,https://www.tiktok.com/@ofthebraveusa/video/7654362395246300430,594,0,37,6.23,29,6,1,1,0
TikTok,2026-05-09,,Breaking News,Video,Breaking: The Trump administration releases the UFO files.,https://www.tiktok.com/@ofthebraveusa/video/7637934698093612302,593,0,17,2.87,16,1,0,0,0
TikTok,2026-02-23,,News,Video,"Rep. Seth Moulton on Iran: ""We've heard nothing. Absolutely nothing about a strategy, nothing about a plan, nothing about why they think it's a good idea for us and our troops and …",https://www.tiktok.com/@ofthebraveusa/video/7610218673176988942,591,0,58,9.81,54,2,0,2,0
TikTok,2026-07-13,Week 29,Breaking News,Video,"This is the White House right now, where the historic East Wing stood before the Trump administration demolished it for a massive ballroom. He promised it wouldn't cost taxpayers ""…",https://www.tiktok.com/@ofthebraveusa/video/7662085496683777294,586,0,52,8.87,40,7,1,4,0
Instagram,2026-05-22,,HOTB Pod,IG reel,"Corruption and J6 normalization don't always overlap — but here they do, and that's what makes it so dangerous. #Accountability",https://www.instagram.com/reel/DYpFIIuEUES/,585,535,4,0.68,4,0,0,0,0
TikTok,2026-05-09,,Breaking News,Video,BREAKING: Trump’s FCC Targets The View in Escalating Free Speech Crackdown Donald Trump promised to protect free speech. Now his FCC is investigating critics like The View while ta…,https://www.tiktok.com/@ofthebraveusa/video/7638015407189773582,585,0,28,4.79,27,1,0,0,0
TikTok,2026-06-01,,Breaking News,Video,"Senior Trump administration officials told Axios they're considering scrapping the $1.8B ""weaponization"" slush fund because it has become too big of a distraction.",https://www.tiktok.com/@ofthebraveusa/video/7646514181256006926,584,0,53,9.08,50,2,0,1,0
Instagram,2026-05-07,,Sarah Matthews,IG reel,Trump's Iran war is crushing drivers at the pump.,https://www.instagram.com/reel/DYC3F8rAnnC/,583,502,8,1.37,8,0,0,0,0
TikTok,2026-05-01,,Produced Videos,Video,Trump seems to think '86' definitively means 'kill.' Let's roll the tape and see if that's true.,https://www.tiktok.com/@ofthebraveusa/video/7635050416417361166,576,0,29,5.03,22,5,0,2,0
Instagram,2026-06-29,Week 27,Produced Videos,IG reel,"Thanks to Trump, we’re all paying more for groceries, fireworks, gas, and electricity. Freedom isn’t free, but the 4th of July wasn’t always this expensive.

That’s why we’re runni…",https://www.instagram.com/reel/DaK7WE5EvQL/,574,488,5,0.87,5,0,0,0,0
TikTok,2026-07-14,Week 29,HOTB Pod,Video,"@petertwinklage and @SarahAMatthews1 discuss Todd Blanche's confirmation hearing: "" If Blanche tries to dance around proper accountability for these Pillsbury doughboy fascists jus…",https://www.tiktok.com/@ofthebraveusa/video/7662522561036668174,569,0,10,1.76,10,0,0,0,0
Instagram,2026-06-27,,Bill Kristol & Tom Joscelyn,IG reel,"Check out the newest episode of It's Happening Here at the link in our bio! 

Tom Joscelyn: ""Trump ordered Gabbard to oversee the Fulton County operation to seize 2020 election bal…",https://www.instagram.com/reel/DaGiFpuiurQ/,567,489,2,0.35,2,0,0,0,0
TikTok,2026-06-03,,Breaking News,Video,Trump compares the newly constructed UFC arena on the White House South Lawn to the Eiffel Tower and floats the idea of leaving it up after the fight takes place on June 14.,https://www.tiktok.com/@ofthebraveusa/video/7647330989190008078,567,0,42,7.41,34,4,3,1,0
Instagram,2026-04-30,,Sarah Matthews,IG reel,This is not patriotism. It is pure vanity.,https://www.instagram.com/reel/DXwypNIjdCl/,566,460,30,5.3,25,2,1,2,0
Instagram,2026-01-27,,News,IG reel,"Gov. Josh Shapiro: ""These federal officials, at the direction of President Trump, VP Vance, and Secretary Noem, are eviscerating the most important thing you need to keep a communi…",https://www.instagram.com/reel/DUCPdR6kpJy/,564,448,19,3.37,17,0,0,2,2
TikTok,2026-05-15,,Breaking News,Video,The Trump admin is building a massive triumphal arch in DC — and they just got caught trying to skip the bidding process entirely. Here's what they don't want you to know. #trump #…,https://www.tiktok.com/@ofthebraveusa/video/7640157714596777246,564,0,52,9.22,47,5,0,0,0
TikTok,2026-03-04,,Produced Videos,Video,"Donald Trump wants housing prices to GO UP! Home of the Brave is running this ad for three weeks on CTV, targeting people who currently rent in the nine areas that have seen some o…",https://www.tiktok.com/@ofthebraveusa/video/7613406879112301837,562,0,16,2.85,13,1,0,2,0
Instagram,2026-04-30,,HOTB Pod,IG reel,"Tom Joscelyn: ""They want to quell speech, which is a direct assault on free speech and a direct assault on our constitutional rights. And at the same time, they want to deflect fro…",https://www.instagram.com/reel/DXw6l9mFD8f/,561,443,12,2.14,11,1,0,0,0
TikTok,2026-05-12,,News,Video,"James Comey describes his 'original sin' with Trump as ""doing what any other FBI Director would have done"" during the FBI's investigation into Trump's orbit.",https://www.tiktok.com/@ofthebraveusa/video/7639034783288265997,559,0,19,3.4,17,1,0,1,0
Instagram,2026-04-30,,Breaking News,IG reel,It's been 61 days since Trump launched his war with Iran and Americans are paying more at the pump today than they did any other day over the last four years.,https://www.instagram.com/reel/DXxUIU5FQf-/,558,397,51,9.14,19,3,29,0,3
Instagram,2026-05-12,,News,IG reel,James Comey talks about former DOJ employees' silence on Trump.,https://www.instagram.com/reel/DYPmyIjjp0j/,558,451,9,1.61,8,1,0,0,0
TikTok,2026-06-16,,Breaking News,Video,The White House posted a photo claiming the DC reflecting pool 'wows' in blue after Trump's renovations — but a community note flagged it was actually green at the time. Blue or gr…,https://www.tiktok.com/@ofthebraveusa/video/7652081816462986510,558,0,46,8.24,42,2,0,2,0
TikTok,2026-06-09,,Breaking News,Video,"A new Ipsos poll shows that just 35% of Americans approve of Trump's job, while 63% disapprove. A NY Times aggregator brings his total approval to 38%, and total disapproval to 59%…",https://www.tiktok.com/@ofthebraveusa/video/7649398437154213134,557,0,66,11.85,64,2,0,0,0
Instagram,2026-05-12,,News,IG reel,"James Comey describes his 'original sin' with Trump as ""doing what any other FBI Director would have done"" during the FBI's investigation into Trump's orbit.",https://www.instagram.com/reel/DYPpPCcDpvW/,555,483,11,1.98,10,0,0,1,1
TikTok,2026-05-12,,Breaking News,Video,"New CNN polling just came out, and its brutal for Trump. 7 in 10 Americans disapprove of how he’s managing the economy, and the other numbers aren’t any better.",https://www.tiktok.com/@ofthebraveusa/video/7639020828507507982,554,0,46,8.3,40,3,1,2,0
TikTok,2026-01-21,,Produced Videos,Video,"The President of the United States used his time on the international stage this morning to threaten our allies, talk about annexing foreign territory, and speak casually about usi…",https://www.tiktok.com/@ofthebraveusa/video/7597953517310971150,549,0,25,4.55,18,4,1,2,0
TikTok,2026-06-03,,Breaking News,Video,GOP Senators stripped funding for Trump's ballroom from the reconciliation bill.,https://www.tiktok.com/@ofthebraveusa/video/7647292506773802254,549,0,82,14.94,75,3,1,3,0
TikTok,2026-02-02,,Newsletter,Video,"When I finished my career as a Navy chief, I fully intended to actually be retired. I wanted to play video games, walk my dogs, watch baseball, whatever. But when the US government…",https://www.tiktok.com/@ofthebraveusa/video/7602406705548332318,548,0,27,4.93,25,2,0,0,0
TikTok,2026-07-23,Week 30,Breaking News,Video,"Even Fox News is grappling with its own poll. On Wednesday's ""Special Report,"" Bret Baier and Brit Hume reviewed a new Fox News survey showing just 24% of voters rate the economy a…",https://www.tiktok.com/@ofthebraveusa/video/7665854384651177229,547,0,34,6.22,31,2,1,0,0
TikTok,2026-08-06,Week 32,HOTB Pod,Video,"@Sarah Matthews on the Reflecting Pool: "" I was so angry looking back on all the clips of Judge Jeanine and Doug Burgum saying that this was obviously the result of vandalism."" @Ha…",https://www.tiktok.com/@ofthebraveusa/video/7671047209609186574,547,0,75,13.71,69,3,1,2,0
YouTube,2026-03-12,,Social Ads,Long-Form,"Kirsten's Story: ""As Americans, we don't have time for delays in research."" | Social Ads",https://www.youtube.com/watch?v=y3OJCb_AUK0,547,13033,8,1.46,6,1,1,0,1
Instagram,2026-07-19,Week 29,Bill Kristol & Tom Joscelyn,IG reel,"Tom Joscelyn on the Blanche–Maxwell interview: ""She tries to defend Epstein, she tries to defend herself, and she lies about the victims…And then one week later, she's actually tra…",https://www.instagram.com/reel/Da_LsVMlKe6/,543,456,7,1.29,7,0,0,0,0
TikTok,2026-01-18,,Newsletter,Video,"In 2024, rural voters swung to Donald Trump two-to-one, with 69 percent supporting him. These blowout numbers were a key factor in putting him back in office, and an improvement on…",https://www.tiktok.com/@ofthebraveusa/video/7596879004221639991,543,0,8,1.47,8,0,0,0,0
TikTok,2026-06-24,,Breaking News,Video,America 250 invited Kash Patel's GIRLFRIEND to perform after artists kept dropping out. Her monthly listeners are…not QUITE what you'd expect for a national event. Tells you everyt…,https://www.tiktok.com/@ofthebraveusa/video/7655123823469153550,542,0,52,9.59,45,6,1,0,0
TikTok,2026-08-17,Week 34,Breaking News,Video,"The Supreme Court has again rejected Trump's effort to overturn the E. Jean Carroll verdict. On Monday, the justices denied his request for a rehearing, after already turning down …",https://www.tiktok.com/@ofthebraveusa/video/7675028024491805983,541,0,89,16.45,81,6,1,1,0
Instagram,2026-03-02,,News,IG reel,"JD Vance in 2024: "" Our interest, I think, very much is in not going to war with Iran.  It would be a huge distraction of resources. It would be massively expensive to our country.…",https://www.instagram.com/reel/DVZ15_UE8Bn/,540,425,11,2.04,6,2,1,2,0
TikTok,2026-07-31,Week 31,HOTB Pod,Video,"@Aaron Parnas: ""I think my biggest concern really is the weaponization of DOJ…Confirming Blanche as Attorney General will open the floodgates for the DOJ to go after the president'…",https://www.tiktok.com/@ofthebraveusa/video/7668773956572269837,540,0,60,11.11,51,3,1,5,0
Instagram,2026-07-22,Week 30,Breaking News,IG reel,"Defense Secretary Pete Hegseth testified Tuesday that the war with Iran has cost about $37.5 billion so far, as the Pentagon asks Congress for an additional $67 billion in war fund…",https://www.instagram.com/reel/DbGYn_bFYBA/,538,446,23,4.28,20,1,1,1,0
TikTok,2026-06-17,,Breaking News,Video,DOGE cut $250M to stop the flesh-eating screwworm…now it's back and they're spending $1B 💀 that's 4x more. make it make sense. follow for updates 🪰,https://www.tiktok.com/@ofthebraveusa/video/7652441492308413709,537,0,80,14.9,71,5,1,3,0
YouTube,2026-06-27,,Bill Kristol & Tom Joscelyn,Shorts,Trump Ordered Gabbard to Seize 2020 Ballots w/ Bill Kristol & Tom Joscelyn,https://www.youtube.com/watch?v=LKqVwofJlwY,537,326,42,7.82,42,0,0,0,0
Instagram,2026-05-13,,Breaking News,IG reel,Rep. Garcia accuses Acting AG Todd Banche of breaking the law by failing to release all of the Epstein files to the public.,https://www.instagram.com/reel/DYSw98OlG2Q/,527,439,30,5.69,25,5,0,0,0
TikTok,2026-03-02,,News,Video,"Tulsi Gabbard's endorsement of Trump in 2024: "" I am confident that [Trump's] first task will be to do the work to walk us back from the brink of war. We cannot be prosperous unles…",https://www.tiktok.com/@ofthebraveusa/video/7612842243577105677,524,0,24,4.58,17,4,1,2,0
TikTok,2026-01-30,,Newsletter,Video,"By Joe Leary Dear Friends Outside of Minnesota, To those of you who think this isn’t happening where you live: It probably is. Or it will be soon. I want you to be readier than you…",https://www.tiktok.com/@ofthebraveusa/video/7601293394131930398,520,0,31,5.96,31,0,0,0,0
TikTok,2026-05-05,,News,Video,"Rep. Garcia: ""We should be very clear — No pardon for Ghislaine Maxwell. She should tell the truth under oath. And we're going to continue getting the survivors out in front to tel…",https://www.tiktok.com/@ofthebraveusa/video/7636558015612620045,520,0,49,9.42,47,2,0,0,0
Instagram,2026-06-10,,Podcast Promo,IG image,"JOIN US for a live taping of The Home of the Brave Podcast tomorrow, June 11, at 12p ET on X, Facebook, YouTube, or Substack! 

Sarah Matthews and Michael Fanone will be discussing…",https://www.instagram.com/p/DZaz3DbjdRe/,518,350,9,1.74,9,0,0,0,0
Instagram,2026-07-10,Week 28,Bill Kristol & Tom Joscelyn,IG reel,"Tom Joscelyn: ""This boils down to propaganda the White House and different executive agencies are putting out using white nationalist tropes…They've gotten away with their extremis…",https://www.instagram.com/reel/DaoP1wnAf9b/,518,454,2,0.39,2,0,0,0,1
TikTok,2026-06-17,,Breaking News,Video,"Trump hates windmills so much we're now paying $765 MILLION to shut them down 💀 ""bird graveyards"" that ""drive whales insane"" apparently. follow for updates 💨",https://www.tiktok.com/@ofthebraveusa/video/7652486546142088461,515,0,46,8.93,45,1,0,0,0
Instagram,2026-07-04,Week 27,Produced Videos,IG reel,"Happy 250th Birthday, America.

Are you proud to be an American?",https://www.instagram.com/reel/DaYSaLtgdeS/,514,404,24,4.67,14,0,9,1,0
TikTok,2026-05-07,,HOTB Pod,Video,The Gulf states are changing their stance on the Iran War.,https://www.tiktok.com/@ofthebraveusa/video/7637254661543677198,513,0,29,5.65,25,1,0,3,0
TikTok,2026-05-21,,HOTB Pod,Video,Paying the January 6th rioters tells them they were right to attack the Capitol — an Orwellian reversal of reality.,https://www.tiktok.com/@ofthebraveusa/video/7642386990914194718,513,0,35,6.82,31,0,1,3,0
Instagram,2026-03-20,,Other,IG reel,#usa,https://www.instagram.com/reel/DWHUyWEEe-q/,512,322,16,3.12,12,1,3,0,0
Instagram,2026-03-26,,Produced Videos,IG reel,"Trump claims we're in a ""Golden Age."" Disagree?

Join Former Capitol Police Michael Fanone and millions of Americans this Saturday, March 28, to peacefully protest Trump’s regime a…",https://www.instagram.com/reel/DWXis3Zj-_R/,508,413,49,9.65,41,5,2,1,0
TikTok,2026-05-15,,Sarah Matthews,Video,"New Billboards Out Now From Home Of The Brave: ""Trump Doesn't Care About Your Finances""#trump #trumparch",https://www.tiktok.com/@ofthebraveusa/video/7640158027764485407,508,0,43,8.46,41,1,0,1,0
TikTok,2026-06-03,,Breaking News,Video,"Senate Republicans just signaled that they would not support any legislation that includes Trump's $1.8B ""anti-weaponization"" slush fund.",https://www.tiktok.com/@ofthebraveusa/video/7647257402948979982,508,0,57,11.22,54,3,0,0,0
TikTok,2026-02-04,,News,Video,"Rep. Jason Crow on ICE/CBP expansion: ""They have hired people without background checks. They have hired people without training. They have no standards for the use of force. They …",https://www.tiktok.com/@ofthebraveusa/video/7603178422575123726,507,0,41,8.09,37,3,1,0,0
Instagram,2026-05-01,,News,IG reel,"Sen. Blumenthal: ""Mr. Secretary, I know you have characterized this war as a astonishing military success. To use your words yesterday…I would hate to see what losing looks like, b…",https://www.instagram.com/reel/DX0NiF-jnwf/,506,395,14,2.77,11,1,1,1,0
TikTok,2026-06-12,,Breaking News,Video,"Just 36 hours before the Kennedy Center would have been forced to remove President Trump's name, the board voted to file an appeal of a federal judge's ruling that called the renam…",https://www.tiktok.com/@ofthebraveusa/video/7650601036247338253,506,0,33,6.52,25,6,1,1,0
TikTok,2026-06-13,,Breaking News,Video,It's official: Trump's name came down from the Kennedy Center today after a judge denied a last-ditch appeal on Friday night.,https://www.tiktok.com/@ofthebraveusa/video/7650981330699717902,506,0,55,10.87,54,1,0,0,0
TikTok,2026-07-13,Week 29,Breaking News,Video,"Todd Blanche's confirmation hearing for Attorney General is this week, and we wanted to make sure you know who he is. As Deputy AG, he oversaw the Epstein files release, which expo…",https://www.tiktok.com/@ofthebraveusa/video/7662136039363890446,506,0,15,2.96,14,1,0,0,0
TikTok,2026-05-16,,HOTB Pod,Video,"Tom Joscelyn claims that Antifa has long been used to activate right-wing extremist groups, and fears that framing Antifa as a terrorist organization serves this end.",https://www.tiktok.com/@ofthebraveusa/video/7640659291178896653,505,0,24,4.75,24,0,0,0,0
TikTok,2026-07-08,Week 28,Other,Video,"Vacation, electricity, gas, and groceries — why does all of it cost more this summer? Our new Times Square billboard shows Americans who's behind these soaring expenses. Learn more…",https://www.tiktok.com/@ofthebraveusa/video/7660191916121771277,505,0,43,8.51,41,0,1,1,0
TikTok,2026-08-25,,Breaking News,Video,"As his trade war with Canada escalates, Trump is now floating renaming Lake Ontario to ""Lake America."" In an early-morning Truth Social post, he said the US is giving ""serious cons…",https://www.tiktok.com/@ofthebraveusa/video/7678011362072694047,504,0,61,12.1,52,4,3,2,0
Instagram,2026-05-10,,Sarah Matthews,IG reel,"Trump promised farmers a golden age, but instead, most are dealing with higher costs and increasing financial strain.",https://www.instagram.com/reel/DYLrsDpElkb/,501,418,21,4.19,18,1,2,0,1
TikTok,2026-08-05,Week 32,Breaking News,Video,"The tariff refunds have started, and consumers won't see much of it. After the Supreme Court struck down Trump's tariffs, the government owes about $166 billion back to importers, …",https://www.tiktok.com/@ofthebraveusa/video/7670632283442924814,500,0,66,13.2,55,8,0,3,0
TikTok,2026-08-20,Week 34,Breaking News,Video,"Trump's approval rating has fallen to 33%, the lowest of his entire presidency, per a new Reuters/Ipsos poll, with 64% now disapproving. The driver: the Iran war. A striking 80% of…",https://www.tiktok.com/@ofthebraveusa/video/7676090339790277919,497,0,45,9.05,40,4,0,1,0
TikTok,2026-06-03,,Podcast Promo,Video,"JOIN US tomorrow, June 4, at 10AM ET on X, YouTube, Facebook, or Substack for a live taping of the Home of the Brave Podcast! Our guest is former FBI special agent Michael Feinberg…",https://www.tiktok.com/@ofthebraveusa/video/7647300020089146638,494,0,10,2.02,10,0,0,0,0
TikTok,2026-05-11,,Breaking News,Video,Trump's Transportation Secretary is wildly out of touch.,https://www.tiktok.com/@ofthebraveusa/video/7638800089930026253,493,0,45,9.13,39,4,0,2,0
Instagram,2026-07-04,Week 27,Other,IG image,Record heat. 🔥 Record electricity bills. 🥵  Our Sticker Shock Summer billboards are up across the country reminding people that staying cool and comfortable shouldn't cost a fortun…,https://www.instagram.com/p/DaYjMMsDe56/,489,321,13,2.66,12,1,0,0,0
Instagram,2026-05-21,,HOTB Pod,IG image,"EMERGENCY LIVESTREAM: Join us at 10:30 am ET for a full breakdown from Bill Kristol and Tom Joscelyn on the ""anti-weaponization"" slush fund and blatant corruption happening in plai…",https://www.instagram.com/p/DYmhTIODdvJ/,486,305,1,0.21,1,0,0,0,0
Instagram,2026-08-08,Week 32,Bill Kristol & Tom Joscelyn,IG reel,"Tom Joscelyn: "" These consultant types talk about the price of eggs or inflation. Sure — make all those arguments, absolutely. But who is fighting for the American multiculture?""

…",https://www.instagram.com/reel/DbyM28djHSR/,486,409,5,1.03,3,1,0,1,0
TikTok,2026-07-20,Week 30,Breaking News,Video,"FBI Director Kash Patel dropped a hype video taking credit for World Cup security, calling it ""flawless"" with ""zero major security incidents."" It's the FBI director cutting a promo…",https://www.tiktok.com/@ofthebraveusa/video/7664741101785320718,486,0,33,6.79,27,3,0,3,0
Instagram,2026-01-27,,News,IG reel,"Q: ""Does Homan have more credibility? Can he come in as the fixer?""

Fmr. ICE Asst. Chief Counsel: ""I really doubt that…The only way to really fix this issue now is to fix those st…",https://www.instagram.com/reel/DUCFJHqFbGv/,485,368,8,1.65,6,1,0,1,0
TikTok,2026-07-27,Week 31,Bill Kristol & Tom Joscelyn,Video,"Tom Joscelyn on Pete Hegseth: ""It's very easy to throw bombs from the outside like he did and didn't really have anything to offer,  and then get in power and show that  he's far w…",https://www.tiktok.com/@ofthebraveusa/video/7667246131906170126,483,0,97,20.08,91,1,2,3,0
TikTok,2026-08-12,Week 33,Breaking News,Video,"An independent think tank found Trump's $1.7 billion National Guard deployments to American cities didn't reduce violent crime, because crime was already falling before the troops …",https://www.tiktok.com/@ofthebraveusa/video/7673241408068652302,478,0,65,13.6,61,1,2,1,0
TikTok,2026-07-13,Week 29,Breaking News,Video,Those giant banners of Trump's face on federal buildings in DC? Sen. Adam Schiff says you're paying for them. His office says newly uncovered documents reveal more taxpayer-funded …,https://www.tiktok.com/@ofthebraveusa/video/7662049513271479566,477,0,92,19.29,83,3,3,3,0
TikTok,2026-07-20,Week 30,Produced Videos,Video,"Home of the Brave is proud to honor Bob Hilliard, a 101-year-old World War II veteran who's been fighting for democracy since the Battle of the Bulge in 1944. He's seen firsthand w…",https://www.tiktok.com/@ofthebraveusa/video/7664631515841580301,476,0,94,19.75,87,1,3,3,0
TikTok,2026-05-12,,News,Video,James Comey talks about former DOJ employees' silence on Trump.,https://www.tiktok.com/@ofthebraveusa/video/7639029254943952141,474,0,11,2.32,11,0,0,0,0
TikTok,2026-07-13,Week 29,Bill Kristol & Tom Joscelyn,Video,"@Bill Kristol on ICE shooting Lorenzo Araujo: ""This is a total disgrace and it is emblematic, I think, of the way DHS and ICE have been unleashed under Trump and therefore — to get…",https://www.tiktok.com/@ofthebraveusa/video/7662105068707122446,467,0,49,10.49,45,1,0,3,0
TikTok,2026-08-19,Week 34,Breaking News,Video,"ABC and Disney are suing the FCC, alleging First Amendment violations. The lawsuit targets the FCC's rare move, under Trump ally and chairman Brendan Carr, to order an early review…",https://www.tiktok.com/@ofthebraveusa/video/7675711785768471839,467,0,62,13.28,55,4,2,1,0
TikTok,2026-06-22,,Breaking News,Video,"The DOJ just KILLED a probe into Trump ally Jim Justice's coal companies. 👀 Prosecutors say they were told to ""put their pencils down."" Follow so you don't miss any of our updates.…",https://www.tiktok.com/@ofthebraveusa/video/7654268066666237198,466,0,54,11.59,52,0,0,2,0
Instagram,2026-07-02,Week 27,Produced Videos,IG reel,"From the grill to the gas tank, Independence Day is hitting wallets harder than ever this year. 

That’s why we’re running this video nationwide — so that the American people know …",https://www.instagram.com/reel/DaTis4Fj6qc/,464,398,5,1.08,4,0,1,0,0
TikTok,2026-02-03,,Newsletter,Video,@Sarah Matthews on our new substack post. Read it at the link in bio!,https://www.tiktok.com/@ofthebraveusa/video/7602646120669433119,464,0,38,8.19,33,1,2,2,0
TikTok,2026-05-26,,Breaking News,Video,"Trump's DOJ just removed press releases on the arrests of January 6th rioters, calling them ""partisan propaganda.""",https://www.tiktok.com/@ofthebraveusa/video/7644304375233383693,464,0,68,14.66,54,3,3,8,0
Instagram,2026-04-30,,Sarah Matthews,IG reel,"@SarahAMatthews1 on calls to fire Jimmy Kimmel: "" They're trying to silence opposition, even though we have a right to legally criticize the president. And you can do that without …",https://www.instagram.com/reel/DXxEIDSANSf/,463,391,7,1.51,7,0,0,0,0
TikTok,2026-07-07,Week 28,Breaking News,Video,"The Trump administration is considering a rollback of federal gun rules, including changes that would let firearms be bought entirely online for the first time. The company positio…",https://www.tiktok.com/@ofthebraveusa/video/7659893967609236749,463,0,45,9.72,41,1,2,1,0
TikTok,2026-07-15,Week 29,News,Video,"Todd Blanche Won't Commit to Meeting Epstein Victims Sen. Booker: ""I was stunned earlier by your conversation with one of my colleagues that you wouldn't even commit to meeting wit…",https://www.tiktok.com/@ofthebraveusa/video/7662928141542804749,463,0,66,14.25,55,8,1,2,0
Instagram,2026-05-12,,News,IG reel,James Comey calls on former Trump Attorney General Bill Barr to speak out against the abuses of the Trump administration.,https://www.instagram.com/reel/DYPnoHNlWu8/,461,396,11,2.39,10,1,0,0,0
TikTok,2026-05-13,,Breaking News,Video,Trump's reflecting pool dramas gets even worse after he lied about not knowing the contractor hired to do the job.,https://www.tiktok.com/@ofthebraveusa/video/7639378563308850446,461,0,10,2.17,8,1,1,0,0
TikTok,2026-07-24,Week 30,Breaking News,Video,The Trump administration has admitted in a federal court filing that it canceled clean energy grants to states based on how they voted in 2024. A Department of Energy lawyer conced…,https://www.tiktok.com/@ofthebraveusa/video/7666272006597250317,461,0,82,17.79,68,5,1,8,0
Instagram,2026-06-01,,Newsletter,IG image,"This administration’s blatant corruption, contempt for the rule of law, and wrecking-ball approach to funding essential governmental services is an ongoing, slow-motion tragedy. I …",https://www.instagram.com/p/DZDY-P2DS9S/,460,276,7,1.52,7,0,0,0,0
TikTok,2026-07-30,Week 31,HOTB Pod,Video,"@Aaron Parnas on Todd Blanche's meeting with Epstein survivors: ""These survivors have been through hell and back, they survived horrific crimes. Their family members have survived …",https://www.tiktok.com/@ofthebraveusa/video/7668493886628597005,459,0,65,14.16,61,1,1,2,0
Instagram,2026-07-20,Week 30,Breaking News,IG reel,"Gas is back over $4 a gallon. ⛽

As of today, the national average hit $4.00, per AAA — up roughly 13 cents in a week, and nearly a dollar higher than a year ago ($3.14). Diesel ha…",https://www.instagram.com/reel/DbBUASYkWzi/,458,408,15,3.28,13,1,0,1,0
TikTok,2026-02-24,,Other,Video,Don Jr.’s Net Worth Grew 6x During 2025... Read the full story at the link in bio.,https://www.tiktok.com/@ofthebraveusa/video/7610539523193195789,458,0,10,2.18,7,0,2,1,0
TikTok,2026-07-04,Week 27,Bill Kristol & Tom Joscelyn,Video,"Tom Joscelyn: ""Not too long ago, there was this whole right-wing paranoia about woke cancel culture. Whatever that was, it's dead. There's no woke cancel culture anymore because th…",https://www.tiktok.com/@ofthebraveusa/video/7658726442573827341,457,0,19,4.16,19,0,0,0,0
Instagram,2026-04-10,,Newsletter,IG image,"NEW: I’m a Nobel Prize-winning immigrant. I can no longer recognize this country.

Since the Trump administration re-entered office, we have lived through a fundamental break from …",https://www.instagram.com/p/DW9NVPPjcGB/,455,292,10,2.2,8,0,0,2,0
TikTok,2026-08-18,Week 34,Breaking News,Video,"President Trump berated a CNN reporter in the Oval Office, telling her repeatedly to ""be quiet"" and calling her ""fake news,"" after she asked whether scaling back military exercises…",https://www.tiktok.com/@ofthebraveusa/video/7675518182014111007,455,0,40,8.79,33,6,0,1,0
Instagram,2026-08-08,Week 32,Bill Kristol & Tom Joscelyn,IG reel,"Tom Joscelyn: ""Uprooting people from their communities and executing protesters on the streets — That is all very anti-American. And I think there is a backlash to  this version of…",https://www.instagram.com/reel/Dby6rfRDATH/,454,397,9,1.98,7,0,0,2,1
TikTok,2026-07-09,Week 28,Other,Video,"A friend caught this one in Orlando. 🌴 Our Sticker Shock Summer billboards are up across the country, and the message is simple: your summer costs more this year, and the policies …",https://www.tiktok.com/@ofthebraveusa/video/7660559991711059213,454,0,30,6.61,29,1,0,0,0
TikTok,2026-06-30,Week 27,Breaking News,Video,They PROMISED the new White House ballroom would be 100% donor-funded 🏛️ Now? Reportedly a no-bid contract and taxpayers stuck with half the tab on a $500M+ project. No bidding = n…,https://www.tiktok.com/@ofthebraveusa/video/7657271180113513742,453,0,21,4.64,18,3,0,0,0
TikTok,2026-05-27,,Breaking News,Video,New CNN polling lays bare just how unaffordable Donald Trump's economy has become. 61% of Americans are changing what they buy at the grocery store. 31% are putting off medical tre…,https://www.tiktok.com/@ofthebraveusa/video/7644702676789234957,450,0,38,8.44,33,2,3,0,0
Instagram,2026-08-24,,Breaking News,IG reel,"Trump escalated his trade war with Canada today, threatening steep new tariffs in a Truth Social post. 🚗

""Canada has been ripping off the United States of America for years,"" Trum…",https://www.instagram.com/reel/DccP0acgFk7/,449,368,14,3.12,14,0,0,0,0
Instagram,2026-07-21,Week 30,HOTB Pod,IG reel,"AEI Sr. Fellow  Kori Schake: "" The report also tried to make the case that Cuba is brilliant at fomenting racial discord…It seemed a ridiculous stretch to suggest that Americans wo…",https://www.instagram.com/reel/DbE15nVDWE3/,448,373,9,2.01,7,0,0,2,0
Instagram,2026-04-08,,Other,IG reel,"She helped run the Consumer Financial Protection Bureau. Then Trump gutted it.

Lorelei Salas, former supervision director at the CFPB, shares how Trump's dismantling of the CFPB h…",https://www.instagram.com/reel/DW4GYXfDllv/,447,381,15,3.36,12,0,1,2,2
TikTok,2026-03-27,,News,Video,"Text ""No Kings"" to 59798 to find your nearest #NoKings protest on Saturday, March 28. See you there!",https://www.tiktok.com/@ofthebraveusa/video/7621991685848878350,445,0,18,4.04,15,1,0,2,0
TikTok,2026-04-07,,Newsletter,Video,"In the past 24 hours, Donald Trump’s rhetoric on Iran has crossed a line. This morning, he wrote, “A whole civilization will die tonight, never to be brought back again.” Yesterday…",https://www.tiktok.com/@ofthebraveusa/video/7626127671445015822,443,0,5,1.13,5,0,0,0,0
TikTok,2026-05-26,,Breaking News,Video,"Trump continues his vanity projects as construction begins on a UFC octagon on the White House lawn. Meanwhile, Americans are struggling with soaring grocery bills, high gas prices…",https://www.tiktok.com/@ofthebraveusa/video/7644347046828264718,443,0,32,7.22,27,3,1,1,0
TikTok,2026-06-10,,Breaking News,Video,"Trump says he ""loves the inflation"" and that ""the numbers were great,"" despite the CPI report showing that inflation hit a 3-year high of 4.2%.",https://www.tiktok.com/@ofthebraveusa/video/7649890107482230030,442,0,27,6.11,26,1,0,0,0
TikTok,2026-06-10,,Podcast Promo,Video,"JOIN US for a live taping of The Home of the Brave Podcast tomorrow, June 11, at 12p ET on X, Facebook, YouTube, or Substack! Sarah Matthews and Michael Fanone will be discussing h…",https://www.tiktok.com/@ofthebraveusa/video/7649867408894643470,441,0,7,1.59,7,0,0,0,0
TikTok,2026-06-23,,Breaking News,Video,A 250ft arch that blocks the view of Arlington National Cemetery and his first idea is to crown it with his own fist. You can't make this up.,https://www.tiktok.com/@ofthebraveusa/video/7654675356691074317,441,0,33,7.48,25,3,3,2,0
Instagram,2026-08-01,Week 31,Bill Kristol & Tom Joscelyn,IG reel,"Bill Kristol: ""Authoritarians aren't always brilliant, and they often have a lot of missteps on their way to seizing power.""

Tom Joscelyn: ""Intent plus power goes a long way, even…",https://www.instagram.com/reel/DbgNK0NmhKe/,438,377,8,1.83,8,0,0,0,0
TikTok,2026-08-18,Week 34,Breaking News,Video,"The Trump administration has a new argument for the $400 million White House ballroom. After an appeals court ruled construction illegal without congressional approval, the adminis…",https://www.tiktok.com/@ofthebraveusa/video/7675369365142916382,438,0,47,10.73,40,5,0,2,0
TikTok,2026-02-04,,News,Video,"Rep. Meeks tells Secretary Bessent to ""stop being the president's flunky"" after he refused to answer a question about World Liberty Financial, the Trump family-owned crypto company…",https://www.tiktok.com/@ofthebraveusa/video/7603163029018053902,437,0,53,12.13,51,1,0,1,0
Instagram,2026-06-01,,HOTB Pod,IG reel,"Home of the Brave's own Barbara Comstock says that if the administration wanted to establish a $1.8B ""weaponization"" slush fund, it should have done so through Congress.",https://www.instagram.com/reel/DZD2TINE5ls/,436,398,5,1.15,4,0,0,1,0
YouTube,2026-07-20,Week 30,Breaking News,Shorts,Breaking News: Average Gas Prices Back Over $4 a Gallon as Iran War Reignites,https://www.youtube.com/watch?v=wxnx0nMeSM8,436,276,4,0.92,4,0,0,0,0
TikTok,2026-05-12,,News,Video,Rep. James Walkinshaw commends the handful of Republicans who put Epstein survivors ahead of protecting the Trump administration.,https://www.tiktok.com/@ofthebraveusa/video/7639112793622433037,434,0,32,7.37,30,2,0,0,0
Instagram,2026-05-21,,HOTB Pod,IG reel,Election officials can't be both bumbling incompetents and undetectable evil geniuses.,https://www.instagram.com/reel/DYm7ydniVOu/,432,374,3,0.69,2,0,0,1,0
TikTok,2026-06-14,,Newsletter,Video,"This Week in Epstein News: The Trump administration is still up to its eyeballs in Epstein and trying desperately to deflect, deny, and disparage. Read all about it at the link in …",https://www.tiktok.com/@ofthebraveusa/video/7651276374468087054,432,0,15,3.47,13,2,0,0,0
TikTok,2026-07-29,Week 31,Breaking News,Video,"A new CNN poll released today is grim for President Trump on Iran. The share of Americans who think he has a clear plan has fallen to about a quarter, down from 33% in March, and o…",https://www.tiktok.com/@ofthebraveusa/video/7668043976204668174,429,0,18,4.2,17,1,0,0,0
TikTok,2026-07-12,Week 28,Bill Kristol & Tom Joscelyn,Video,"Tom Joscelyn on Trump's mass deportation plans: ""More than 14,000 times, federal judges have said that the government did something wrong or unlawful in detaining these people…This…",https://www.tiktok.com/@ofthebraveusa/video/7661683518971432206,428,0,37,8.64,33,1,0,3,0
TikTok,2026-07-22,Week 30,Breaking News,Video,"The amount Donald Trump Jr. has profited during the second Trump administration is drawing scrutiny. According to a New York Times report on 1789 Capital, his venture firm, venture…",https://www.tiktok.com/@ofthebraveusa/video/7665421452052630798,426,0,63,14.79,57,0,1,5,0
TikTok,2026-08-19,Week 34,Breaking News,Video,"While Americans face higher prices, the Transportation Secretary spent the day celebrating a Florida airport renamed after President Trump. As of today, Palm Beach International is…",https://www.tiktok.com/@ofthebraveusa/video/7675885420428741918,425,0,44,10.35,31,5,6,2,0
TikTok,2026-08-06,Week 32,Breaking News,Video,"Trump is having weeks of work on the new White House helipad torn out and redone, because he doesn't like how it looks. A nearly 100-foot granite presidential seal was installed Ju…",https://www.tiktok.com/@ofthebraveusa/video/7670965169933241613,423,0,29,6.86,25,4,0,0,0
TikTok,2026-05-17,,Breaking News,Video,"Donald Trump just unveiled a new reason for wanting a massive ballroom: China has one. After returning from his trip overseas with billionaires and officials in tow, Trump posted t…",https://www.tiktok.com/@ofthebraveusa/video/7640860407774694670,422,0,19,4.5,16,2,0,1,0
TikTok,2026-07-21,Week 30,Breaking News,Video,"A black tarp has been placed around the Lincoln Memorial Reflecting Pool to screen it during repairs, and it's struggling to stay up in the wind. The renovation was initially estim…",https://www.tiktok.com/@ofthebraveusa/video/7665131504468544782,422,0,41,9.72,39,0,0,2,0
YouTube,2026-08-19,Week 34,Breaking News,Shorts,Breaking News: ABC Sues the FCC Over First Amendment Violations,https://www.youtube.com/watch?v=EIZJY7SsQnU,422,212,55,13.03,54,1,0,0,0
TikTok,2026-01-23,,Produced Videos,Video,"RFK says Americans should ""eat real food."" Well here's what ""real food"" costs at Walmart thanks to Trump…",https://www.tiktok.com/@ofthebraveusa/video/7598686044451589407,421,0,17,4.04,15,0,2,0,0
TikTok,2026-05-07,,Breaking News,Video,"In February, the Florida state legislature passed a bill renaming Palm Beach International Airport to Donald J. Trump International Airport.",https://www.tiktok.com/@ofthebraveusa/video/7637304095879007501,421,0,11,2.61,9,1,0,1,0
Instagram,2026-06-27,,Bill Kristol & Tom Joscelyn,IG reel,"New episode of It’s Happening Here out NOW! Check it out at the link in our bio!

Tom Joscelyn: ""The pendulum swings back and forth.That's sort the natural order of the political s…",https://www.instagram.com/reel/DaGFs-Kn5Z4/,420,341,3,0.71,3,0,0,0,0
TikTok,2026-02-09,,Newsletter,Video,"NEW: ""It is long past time that we addressed this elephant in the room we call America: When it comes to stopping this administration’s lawlessness, how many more of America’s 750,…",https://www.tiktok.com/@ofthebraveusa/video/7605004147468930318,418,0,6,1.44,6,0,0,0,0
TikTok,2026-03-26,,Other,Video,"Yesterday, nearly 300 newspapers across the country are running our ads, encouraging Americans to peacefully protest at their local #NoKings event on March 28th",https://www.tiktok.com/@ofthebraveusa/video/7621687478944091405,418,0,26,6.22,26,0,0,0,0
TikTok,2026-06-17,,Newsletter,Video,"In 1966, all the U.S. states dealing with screwworm declared an eradication program a success…Then the Trump administration’s DOGE made sweeping cuts to USAID—including a program t…",https://www.tiktok.com/@ofthebraveusa/video/7652365792419269901,418,0,9,2.15,9,0,0,0,0
TikTok,2026-08-25,,Breaking News,Video,"Trump has repeatedly claimed the Kennedy Center would be ""in financial ruin"" without him. Confidential documents obtained by the Washington Post show the opposite. Ticket sales dro…",https://www.tiktok.com/@ofthebraveusa/video/7678061824251727135,415,0,56,13.49,48,5,2,1,0
Instagram,2026-04-02,,Produced Videos,IG reel,To recap last night: Mission ALMOST accomplished?,https://www.instagram.com/reel/DWpTJAJDo3E/,414,278,17,4.11,12,4,0,1,1
Instagram,2026-07-22,Week 30,HOTB Pod,IG reel,"@SarahAMatthews1 and AEI Sr. Fellow Kori Schake discuss the war in Iran: "" I think the president's trapped himself between humiliating concession or dramatic escalation in order to…",https://www.instagram.com/reel/DbHTfhnEv4w/,414,360,9,2.17,9,0,0,0,2
TikTok,2026-08-03,Week 32,Breaking News,Video,"Trump may fire his own US Attorney over the Reflecting Pool. Per CNN, after Jeanine Pirro's office dropped the vandalism case and blamed a botched renovation instead, Trump was ""fu…",https://www.tiktok.com/@ofthebraveusa/video/7669955838756310286,414,0,33,7.97,30,2,0,1,0
TikTok,2026-07-24,Week 30,Breaking News,Video,"The Trump administration is formally pushing to rename New York's Penn Station. In a letter to senators seeking funding for the multibillion-dollar overhaul, Transportation Secreta…",https://www.tiktok.com/@ofthebraveusa/video/7666244922856492302,413,0,19,4.6,16,1,0,2,0
TikTok,2026-08-26,,Breaking News,Video,"Toilet paper and tissue are caught in the US-Canada trade war, from both directions. Canada's new retaliatory tariffs, effective September 8, hit toilet paper, facial tissue, and n…",https://www.tiktok.com/@ofthebraveusa/video/7678378684482358558,413,0,63,15.25,38,8,16,1,0
Instagram,2026-03-02,,News,IG reel,"Pete Hegseth: ""The War Department will not be distracted by democracy-building, interventionism, undefined wars, regime change…and feckless nation-building.""",https://www.instagram.com/reel/DVZtV7NCC28/,412,290,11,2.67,7,1,1,2,0
TikTok,2026-03-31,,Newsletter,Video,"Anyone who has ever left a job is familiar with the exit interview. You sit down with your boss or HR rep, or both, and go over what went wrong and what went right. It’s one last c…",https://www.tiktok.com/@ofthebraveusa/video/7623542939368672525,412,0,1,0.24,1,0,0,0,0
TikTok,2026-08-18,Week 34,Breaking News,Video,"While the country's at war and prices are high, President Trump spends his day focused on the columns on the south side of the White House. He ordered the historic columns stripped…",https://www.tiktok.com/@ofthebraveusa/video/7675549048136387871,411,0,38,9.25,35,2,0,1,0
Instagram,2026-04-03,,Produced Videos,IG reel,"""Four weeks? Two weeks? Six weeks? It could move up. It could move back.""

How long will the Iran war last? Nobody knows!",https://www.instagram.com/reel/DWr375YFKwJ/,410,337,9,2.2,7,0,1,1,2
Instagram,2026-07-21,Week 30,HOTB Pod,IG reel,"AEI Sr. Fellow Kori Schake: ""The Trump administration is strategically incompetent. They don't seem able to identify clear objectives and priorities and resource those objectives a…",https://www.instagram.com/reel/DbEkdz3EoTT/,405,343,7,1.73,7,0,0,0,0
TikTok,2026-06-09,,Produced Videos,Video,"We hit the streets to hear from real people about the prices they're paying at the pump this summer. The receipts are in, and they're brutal: Under Trump's policies, filling your t…",https://www.tiktok.com/@ofthebraveusa/video/7649519090377231629,405,0,19,4.69,19,0,0,0,0
TikTok,2026-08-17,Week 34,Breaking News,Video,"The 60-day deadline for the US and Iran to reach a deal ending the war has expired, with no agreement and the two sides further apart than when they started. Trump signed the memor…",https://www.tiktok.com/@ofthebraveusa/video/7675081346036845854,405,0,52,12.84,43,8,0,1,0
TikTok,2026-05-07,,Sarah Matthews,Video,Trump's Iran war is crushing drivers at the pump.,https://www.tiktok.com/@ofthebraveusa/video/7637192601094868237,403,0,27,6.7,24,1,2,0,0
TikTok,2026-07-11,Week 28,Bill Kristol & Tom Joscelyn,Video,"Tom Joscelyn: ""Trump said he was gonna have the largest deportation scheme in history. You can't do that without rounding up the Lorenzo Araujos of the world…You can't have the lar…",https://www.tiktok.com/@ofthebraveusa/video/7661440119261433102,403,0,25,6.2,23,1,0,1,0
TikTok,2026-01-22,,Newsletter,Video,"In 2024, the extended universe of bro podcasters and influencers swung hard to Donald Trump. They were upset about a lot of things—wokeness, trans issues, perceived “censorship” on…",https://www.tiktok.com/@ofthebraveusa/video/7598324658923932941,402,0,1,0.25,1,0,0,0,0
TikTok,2026-05-14,,Newsletter,Video,"Americans are struggling as prices continue to skyrocket, thanks to the unnecessary war Donald Trump launched in Iran, and the economic cataclysm it set off. Plus Trump’s tariffs, …",https://www.tiktok.com/@ofthebraveusa/video/7639742399547280654,401,0,19,4.74,17,1,0,1,0
TikTok,2026-07-07,Week 28,Breaking News,Video,"Trump is at the NATO summit in Ankara today and instead of talking strategy with allies, he's back on Greenland. He told reporters it ""should be controlled by the United States, no…",https://www.tiktok.com/@ofthebraveusa/video/7659940356787539213,401,0,42,10.47,39,1,0,2,0
TikTok,2026-07-05,Week 27,Other,Video,We've put another $2.5M into our Sticker Shock Summer campaign and brought the message to Times Square: The Trump administration's policies are driving your summer costs WAY UP. He…,https://www.tiktok.com/@ofthebraveusa/video/7659105387798400270,399,0,16,4.01,15,0,0,1,0
Instagram,2026-08-20,Week 34,Other,IG image,"Home of the Brave put up 300 new billboards across 16 states as part of a new $1 Million extension to our Sticker Shock Summer Campaign!

All summer long, Sticker Shock Summer has …",https://www.instagram.com/p/DcRp2qgjdgL/,398,269,10,2.51,10,0,0,0,0
Instagram,2026-08-04,Week 32,Newsletter,IG image,"The Fallout After DOGE Comes for Your Job

""None of this is an accident. I didn’t lose my job as a government contractor, or face everything that came after, because of anything I …",https://www.instagram.com/p/Dbn1lOxDYDv/,397,246,7,1.76,7,0,0,0,0
TikTok,2026-07-02,Week 27,Other,Video,"Temperatures are through the roof, and so is your electricity bill. That's why we put up these Sticker Shock Summer billboards across the country. While you crank the A/C through t…",https://www.tiktok.com/@ofthebraveusa/video/7657968819775819021,397,0,22,5.54,21,0,0,1,0
TikTok,2026-05-28,,Breaking News,Video,Donald Trump is refiling his $10B lawsuit against the Wall Street Journal for reporting on his lewd and weird birthday letter to Jeffrey Epstein.,https://www.tiktok.com/@ofthebraveusa/video/7645100775139446029,396,0,32,8.08,27,3,0,2,0
TikTok,2026-07-06,Week 28,Breaking News,Video,The Trump administration diverted at least $90 million in national park entry fees to D.C. beautification for the America 250 celebration. That money was supposed to fix a $24 bill…,https://www.tiktok.com/@ofthebraveusa/video/7659476743928941838,396,0,40,10.1,33,7,0,0,0
TikTok,2026-06-11,,Produced Videos,Video,"Yesterday, Trump said he ""loves the inflation."" It's not the first time he's shrugged off your wallet — just last month he said he doesn't ""think about Americans' financial situati…",https://www.tiktok.com/@ofthebraveusa/video/7650279256320265485,394,0,40,10.15,34,1,0,5,0
TikTok,2026-07-08,Week 28,Breaking News,Video,"Trump was gifted a diamond-encrusted ring from Belgium's Antwerp diamond industry. It's covered in Trump iconography: two diamond ""T""s, 45 and 47 in a Superman logo, an eagle, ""250…",https://www.tiktok.com/@ofthebraveusa/video/7660272622109838605,394,0,63,15.99,57,4,0,2,0
TikTok,2026-04-03,,Produced Videos,Video,"""Four weeks? Two weeks? Six weeks? It could move up. It could move back."" How long will the Iran war last? Nobody knows!",https://www.tiktok.com/@ofthebraveusa/video/7624656448974245133,393,0,9,2.29,8,0,1,0,0
Instagram,2026-05-01,,News,IG reel,"Sen. Kelly: ""Mr. Secretary, this war is stuck. The Strait of Hormuz is closed. The Iranian regime is in place. The nuclear material, still in their hands. Americans are being crush…",https://www.instagram.com/reel/DX0UZFiD0Fd/,392,292,9,2.3,9,0,0,0,2
Instagram,2026-08-19,Week 34,Breaking News,IG reel,"A three-time Trump voter had a direct message about the war in Iran. 🇺🇸

Asked what he'd tell the president, he said: ""I would tell him enough. Bring our guys and girls home. I don…",https://www.instagram.com/reel/DcPiPzVFaIA/,392,299,14,3.57,10,0,1,3,0
TikTok,2026-08-10,Week 33,Breaking News,Video,"The One Big Beautiful Bill Act is already costing kids their school lunches. Since it took effect, 4.5 million people have lost SNAP benefits, including 1.5 million children (per t…",https://www.tiktok.com/@ofthebraveusa/video/7672561096074464525,392,0,65,16.58,48,8,5,4,0
TikTok,2026-07-22,Week 30,HOTB Pod,Video,"@Sarah Matthews and AEI Sr. Fellow Kori Schake discuss the war in Iran: "" I think the president's trapped himself between humiliating concession or dramatic escalation in order to …",https://www.tiktok.com/@ofthebraveusa/video/7665502993978068238,391,0,35,8.95,32,1,1,1,0
TikTok,2026-05-10,,Breaking News,Video,"BREAKING: Trump Escalates Controversial Boat Strikes The Trump administration is still striking boats in the Caribbean that it accuses of drug trafficking. However, they have yet t…",https://www.tiktok.com/@ofthebraveusa/video/7638262959122271502,386,0,21,5.44,19,1,0,1,0
TikTok,2026-05-10,,Breaking News,Video,"Donald Trump just called Iran's response to the US peace proposal ""totally unacceptable."" Expect higher gas prices until a deal is reached.",https://www.tiktok.com/@ofthebraveusa/video/7638419512974445837,386,0,8,2.07,6,1,0,1,0
YouTube,2026-06-12,,Breaking News,Shorts,Breaking News: How Trump and DOGE Brought a Flesh-Eating Fly Back to America,https://www.youtube.com/watch?v=HKRsr5Z-LPo,386,806,42,10.88,36,3,3,0,1
Instagram,2026-08-09,Week 32,Bill Kristol & Tom Joscelyn,IG reel,"Bill Kristol: "" There's not much empirical evidence that they have more popular positions in the culture war. They've just fought them so much more aggressively.""

Tom Joscelyn: "" …",https://www.instagram.com/reel/Db1LUuECt_o/,385,326,9,2.34,8,0,0,1,0
TikTok,2026-05-12,,News,Video,FCC Commissioner Anna Gomez wrote a letter commending Disney for standing firm against Trump's attempt to censor Jimmy Kimmel.,https://www.tiktok.com/@ofthebraveusa/video/7639088035522497806,385,0,9,2.34,9,0,0,0,0
TikTok,2026-07-08,Week 28,Breaking News,Video,"Trump declared the Iran ceasefire ""over"" at the NATO summit today, and markets moved fast. Oil surged nearly 6%, with U.S. crude back above $74 a barrel, and the Dow dropped more t…",https://www.tiktok.com/@ofthebraveusa/video/7660218877653126414,385,0,27,7.01,24,2,1,0,0
TikTok,2026-06-10,,Newsletter,Video,"It is all too easy to be offended by Trump’s personal taste. Yes, his penchant for gold and glitz and imperial scale offend many on a personal aesthetic level. But we can miss the …",https://www.tiktok.com/@ofthebraveusa/video/7649777925813718286,384,0,20,5.21,20,0,0,0,0
TikTok,2026-07-16,Week 29,News,Video,"Epstein Survivor Testifies Against Blanche's Confirmation Dani Bensky: ""I'm a teacher. In my school, if a student released a nude photo depicting a peer's sexual assault and abuse,…",https://www.tiktok.com/@ofthebraveusa/video/7663280178667212045,381,0,80,21.0,74,3,2,1,0
TikTok,2026-08-13,Week 33,Breaking News,Video,"New labor data came in weaker than economists expected. Jobless claims rose to 209,000 last week, above the 202,000 forecast. Claims are still historically low, but the economy une…",https://www.tiktok.com/@ofthebraveusa/video/7673639960779574541,380,0,47,12.37,37,5,2,3,0
Instagram,2026-03-13,,Other,IG reel,America is built on the people unafraid to stand up and speak out.,https://www.instagram.com/reel/DV1teIDDhYk/,377,295,16,4.24,13,0,2,1,1
TikTok,2026-06-24,,Breaking News,Video,"DOGE's whole job was cutting the deficit…and it's still near record highs. Jobs gone, programs cut, random people firing workers — for basically nothing. Like and follow for more!",https://www.tiktok.com/@ofthebraveusa/video/7655088990210624782,376,0,71,18.88,65,3,1,2,0
TikTok,2026-08-24,,Breaking News,Video,"The main argument for Trump's ballroom just took a serious hit. To keep building, the administration told the Supreme Court the project's underground bunker is a ""non-discretionary…",https://www.tiktok.com/@ofthebraveusa/video/7677690617555684639,376,0,39,10.37,32,3,2,2,0
TikTok,2026-03-09,,News,Video,"Vance (9/28/24): "" If you're worried about the world spinning out of control, if you're worried about a military draft, if you're worried about, God forbid, a world war, the best w…",https://www.tiktok.com/@ofthebraveusa/video/7615393619586960653,375,0,22,5.87,12,6,3,1,0
TikTok,2026-05-22,,Breaking News,Video,New NYT reporting shows Iran and Oman are in talks to charge ships for passage through the Strait of Hormuz—suggesting U.S.-Iran negotiations are nowhere near conclusion despite wh…,https://www.tiktok.com/@ofthebraveusa/video/7642725061194976525,375,0,16,4.27,15,0,0,1,0
TikTok,2026-05-27,,Breaking News,Video,Former AG Pam Bondi is set to appear before the House Oversight committee this Friday to answer for her mishandling of the Epstein Files.,https://www.tiktok.com/@ofthebraveusa/video/7644737488057011470,374,0,37,9.89,35,1,0,1,0
TikTok,2026-06-02,,Newsletter,Video,"Bondi’s prepared remarks began with a full-throated deflection: “As the head of a large Department with broad responsibilities, I did not lead every aspect of this effort or conduc…",https://www.tiktok.com/@ofthebraveusa/video/7646842912285805838,374,0,4,1.07,3,1,0,0,0
TikTok,2026-06-25,,Breaking News,Video,Trump's Iran deal already falling apart 💀 A ship in the Strait of Hormuz reportedly got struck — and keeping that strait open was supposedly the whole point of the deal. We're stay…,https://www.tiktok.com/@ofthebraveusa/video/7655455232503106829,373,0,36,9.65,33,1,1,1,0
TikTok,2026-07-30,Week 31,Breaking News,Video,"The Trump administration is asking Congress for another $10 million to reimburse the National Park Service for its Freedom 250 events, including the May prayer service, the two-wee…",https://www.tiktok.com/@ofthebraveusa/video/7668421142398422286,372,0,37,9.95,30,3,1,3,0
TikTok,2026-05-12,,Sarah Matthews,Video,"Sarah Matthews expresses her gratitude for James Comey's courage in speaking out against the Trump administration, and echoes his calls for former DOJ officials like AG Bill Barr t…",https://www.tiktok.com/@ofthebraveusa/video/7639128746640952590,370,0,26,7.03,24,1,0,1,0
TikTok,2026-06-01,,HOTB Pod,Video,Courts — even Trump-appointed judges — are rejecting unilateral actions from the Trump administration because the actions lack congressional approval.,https://www.tiktok.com/@ofthebraveusa/video/7646600576939183374,370,0,26,7.03,25,1,0,0,0
TikTok,2026-07-01,Week 27,Breaking News,Video,"For most of his career, Trump's money came from real estate. Not last year. His new financial disclosure shows crypto was his single biggest source of income — over $1.4 billion, m…",https://www.tiktok.com/@ofthebraveusa/video/7657732951563701518,370,0,50,13.51,47,3,0,0,0
Instagram,2026-03-27,,News,IG reel,"Text ""No Kings"" to 59798 to find your nearest #NoKings protest on Saturday, March 28. See you there!",https://www.instagram.com/reel/DWZYkbPkRR5/,369,303,11,2.98,10,0,0,1,0
TikTok,2026-08-15,Week 33,Bill Kristol & Tom Joscelyn,Video,"Bill Kristol on conditions aboard USS Lincoln: "" People who are close to the military almost can't believe it, it's such a disgrace…They're kind of rattled by the degree of apparen…",https://www.tiktok.com/@ofthebraveusa/video/7674286309820730654,369,0,54,14.63,43,7,0,4,0
TikTok,2026-08-19,Week 34,Breaking News,Video,"A self-described three-time Trump supporter had a blunt message about the war in Iran: ""Enough. Bring our guys and girls home."" Asked if it bothers him that Trump launched this war…",https://www.tiktok.com/@ofthebraveusa/video/7675912667109903646,368,0,29,7.88,25,3,0,1,0
YouTube,2026-03-23,,Social Ads,Long-Form,Michael Fanone: We the People March Again | Social Ads,https://www.youtube.com/watch?v=nosw7UCvQok,366,3370,84,22.95,33,6,45,0,1
Instagram,2026-05-13,,HOTB Pod,IG image,"Join Home of the Brave's @michaelfanoneofficial and Tom Joscelyn LIVE at 11 am ET TODAY!

They'll be discussing Trump's ""Counterterrorism"" Charade and answering your questions!",https://www.instagram.com/p/DYSAL9JjX7b/,364,220,0,0.0,0,0,0,0,0
TikTok,2026-07-03,Week 27,Bill Kristol & Tom Joscelyn,Video,"Tom Joscelyn: ""They are acting as if this is like the end of the nation…nobody had really even questioned it, and all of a sudden the end times are upon us because the Supreme Cour…",https://www.tiktok.com/@ofthebraveusa/video/7658348557321145614,364,0,31,8.52,30,1,0,0,0
TikTok,2026-05-26,,Breaking News,Video,Trump said over the weekend the US was close to a deal to end his war in Iran — but US strikes on Iranian boats and military installations are pushing the tenuous ceasefire to its …,https://www.tiktok.com/@ofthebraveusa/video/7644231509280443662,363,0,17,4.68,15,1,0,1,0
TikTok,2026-03-09,,News,Video,"Vance (8/14/24): ""When people like Kamala Harris send our sons and daughters, our young people, to fight in stupid wars, it is the young generation that carries the burden of that.…",https://www.tiktok.com/@ofthebraveusa/video/7615408679201901837,362,0,24,6.63,16,0,5,3,0
TikTok,2026-06-18,,Podcast Promo,Video,"JOIN US tomorrow, June 19th at 2pm ET for a live-taping of Home of the Brave podcast! Sarah Matthews and foreign policy expert Bob Kagan will be discussing the ins and outs and pot…",https://www.tiktok.com/@ofthebraveusa/video/7652855364748102926,362,0,6,1.66,6,0,0,0,0
TikTok,2026-06-29,Week 27,Produced Videos,Video,"Thanks to Trump, we’re all paying more for groceries, fireworks, gas, and electricity. Freedom isn’t free, but the 4th of July wasn’t always this expensive. That’s why we’re runnin…",https://www.tiktok.com/@ofthebraveusa/video/7656801668033481998,361,0,18,4.99,15,1,0,2,0
YouTube,2026-07-12,Week 28,Ad,Long-Form,Todd Blanche is a Predator Protector | Ad,https://www.youtube.com/watch?v=OtX-n3iVF_8,360,3124,86,23.89,20,2,64,0,1
YouTube,2026-06-08,,Ad,Long-Form,How the Strait of Hormuz Affects Your Prices | Ad,https://www.youtube.com/watch?v=QsZX-RXnqVU,358,3816,22,6.15,9,2,11,0,3
Instagram,2026-08-12,Week 33,Newsletter,IG image,"Trump’s Manufacturing Policy is All Smoke and Mirrors

""The president had long peddled to voters in manufacturing-heavy states like my own state of Michigan a conventional wisdom: …",https://www.instagram.com/p/Db8ob4sjSEZ/,355,234,6,1.69,5,1,0,0,0
YouTube,2026-03-12,,Social Ads,Long-Form,Markwayne Mullin Says A Lot of Insane Things | Social Ads,https://www.youtube.com/watch?v=PBTof01tMjQ,355,7946,16,4.51,7,4,5,0,0
Instagram,2026-03-04,,Produced Videos,IG reel,"Donald Trump wants housing prices to GO UP!

Home of the Brave is running this ad for three weeks on CTV, targeting people who currently rent in the nine areas that have seen some …",https://www.instagram.com/reel/DVd--QxiTvX/,354,287,2,0.56,1,0,0,1,0
TikTok,2026-05-13,,Breaking News,Video,"The Trump administration was caught lying about the war in Iran, claiming that the U.S. had ""decimated"" Iran's military capabilities despite NY Times reporting that Iran still reta…",https://www.tiktok.com/@ofthebraveusa/video/7639480368520858893,353,0,27,7.65,24,0,0,3,0
TikTok,2026-05-17,,Breaking News,Video,"New financial disclosures show Donald Trump making massive stock trades involving companies like Palantir, Dell, and Microsoft. Critics say Trump seems more focused on playing the …",https://www.tiktok.com/@ofthebraveusa/video/7641022553124867341,350,0,16,4.57,16,0,0,0,0
TikTok,2026-06-24,,Breaking News,Video,NYT says Trump officials huddled in the Situation Room over the EPSTEIN files — not a national security crisis. 45 min later WSJ drops the story they reportedly tried to kill. prio…,https://www.tiktok.com/@ofthebraveusa/video/7655077438476635405,350,0,41,11.71,36,1,1,3,0
TikTok,2026-07-04,Week 27,Other,Video,Record heat. 🔥 Record electricity bills. 🥵 Our Sticker Shock Summer billboards are up across the country reminding people that staying cool and comfortable shouldn't cost a fortune…,https://www.tiktok.com/@ofthebraveusa/video/7658765010717494542,350,0,19,5.43,18,1,0,0,0
YouTube,2026-06-16,,Breaking News,Shorts,Breaking News: Reflecting Pool Drama,https://www.youtube.com/watch?v=NvUHBkZ1zmE,349,437,42,12.03,40,2,0,0,1
TikTok,2026-02-23,,Other,Video,"This article is part one in a series called ‘Profiles in Corruption,’ where we shine a light on the personal financial interests of people close to the president. With the amount o…",https://www.tiktok.com/@ofthebraveusa/video/7610199870326017294,348,0,3,0.86,3,0,0,0,0
TikTok,2026-06-10,,Breaking News,Video,"Inflation reaches 4.2% annually, the third straight month that inflation has increased and the fastest it has risen since April 2023.",https://www.tiktok.com/@ofthebraveusa/video/7649842896081931534,348,0,34,9.77,31,2,1,0,0
TikTok,2026-05-14,,Breaking News,Video,Grocery prices rose faster in April than in any month over the last four years. Trump's war of choice with Iran makes clear that bringing down prices is not his priority.,https://www.tiktok.com/@ofthebraveusa/video/7639812640264506637,346,0,24,6.94,20,1,3,0,0
Instagram,2026-06-30,Week 27,Breaking News,IG reel,"The Supreme Court just said it plainly: if you're born here, you're a citizen. 🇺🇸

In a 6-3 decision today, the Court struck down Trump's executive order attempting to end birthrig…",https://www.instagram.com/reel/DaOu7I4DPl5/,345,275,11,3.19,9,2,0,0,0
TikTok,2026-07-11,Week 28,HOTB Pod,Video,"@briantylercohen on what the average person can do to defend democracy: ""It looks like staying engaged…The biggest obstacle we have to contend with is apathy."" Watch the latest epi…",https://www.tiktok.com/@ofthebraveusa/video/7661402783551114509,345,0,23,6.67,22,0,0,1,0
TikTok,2026-05-12,,Breaking News,Video,America was promised a gold-plated Trump phone. Now it looks like America may never get one.,https://www.tiktok.com/@ofthebraveusa/video/7639062862513769741,344,0,14,4.07,14,0,0,0,0
TikTok,2026-05-26,,Breaking News,Video,HHS Secretary RFK Jr. and Dr. Oz play with snakes amid Ebola and Hantavirus outbreaks. This is what Trump's health team prioritizes — weird stunts over saving lives.,https://www.tiktok.com/@ofthebraveusa/video/7644370389262486798,344,0,33,9.59,26,4,1,2,0
TikTok,2026-06-25,,Breaking News,Video,"They keep calling America 250 an event of ""unity"" 🇺🇸 then the Transportation Secretary reportedly went on stage and used a SLUR to mock the artists who dropped out. Like & follow f…",https://www.tiktok.com/@ofthebraveusa/video/7655386016303435022,343,0,52,15.16,48,2,0,2,0
TikTok,2026-07-04,Week 27,Newsletter,Video,NEW: Hegseth’s ‘DEI’ Purge is a Betrayal of American Service Members The very groups Hegseth has targeted are among this nation’s most dedicated patriots. Many African Americans di…,https://www.tiktok.com/@ofthebraveusa/video/7658656890670353677,342,0,8,2.34,8,0,0,0,0
TikTok,2026-05-16,,Breaking News,Video,"Trump’s latest financial disclosures are raising huge questions. After taking massive stakes in companies like Nvidia, Dell, Meta, Google, Apple, Palantir, and Lockheed Martin, Tru…",https://www.tiktok.com/@ofthebraveusa/video/7640552982576237837,339,0,10,2.95,10,0,0,0,0
YouTube,2026-07-03,Week 27,Bill Kristol & Tom Joscelyn,Long-Form,Why the Right Is Melting Down Over Birthright Citizenship w/ Bill Kristol & Tom Joscelyn,https://www.youtube.com/watch?v=WBAVh7-i0XQ,339,7164,20,5.9,17,2,1,0,4
TikTok,2026-07-10,Week 28,Breaking News,Video,"Trump said this morning he won't sign the bipartisan housing bill ""in PROTEST"" over the Senate not passing his SAVE America Act. It becomes law Saturday anyway, because Congress al…",https://www.tiktok.com/@ofthebraveusa/video/7660909666536410381,338,0,20,5.92,15,2,0,3,0
TikTok,2026-04-14,,Newsletter,Video,"This weekend Donald Trump went on a social media tirade of religious proportions. He shared an AI slop image of himself depicted (literally) as Jesus Christ, applying a healing han…",https://www.tiktok.com/@ofthebraveusa/video/7628738021952654605,336,0,8,2.38,8,0,0,0,0
TikTok,2026-04-02,,Produced Videos,Video,To recap last night: Mission ALMOST accomplished?,https://www.tiktok.com/@ofthebraveusa/video/7624285397148814606,335,0,21,6.27,16,5,0,0,0
TikTok,2026-06-02,,Breaking News,Video,"Trump named Bill Pulte—a housing official with zero intelligence experience—as Director of National Intelligence. His main qualification? Loyalty, after targeting Trump's enemies w…",https://www.tiktok.com/@ofthebraveusa/video/7646951775043407117,334,0,24,7.19,21,3,0,0,0
TikTok,2026-03-13,,Other,Video,America is built on the people unafraid to stand up and speak out.,https://www.tiktok.com/@ofthebraveusa/video/7616851122929782046,332,0,15,4.52,15,0,0,0,0
TikTok,2026-07-03,Week 27,Bill Kristol & Tom Joscelyn,Video,"Tom Joscelyn: ""The whole effort to demonize immigrants and immigration is really one of the more disgusting aspects of our modern age…But also, I think July 4th is a good reason to…",https://www.tiktok.com/@ofthebraveusa/video/7658425135367556366,332,0,40,12.05,35,2,1,2,0
TikTok,2026-06-30,Week 27,Breaking News,Video,"Trump reportedly bought up to $5M in a company called Axon, then Axon reportedly got a $220M ICE contract right after 👀 That's on top of $700M+ in stock trades this quarter — some …",https://www.tiktok.com/@ofthebraveusa/video/7657311759736261901,331,0,49,14.8,43,3,1,2,0
TikTok,2026-08-18,Week 34,Podcast Promo,Video,"What's happening inside ICE right now? Former ICE Chief of Staff Jason Houser will unpack this question with @michaelfanoneofficial tomorrow, 8/19 LIVE on of The Home of the Brave …",https://www.tiktok.com/@ofthebraveusa/video/7675502687605017886,331,0,7,2.11,7,0,0,0,0
TikTok,2026-06-30,Week 27,Breaking News,Video,SCOTUS just UPHELD birthright citizenship 6-3 🇺🇸 Trump's executive order to end it was struck down. HUGE blow to the deportation agenda. But heads up — Trump's already saying he'll…,https://www.tiktok.com/@ofthebraveusa/video/7657350297869634830,330,0,31,9.39,29,1,0,1,0
TikTok,2026-08-17,Week 34,Breaking News,Video,"Asked on Meet the Press if he could pledge the Justice Department would ""always act independently of the White House,"" new AG Todd Blanche, Trump's former personal lawyer, said: ""N…",https://www.tiktok.com/@ofthebraveusa/video/7675131625449082143,330,0,51,15.45,44,5,0,2,0
TikTok,2026-07-10,Week 28,Breaking News,Video,Trump just removed the last three members of the Election Assistance Commission — the only federal agency devoted solely to running elections. That leaves the bipartisan agency wit…,https://www.tiktok.com/@ofthebraveusa/video/7660956932408184077,328,0,23,7.01,20,1,0,2,0
TikTok,2026-07-19,Week 29,Bill Kristol & Tom Joscelyn,Video,"Tom Joscelyn on the Blanche–Maxwell interview: ""She tries to defend Epstein, she tries to defend herself, and she lies about the victims…And then one week later, she's actually tra…",https://www.tiktok.com/@ofthebraveusa/video/7664332587380346125,327,0,49,14.98,41,1,0,7,0
YouTube,2026-07-20,Week 30,Social Ads,Long-Form,This 101-Year-Old WWII Vet Has a Warning for America | Social Ads,https://www.youtube.com/watch?v=3DSRASYQ0Bg,326,6139,25,7.67,17,1,7,0,1
TikTok,2026-06-23,,Bill Kristol & Tom Joscelyn,Video,"The Deputy AG personally questioned a convicted criminal — without the prosecutors who actually know the case, and he hadn't even read it. Purely political. Like and follow for mor…",https://www.tiktok.com/@ofthebraveusa/video/7654596785830153485,324,0,31,9.57,31,0,0,0,0
TikTok,2026-06-09,,Breaking News,Video,Trump got booed HARD at the Knick's game last night.,https://www.tiktok.com/@ofthebraveusa/video/7649437623601204494,322,0,28,8.7,26,1,0,1,0
TikTok,2026-06-08,,Newsletter,Video,"Under the Trump administration, your summer vacation is WAY more expensive! This video ad is running as a part of Home of the Brave's new Sticker Shock Summer campaign to educate t…",https://www.tiktok.com/@ofthebraveusa/video/7649114725191585037,320,0,7,2.19,6,1,0,0,0
TikTok,2026-06-27,,Breaking News,Video,"J.D. Vance said Watergate ""would be a 12-hour news story"" today. His logic reveals how much worse the corruption has gotten today: from pay-for-play pardons to a taxpayer-funded sl…",https://www.tiktok.com/@ofthebraveusa/video/7656074902528625933,319,0,45,14.11,40,4,0,1,0
TikTok,2026-05-16,,Breaking News,Video,BREAKING: The Trump administration’s hantavirus response is being led by a penile implant doctor with a history of spreading COVID conspiracy theories on far-right podcasts. This i…,https://www.tiktok.com/@ofthebraveusa/video/7640589698271907086,316,0,15,4.75,12,1,1,1,0
TikTok,2026-08-15,Week 33,Produced Videos,Video,"The Trump administration is calling this ""America's golden age."" Does this feel golden to you?",https://www.tiktok.com/@ofthebraveusa/video/7674323648215321887,316,0,32,10.13,24,8,0,0,0
YouTube,2026-05-16,,Breaking News,Shorts,BREAKING NEWS: Trump Put a Penile Implant Doctor in Charge of Hantavirus,https://www.youtube.com/watch?v=TIiAMz_PqcU,315,246,50,15.87,45,1,4,0,1
TikTok,2026-06-09,,Newsletter,Video,"""After this ruling, when the administration moved to re-impose tariffs by other means, those too have been challenged in court. But all of this is too little, too late for thousand…",https://www.tiktok.com/@ofthebraveusa/video/7649433707408903437,314,0,1,0.32,1,0,0,0,0
TikTok,2026-05-12,,News,Video,James Comey calls on former Trump Attorney General Bill Barr to speak out against the abuses of the Trump administration.,https://www.tiktok.com/@ofthebraveusa/video/7639031123577818382,311,0,16,5.14,14,1,1,0,0
TikTok,2026-06-29,Week 27,Other,Video,"Prices are up, and so are our newest Sticker Shock Summer billboards. Happy 4th of July! Learn about how the Trump administration is costing you more money this Independence Day at…",https://www.tiktok.com/@ofthebraveusa/video/7656837164503682317,311,0,17,5.47,16,1,0,0,0
TikTok,2026-07-27,Week 31,Breaking News,Video,"President Trump signed an executive order Friday directing signs to be installed outside the Smithsonian's National Museum of American History, warning visitors it presents ""inaccu…",https://www.tiktok.com/@ofthebraveusa/video/7667346690503920910,311,0,28,9.0,27,1,0,0,0
TikTok,2026-05-07,,HOTB Pod,Video,The US declares war ‘success’ and then reverses. @sarahamatthews1,https://www.tiktok.com/@ofthebraveusa/video/7637262778624904461,306,0,7,2.29,6,0,1,0,0
Instagram,2026-02-03,,Other,IG image,Kristi Noem is unfit to serve. It's time to impeach Kristi Noem!,https://www.instagram.com/p/DUTyy3wjiOk/,305,185,17,5.57,16,1,0,0,0
TikTok,2026-05-11,,News,Video,"Rep. Brendan Boyle: ""Never before in American history have we seen a 50% increase in the price of gas in such a short time.""",https://www.tiktok.com/@ofthebraveusa/video/7638680361253522701,304,0,31,10.2,27,1,0,3,0
TikTok,2026-05-26,,Newsletter,Video,"The Trump administration’s “largely negotiated” peace deal with Iran is a cut-and-run solution that, in substance, is far less favorable to the United States than the Obama adminis…",https://www.tiktok.com/@ofthebraveusa/video/7644250194569153805,304,0,1,0.33,1,0,0,0,0
TikTok,2026-07-03,Week 27,Newsletter,Video,"NEW: How Trump’s January 6th Lawyer Tried to Overturn Birthright Citizenship Legal observers had long expected that the order would be overturned by the nation’s highest court, as …",https://www.tiktok.com/@ofthebraveusa/video/7658285850874187022,303,0,4,1.32,3,0,0,1,0
TikTok,2026-08-03,Week 32,Podcast Promo,Video,"This week on The Home of the Brave Podcast, @Harry Sisson sits down with @Sarah Matthews to discuss the Reflecting Pool ""vandalism"" case, Todd Blanche's confirmation, and more! Tun…",https://www.tiktok.com/@ofthebraveusa/video/7669944252075412749,301,0,11,3.65,9,1,1,0,0
TikTok,2026-08-15,Week 33,Bill Kristol & Tom Joscelyn,Video,"Tom Joscelyn: ""There's been a depreciation of American power, and I think it will further depreciate over the next two years. Even if we get through that without a major crisis, th…",https://www.tiktok.com/@ofthebraveusa/video/7674386640357362974,301,0,22,7.31,19,3,0,0,0
TikTok,2026-06-09,,Breaking News,Video,The ongoing war in Iran and the closure of the Strait of Hormuz have depleted America's Strategic Petroleum Reserve to its lowest level since the 1980s. Oil executives and investme…,https://www.tiktok.com/@ofthebraveusa/video/7649494350614908173,299,0,10,3.34,10,0,0,0,0
YouTube,2026-07-25,Week 30,Breaking News,Shorts,Breaking News: Trump Admin Deciding What States Get Money Based on Whether They Voted For Trump,https://www.youtube.com/watch?v=ZxVGBDmTKm8,298,595,57,19.13,55,2,0,0,0
TikTok,2026-05-12,,News,Video,"Rep. James Walkinshaw says that the Trump administration resembles a ""brick wall"" when it comes to the prospect of prosecuting other alleged offenders in the Epstein files.",https://www.tiktok.com/@ofthebraveusa/video/7639115725575146766,297,0,25,8.42,21,1,1,2,0
TikTok,2026-06-24,,Breaking News,Video,"He put his OWN face on a government building while still in office…and we're supposed to call this ""America First""? Like and follow for more updates!",https://www.tiktok.com/@ofthebraveusa/video/7655043054704856334,295,0,47,15.93,41,4,0,2,0
TikTok,2026-08-09,Week 32,Bill Kristol & Tom Joscelyn,Video,"Bill Kristol: "" There's not much empirical evidence that they have more popular positions in the culture war. They've just fought them so much more aggressively."" Tom Joscelyn: "" T…",https://www.tiktok.com/@ofthebraveusa/video/7672113762962361614,295,0,21,7.12,15,5,0,1,0
TikTok,2026-07-02,Week 27,Other,Video,🚨 BREAKING: Sticker Shock Summer is out today with another $2.5M campaign showing Americans how Trump administration policies are driving up prices. Now we’re bringing our message …,https://www.tiktok.com/@ofthebraveusa/video/7657923826969349390,294,0,6,2.04,6,0,0,0,0
TikTok,2026-07-14,Week 29,Breaking News,Video,"The same corporations keep funding Trump's personal projects — the ballroom, the inauguration, Freedom 250, the Kennedy Center. And per a CREW watchdog analysis, nearly all of them…",https://www.tiktok.com/@ofthebraveusa/video/7662545609819245837,293,0,31,10.58,30,1,0,0,0
Instagram,2026-04-30,,HOTB Pod,IG reel,"Tom Joscelyn: ""Watergate now looks like a parking ticket compared to the crimes committed by Donald Trump, including those leading up to and on January 6th.""",https://www.instagram.com/reel/DXxByDsim1v/,292,252,6,2.05,5,0,0,1,0
TikTok,2026-04-30,,HOTB Pod,Video,"Tom Joscelyn: ""They want to quell speech, which is a direct assault on free speech and a direct assault on our constitutional rights. And at the same time, they want to deflect fro…",https://www.tiktok.com/@ofthebraveusa/video/7634606177199901965,292,0,22,7.53,20,0,1,1,0
TikTok,2026-05-28,,Breaking News,Video,"Officials in the Trump administration have been pushing the Treasury Department to design a $250 bill with Trump's face on it. If successful, this would be the first time in 150 ye…",https://www.tiktok.com/@ofthebraveusa/video/7645085304130440462,292,0,11,3.77,10,0,0,1,0
TikTok,2026-06-25,,Breaking News,Video,A federal judge reportedly ordered Trump's name OFF the Kennedy Center… but a giant tarp's been covering the spot for 11 days so nobody can even tell if it's gone 👀 Now the judge w…,https://www.tiktok.com/@ofthebraveusa/video/7655425615901822221,292,0,27,9.25,25,1,0,1,0
TikTok,2026-08-12,Week 33,Breaking News,Video,"ICE plans to spend up to $20 million on electric-shock gloves for its agents. The ""G.L.O.V.E."" looks like a normal patrol glove until an officer flips a switch, then delivers a pai…",https://www.tiktok.com/@ofthebraveusa/video/7673322517326613773,292,0,14,4.79,11,3,0,0,0
TikTok,2026-05-13,,News,Video,Rep. Garcia accuses Acting AG Todd Banche of breaking the law by failing to release all of the Epstein files to the public.,https://www.tiktok.com/@ofthebraveusa/video/7639484597578894606,289,0,25,8.65,24,1,0,0,0
TikTok,2026-07-24,Week 30,News,Video,"Pete Buttigieg Responds to the Pentagon Removing Four Fallen Service Members from the Iran War's Death Toll Pete Buttigieg: ""This denial about the war is especially shocking when y…",https://www.tiktok.com/@ofthebraveusa/video/7666127738280889614,289,0,29,10.03,24,3,0,2,0
TikTok,2026-05-13,,News,Video,"During a May 12 press gaggle, Donald Trump stated that he doesn't think about Americans' financial situations ""even a little bit"" when negotiating an end to the Iran war.",https://www.tiktok.com/@ofthebraveusa/video/7639407024899460365,288,0,23,7.99,20,2,0,1,0
YouTube,2026-04-08,,Social Ads,Long-Form,"She Helped Run the CFPB, Then Trump Gutted It | Social Ads",https://www.youtube.com/watch?v=9_UoL45StdE,288,9822,11,3.82,6,0,5,0,0
TikTok,2026-05-14,,Sarah Matthews,Video,Inflation just hit 3.8% — the highest it's been since 2023. But Trump shrugged off Americans' financial pain when asked whether soaring gas and grocery prices factored into his neg…,https://www.tiktok.com/@ofthebraveusa/video/7639770388284607758,286,0,20,6.99,19,1,0,0,0
TikTok,2026-02-24,,Newsletter,Video,"At tonight’s State of the Union address, Donald Trump will undoubtedly lie, spread conspiracy theories, smear his enemies, say he did things that he didn’t, and say he didn’t do th…",https://www.tiktok.com/@ofthebraveusa/video/7610566627804941581,285,0,2,0.7,2,0,0,0,0
TikTok,2026-07-16,Week 29,News,Video,"Blanche Questioned on the Trump Family Tax Settlement Durbin: ""You don't believe that is a discharge forever from [tax] liability?"" Blanche: ""From past filings, yes it is."" Durbin:…",https://www.tiktok.com/@ofthebraveusa/video/7663264721927228685,285,0,31,10.88,29,1,0,1,0
TikTok,2026-06-11,,KOC,Video,How Trump and DOGE Brought a Flesh-Eating Fly Back to America,https://www.tiktok.com/@ofthebraveusa/video/7650307606380023053,284,0,30,10.56,25,1,1,3,0
YouTube,2026-05-07,,Home of the Brave Podcast,Long-Form,The J6ers: Where Are They Now? | Home of the Brave Podcast,https://www.youtube.com/watch?v=khZxYMqLoIE,284,6297,31,10.92,25,4,2,0,8
TikTok,2026-07-16,Week 29,News,Video,"Blanche Says He'll Resign if Asked to Violate the Constitution Sen. Coons: ""If you're confirmed and you're asked to take an action you believe to be illegal or unethical, would you…",https://www.tiktok.com/@ofthebraveusa/video/7663249046726905102,282,0,20,7.09,16,3,0,1,0
Instagram,2026-08-12,Week 33,Breaking News,IG reel,"ICE is planning to spend up to $20 million on gloves that deliver a painful electric shock. ⚡

According to a Department of Homeland Security notice published Monday, the devices, …",https://www.instagram.com/reel/Db9kBhZDK3C/,281,226,10,3.56,6,3,0,1,0
YouTube,2026-01-17,,Social Ads,Long-Form,Epic ICE Fails! | Social Ads,https://www.youtube.com/watch?v=iG4yhRBSy8c,279,4387,32,11.47,20,1,11,0,2
TikTok,2026-07-30,Week 31,Podcast Promo,Video,"🎙️ LIVE today, Thursday 12pm ET: The Home of the Brave Podcast. @sarahamatthews1 and Aaron Parnas break down Todd Blanche's stalled hearing, the ICE surge into new cities, and the …",https://www.tiktok.com/@ofthebraveusa/video/7668314713402477838,277,0,9,3.25,8,0,1,0,0
TikTok,2026-08-04,Week 32,Breaking News,Video,"Todd Blanche's nomination for Attorney General cleared the Judiciary Committee this morning, 12-10 on party lines. GOP holdouts Cornyn and Tillis caved after Blanche killed the $1.…",https://www.tiktok.com/@ofthebraveusa/video/7670210703025900813,277,0,31,11.19,26,3,1,1,0
TikTok,2026-07-21,Week 30,HOTB Pod,Video,"AEI Sr. Fellow Kori Schake: ""The Trump administration is strategically incompetent. They don't seem able to identify clear objectives and priorities and resource those objectives a…",https://www.tiktok.com/@ofthebraveusa/video/7665108924445510925,274,0,22,8.03,21,0,0,1,0
TikTok,2026-08-14,Week 33,Breaking News,Video,"Months after a federal judge ordered Trump's name removed from the Kennedy Center, his handpicked board just voted to put it back. The new inscription reads ""Restored and Renovated…",https://www.tiktok.com/@ofthebraveusa/video/7673915605895925006,274,0,40,14.6,34,4,0,2,0
TikTok,2026-05-12,,Podcast Promo,Video,"Introducing the Home of the Brave podcast! Every week, Home of the Brave leadership and friends will bring you fresh content breaking down today's news and what it means for Americ…",https://www.tiktok.com/@ofthebraveusa/video/7638997684451413261,273,0,0,0.0,0,0,0,0,0
YouTube,2026-07-21,Week 30,Ad,Long-Form,We Quizzed Americans on Trump's Economy for $100 | Ad,https://www.youtube.com/watch?v=6L0VC8z0-7Y,272,2771,27,9.93,17,0,10,0,0
TikTok,2026-08-13,Week 33,Breaking News,Video,"DHS spent $464 million on a no-bid contract to buy 10 used planes for deportation flights. Months later, most sit idle at a Louisiana airport, and not one has been used for a depor…",https://www.tiktok.com/@ofthebraveusa/video/7673530671238827277,269,0,39,14.5,36,2,0,1,0
TikTok,2026-07-11,Week 28,Bill Kristol & Tom Joscelyn,Video,"Bill Kristol: "" The mass deportation agenda is really at the beating heart of the Trump administration's agenda and the beating heart of the authoritarianism…The authoritarianism o…",https://www.tiktok.com/@ofthebraveusa/video/7661304732530593037,263,0,15,5.7,13,0,0,2,0
TikTok,2026-08-05,Week 32,HOTB Pod,Video,"@Harry Sisson: ""Donald Trump is judge, jury, and executioner in all different branches of our government, unfortunately, and I think Jeanine Pirro is experiencing that…She's gonna …",https://www.tiktok.com/@ofthebraveusa/video/7670713291869605133,262,0,25,9.54,23,0,1,1,0
TikTok,2026-05-13,,Sarah Matthews,Video,Sarah Matthews talks about how advancement in the Republican party demands complete loyalty to Trump and a willingness to promote his lie that he won the 2020 election.,https://www.tiktok.com/@ofthebraveusa/video/7639404968289602829,259,0,16,6.18,15,1,0,0,0
TikTok,2026-07-20,Week 30,Newsletter,Video,"""I opposed the fascists in America and fought them in Europe in World War II. I will continue to fight fascists wherever they are, here or abroad, until I cannot fight any longer.""…",https://www.tiktok.com/@ofthebraveusa/video/7664605579951738126,259,0,9,3.47,9,0,0,0,0
TikTok,2026-07-08,Week 28,Podcast Promo,Video,"🚨This Friday, 7/10 at 3:30pm ET: @briantylercohen joins @Sarah Matthews live on the Home of the Brave Podcast to talk about his new book ""The Day After"" and what it'll take to pull…",https://www.tiktok.com/@ofthebraveusa/video/7660281370970803469,253,0,6,2.37,5,0,1,0,0
TikTok,2026-01-09,,Newsletter,Video,"Unfortunately, I can say I saw the horror of January 6 unfold up close and personal. I was deputy press secretary in Donald Trump’s White House then, and I stood beside the stage a…",https://www.tiktok.com/@ofthebraveusa/video/7593500381599124750,250,0,9,3.6,9,0,0,0,0
TikTok,2026-07-15,Week 29,Breaking News,Video,"Remember Elon Musk's $1 million checks tied to voting in last year's Wisconsin Supreme Court race? A bipartisan state elections panel — three Republicans, three Democrats — just vo…",https://www.tiktok.com/@ofthebraveusa/video/7662908956200733966,250,0,43,17.2,36,3,0,4,0
YouTube,2026-06-26,,Breaking News,Shorts,Breaking News: Fair is a Disaster,https://www.youtube.com/watch?v=bmydCrM1dxg,250,298,16,6.4,16,0,0,0,0
TikTok,2026-07-20,Week 30,Breaking News,Video,"Gas is back over $4 a gallon as of today — up about 13 cents in a week and nearly a dollar more than a year ago (it was $3.14). The Iran war reignited, with the US and Iran trading…",https://www.tiktok.com/@ofthebraveusa/video/7664639563175890189,248,0,10,4.03,8,2,0,0,0
TikTok,2026-07-14,Week 29,Breaking News,Video,"The Lincoln Memorial Reflecting Pool got drained again, and there's no sign of the giant ""gash"" Trump keeps talking about. He says vandals slashed the lining, and the length keeps …",https://www.tiktok.com/@ofthebraveusa/video/7662455173935107342,247,0,17,6.88,14,2,0,1,0
TikTok,2026-07-14,Week 29,Breaking News,Video,"For the first time in U.S. history, a sitting president's signature is going on the nation's currency. Trump's signature is set to appear on new $100 bills. Treasury says it honors…",https://www.tiktok.com/@ofthebraveusa/video/7662398955552034061,246,0,7,2.85,4,2,1,0,0
YouTube,2026-03-04,,Social Ads,Shorts,Donald Trump wants housing prices to GO UP! | Social Ads,https://www.youtube.com/watch?v=WKK-hDSskA0,246,265,3,1.22,3,0,0,0,0
TikTok,2026-04-30,,HOTB Pod,Video,"Tom Joscelyn: ""Watergate now looks like a parking ticket compared to the crimes committed by Donald Trump, including those leading up to and on January 6th.""",https://www.tiktok.com/@ofthebraveusa/video/7634622462185032974,243,0,20,8.23,20,0,0,0,0
TikTok,2026-07-23,Week 30,Breaking News,Video,"Global oil prices crossed $100 a barrel Thursday for the first time since May, driven by the escalating war with Iran and a Houthi attack on Saudi oil tankers in the Red Sea. Brent…",https://www.tiktok.com/@ofthebraveusa/video/7665804188353449229,242,0,7,2.89,7,0,0,0,0
TikTok,2026-07-16,Week 29,Breaking News,Video,"Trump is tearing up the White House South Lawn for a granite helipad — built, like his other projects, with no public announcement and without the reviews critics say are required.…",https://www.tiktok.com/@ofthebraveusa/video/7663183461351509261,241,0,21,8.71,17,1,0,3,0
YouTube,2026-06-29,Week 27,Ad,Long-Form,Your Fourth of July Is More Expensive This Year | Ad,https://www.youtube.com/watch?v=igaoHHm0PgE,241,2987,31,12.86,16,4,11,0,1
TikTok,2026-08-04,Week 32,Breaking News,Video,"Trump Media just launched ""Truth API,"" a paid feed giving Wall Street trading firms the fastest access to Truth Social posts, delivering them in milliseconds. The price ranges from…",https://www.tiktok.com/@ofthebraveusa/video/7670353934040534286,239,0,22,9.21,18,3,1,0,0
TikTok,2026-01-06,,News,Video,"Rep. Duncan: ""I'm often asked why I stood up against the sitting president and took on an entire political party. It's in that moment that I'm reminded of my family motto — doing t…",https://www.tiktok.com/@ofthebraveusa/video/7592340880774728973,238,0,14,5.88,13,1,0,0,0
TikTok,2026-07-15,Week 29,Breaking News,Video,"Trump reposted an AI-edited image to Truth Social showing him showing world leaders — Macron, Meloni, Starmer — a map with the US flag draped over Canada, Greenland, and Venezuela.…",https://www.tiktok.com/@ofthebraveusa/video/7662745007639612686,237,0,9,3.8,7,2,0,0,0
TikTok,2026-05-15,,HOTB Pod,Video,Tom Joscelyn claims that the Trump administration carries out more political violence than any left-wing or right-wing group through it's mass deportation agenda.,https://www.tiktok.com/@ofthebraveusa/video/7640249504398167310,235,0,4,1.7,3,1,0,0,0
TikTok,2026-07-09,Week 28,Breaking News,Video,"As of today, Palm Beach International Airport — minutes from Mar-a-Lago — is officially President Donald J. Trump International Airport. DeSantis signed the renaming into law in Ma…",https://www.tiktok.com/@ofthebraveusa/video/7660686267868531982,235,0,8,3.4,6,1,0,1,0
TikTok,2026-07-18,Week 29,Bill Kristol & Tom Joscelyn,Video,"Tom Joscelyn: ""DHS is claiming that he tried to use his vehicle to ram officers…We've seen it disproven numerous times now. You're gonna really have to show me the evidence of that…",https://www.tiktok.com/@ofthebraveusa/video/7663905038934215949,235,0,39,16.6,35,1,1,2,0
TikTok,2026-05-01,,Sarah Matthews,Video,"@SarahAMatthews1 on calls to fire Jimmy Kimmel: "" They're trying to silence opposition, even though we have a right to legally criticize the president. And you can do that without …",https://www.tiktok.com/@ofthebraveusa/video/7634909688257187086,234,0,9,3.85,8,1,0,0,0
TikTok,2026-07-15,Week 29,News,Video,"Kennedy: ""Are you and President Trump friends?"" Blanche: ""I'm his lawyer, was his lawyer, and now I'm the deputy attorney general. I met him as his criminal defense attorney. I'm n…",https://www.tiktok.com/@ofthebraveusa/video/7662897192499285261,234,0,14,5.98,12,1,0,1,0
TikTok,2026-07-24,Week 30,Breaking News,Video,"The Pentagon has lowered its official Iran war death toll from 18 to 14, removing four service members killed over the weekend. Military officials told the New York Times the four …",https://www.tiktok.com/@ofthebraveusa/video/7666207784861437198,234,0,30,12.82,28,1,1,0,0
TikTok,2026-08-16,Week 33,Newsletter,Video,"""I saw the announcement that the Trump administration was taking over the Kennedy Center. And that there was an intention to install the president as chairman. I immediately called…",https://www.tiktok.com/@ofthebraveusa/video/7674634400537054495,234,0,10,4.27,10,0,0,0,0
TikTok,2026-07-30,Week 31,Breaking News,Video,"The Senate Judiciary Committee postponed its vote on Todd Blanche's attorney general nomination after two Republicans, Cornyn and Tillis, held out. They want DOJ to put in writing …",https://www.tiktok.com/@ofthebraveusa/video/7668370852899048717,233,0,27,11.59,24,3,0,0,0
YouTube,2026-07-14,Week 29,Home of the Brave Podcast,Long-Form,Todd Blanche Wants to Break the DOJ | Home of the Brave Podcast,https://www.youtube.com/watch?v=XfcgBKkAiFU,232,4336,19,8.19,15,3,1,0,5
TikTok,2026-05-13,,Breaking News,Video,"Kash Patel assembled a ""payback squad"" of FBI agents to go after more of Trump's perceived political enemies.",https://www.tiktok.com/@ofthebraveusa/video/7639522718559472910,231,0,6,2.6,6,0,0,0,0
TikTok,2026-08-10,Week 33,Breaking News,Video,"After weeks of insisting he had proof, Trump just admitted there's ""no video or proof"" that anyone vandalized the Reflecting Pool. Days ago he claimed the government had ""tapes"" of…",https://www.tiktok.com/@ofthebraveusa/video/7672584323656060173,230,0,22,9.57,20,2,0,0,0
TikTok,2026-08-08,Week 32,Bill Kristol & Tom Joscelyn,Video,"Tom Joscelyn: "" These consultant types talk about the price of eggs or inflation. Sure — make all those arguments, absolutely. But who is fighting for the American multiculture?"" W…",https://www.tiktok.com/@ofthebraveusa/video/7671685068330388750,228,0,4,1.75,4,0,0,0,0
TikTok,2026-07-20,Week 30,Produced Videos,Video,"He fought fascism at the Battle of the Bulge. Eighty years later, at 101, he's still defending democracy. This is Bob Hilliard's story.",https://www.tiktok.com/@ofthebraveusa/video/7664772078637190413,227,0,34,14.98,29,0,0,5,0
TikTok,2026-07-24,Week 30,Breaking News,Video,"The House has passed the Stop Insider Trading Act in a 232-198 vote, banning members of Congress from buying individual stocks. But the bill exempts the president and vice presiden…",https://www.tiktok.com/@ofthebraveusa/video/7666142064819604749,227,0,27,11.89,24,1,0,2,0
TikTok,2026-07-16,Week 29,Breaking News,Video,"A CNN investigation found President Trump promoted 20+ companies on Truth Social within days of buying their stock, sometimes while announcing government actions that could benefit…",https://www.tiktok.com/@ofthebraveusa/video/7663138985807531278,226,0,21,9.29,16,4,0,1,0
TikTok,2026-08-01,Week 31,Bill Kristol & Tom Joscelyn,Video,"Bill Kristol: "" Authoritarians aren't always brilliant, and they often have a lot of missteps on their way to seizing power."" Tom Joscelyn: "" Intent plus power goes a long way, eve…",https://www.tiktok.com/@ofthebraveusa/video/7669091510519909645,225,0,14,6.22,13,0,0,1,0
TikTok,2026-07-24,Week 30,Breaking News,Video,"The Trump administration has imposed new tariffs of 10% to 12.5% on imports from 60 trading partners, covering roughly 99% of all U.S. imports. The move replaces a near-blanket 10%…",https://www.tiktok.com/@ofthebraveusa/video/7666119730066984206,224,0,17,7.59,15,1,0,1,0
TikTok,2026-07-11,Week 28,HOTB Pod,Video,"@briantylercohen on what the average person can do to defend democracy: ""It looks like staying engaged…The biggest obstacle we have to contend with is apathy."" Watch the latest epi…",https://www.tiktok.com/@ofthebraveusa/video/7661401838322814221,221,0,11,4.98,9,0,1,1,0
YouTube,2026-05-06,,Social Ads,Long-Form,Vietnam Vet Shreds the 'Arc de Trump' | Social Ads,https://www.youtube.com/watch?v=UykTfLPw30s,217,3532,29,13.36,15,6,8,0,1
TikTok,2026-07-16,Week 29,Breaking News,Video,"Asked if restarting the Iran war would raise inflation, Trump talked about… defense companies. ""The defense companies are doing great… it's all jobs."" He skipped over inflation, wh…",https://www.tiktok.com/@ofthebraveusa/video/7663272251558595853,212,0,10,4.72,10,0,0,0,0
TikTok,2026-08-06,Week 32,Breaking News,Video,"Trump and Defense Secretary Pete Hegseth reportedly clashed at Camp David last week over the Iran war. Per the Washington Post, Trump demanded to know why he'd apparently been misl…",https://www.tiktok.com/@ofthebraveusa/video/7671014997413121294,212,0,18,8.49,16,2,0,0,0
TikTok,2026-07-29,Week 31,Breaking News,Video,"The EPA moved Monday to exempt ""islanded"" power plants, ones that serve only data centers and don't connect to the public grid, from the Clean Air Act's Acid Rain Program. That pro…",https://www.tiktok.com/@ofthebraveusa/video/7668127273588935949,211,0,16,7.58,15,1,0,0,0
TikTok,2026-08-06,Week 32,Breaking News,Video,"A judge has officially dismissed the felony case against former Olympic canoeist David Hearn, the man the Trump administration charged over the Lincoln Memorial Reflecting Pool. He…",https://www.tiktok.com/@ofthebraveusa/video/7671065244256455949,211,0,20,9.48,19,1,0,0,0
TikTok,2026-04-08,,Other,Video,"Trump started a war with Iran, destroyed the economy, raised gas prices, and cost American lives. After the ""deal,"" we're now left worse off than before the war started. Do you hav…",https://www.tiktok.com/@ofthebraveusa/video/7626422882284899598,210,0,0,0.0,0,0,0,0,0
TikTok,2026-08-03,Week 32,Other,Video,War budget? ⬆️ Your budget? ⬇️ We put up this billboard in 16 states to educate Americans about this administration’s priorities. Learn more about how the Trump administration’s po…,https://www.tiktok.com/@ofthebraveusa/video/7669882227014028557,209,0,18,8.61,16,2,0,0,0
TikTok,2026-02-05,,News,Video,"Gallego: ""You are fully aware that the president is suing [IRS] for $10 billion…What would that be cut from?"" Bessent: ""The Treasury general account."" Gallego: ""So, taxpayers…If th…",https://www.tiktok.com/@ofthebraveusa/video/7603545691721370893,207,0,11,5.31,9,1,0,1,0
TikTok,2026-07-19,Week 29,Newsletter,Video,"Why the Great American State Fair Failed ""What struck me about the Great American State Fair was its hollowness. Its exhibits, architecture, and symbolism: All were pompous, empty …",https://www.tiktok.com/@ofthebraveusa/video/7664241251994045709,203,0,3,1.48,2,1,0,0,0
YouTube,2026-05-18,,KOC,Long-Form,EXPOSED: Don Jr.'s $620 MILLION Pentagon Scam Will Make You Sick | KOC,https://www.youtube.com/watch?v=sdr44FecRNQ,203,2119,34,16.75,18,3,13,0,3
YouTube,2026-05-01,,Social Ads,Long-Form,"Trump Doesn't Understand What ""86"" Means | Social Ads",https://www.youtube.com/watch?v=yg6qumZBDKc,201,7790,16,7.96,9,2,5,0,2
TikTok,2026-03-10,,News,Video,"JD Vance (2024): "" All of the really terrible world conflicts, they almost always come from incompetent leadership...You can't just think about the immediate consequence. You've go…",https://www.tiktok.com/@ofthebraveusa/video/7615769371306364174,199,0,14,7.04,13,0,1,0,0
TikTok,2026-07-21,Week 30,HOTB Pod,Video,"AEI Sr. Fellow  Kori Schake: "" The report also tried to make the case that Cuba is brilliant at fomenting racial discord…It seemed a ridiculous stretch to suggest that Americans wo…",https://www.tiktok.com/@ofthebraveusa/video/7665148268279516430,199,0,7,3.52,5,0,1,1,0
YouTube,2026-03-04,,Ad,Long-Form,Donald Trump wants housing prices to GO UP! | Ad,https://www.youtube.com/watch?v=6HiMbVuzMcI,199,1521,25,12.56,9,5,11,0,1
TikTok,2026-05-13,,Breaking News,Video,The National Parks service asked the FAA to investigate whether Trump's arch posed a risk to flights in and out of DCA.,https://www.tiktok.com/@ofthebraveusa/video/7639430046347775246,191,0,3,1.57,3,0,0,0,0
TikTok,2026-07-14,Week 29,Breaking News,Video,Trump has finally paid E. Jean Carroll the $5.6 million he owed her — three years after a jury found him liable for sexually abusing and defaming her. The money sat in a court-cont…,https://www.tiktok.com/@ofthebraveusa/video/7662580384881757454,190,0,7,3.68,7,0,0,0,0
TikTok,2026-08-22,Week 34,Newsletter,Video,"""His self-interested pursuit of a personal agenda, behavior inconsistent with military values, lack of strategic experience and expertise, passive hostility, blaming and excuse-mak…",https://www.tiktok.com/@ofthebraveusa/video/7676865091102444831,188,0,9,4.79,5,2,0,2,0
TikTok,2026-08-20,Week 34,Other,Video,"Home of the Brave put up 300 new billboards across 16 states as part of a new $1 Million extension to our Sticker Shock Summer Campaign! All summer long, Sticker Shock Summer has b…",https://www.tiktok.com/@ofthebraveusa/video/7676218021379181855,187,0,7,3.74,7,0,0,0,0
TikTok,2026-06-10,,Breaking News,Video,"Grocery prices continued to this rise month as a result of the war in Iran. Beef rose 12.1%, hot dogs rose 7.7%, and the price of lettuce, tomatoes, and other fixings also increase…",https://www.tiktok.com/@ofthebraveusa/video/7649780000920505613,185,0,9,4.86,9,0,0,0,0
TikTok,2026-07-04,Week 27,Produced Videos,Video,"Happy 250th Birthday, America. Are you proud to be an American?",https://www.tiktok.com/@ofthebraveusa/video/7658727221326138637,185,0,11,5.95,9,1,0,1,0
TikTok,2026-08-03,Week 32,Produced Videos,Video,Have you been affected by sticker shock this summer? Don’t suffer from high prices in silence. Call 1-866-2PRICEY. Learn more about our newest nationwide Sticker Shock Summer ad at…,https://www.tiktok.com/@ofthebraveusa/video/7669795825572171021,185,0,4,2.16,1,0,1,2,0
TikTok,2026-07-28,Week 31,Breaking News,Video,"According to the Washington Post, Canadian travel to the U.S. fell about 25% in 2025 compared to 2024, the longest sustained decline outside the pandemic era since records began in…",https://www.tiktok.com/@ofthebraveusa/video/7667627427618671886,184,0,15,8.15,12,2,1,0,0
TikTok,2026-08-12,Week 33,Breaking News,Video,"Trump's White House renovations are costing far more than first claimed. New estimates put the full slate, the ballroom, the helipad, a new security facility, fountains, and the re…",https://www.tiktok.com/@ofthebraveusa/video/7673143988165086477,183,0,13,7.1,11,2,0,0,0
TikTok,2026-01-20,,Produced Videos,Video,A moment of silence for all that we lost this year… - Presidential ethics - Checks and balances - Freedom of the press - Due process rights - American global leadership - A compete…,https://www.tiktok.com/@ofthebraveusa/video/7597613566123937037,182,0,22,12.09,15,0,5,2,0
YouTube,2026-06-16,,KOC,Long-Form,Trump and DOGE Left America EXPOSED to a Flesh-Eating Fly! | KOC,https://www.youtube.com/watch?v=VQIIbjGBqmk,180,3517,22,12.22,16,4,2,0,1
Instagram,2026-08-26,,Newsletter,IG image,"Why I’m Suing to Block Trump’s Arch

""If allowed to go forward, this would be a singular dishonor to our service members, and a further disfigurement of the landscape to serve one …",https://www.instagram.com/p/DcghUR9DSUj/,178,104,4,2.25,4,0,0,0,0
TikTok,2026-08-14,Week 33,Breaking News,Video,"The Trump administration is asking the Supreme Court to let it keep building the $600 million White House ballroom, after an appeals court ruled it illegal without congressional ap…",https://www.tiktok.com/@ofthebraveusa/video/7673956422874402061,178,0,14,7.87,13,0,0,1,0
TikTok,2026-07-15,Week 29,Breaking News,Video,"ICE paused most traffic stops Tuesday after two men were shot and killed by federal officers during stops in a single week — one in Houston, one in Maine. Per CNN, neither was the …",https://www.tiktok.com/@ofthebraveusa/video/7662878216507428110,174,0,11,6.32,9,1,0,1,0
TikTok,2026-07-21,Week 30,Breaking News,Video,"The Trump administration sought the phone records of New York Times journalists and some of their relatives, including one reporter's mother and two reporters' spouses per a court …",https://www.tiktok.com/@ofthebraveusa/video/7665001622459682061,173,0,24,13.87,23,1,0,0,0
TikTok,2026-02-12,,News,Video,"Secretary of Commerce Howard Lutnick said in 2025 that he was ""never in the room"" with Jeffrey Epstein. His emails, released by the Department of Justice, tell a different story. R…",https://www.tiktok.com/@ofthebraveusa/video/7606117509321788686,171,0,11,6.43,10,0,1,0,0
TikTok,2026-04-04,,Newsletter,Video,"NEW: Part one of our Series 'The Epstein Administration,' where we shine a light on the administration's cover-up of the Epstein files. ""Watergate has finally met its match with th…",https://www.tiktok.com/@ofthebraveusa/video/7624934581296221453,169,0,10,5.92,9,0,0,1,0
YouTube,2026-07-20,Week 30,Social Ads,Long-Form,This WWII vet fought fascism. He's more alarmed than ever. | Social Ads,https://www.youtube.com/watch?v=0lOSCFbCrVU,169,2391,33,19.53,18,0,15,0,1
TikTok,2026-07-30,Week 31,Newsletter,Video,"""I served as a chaplain for 30 years, overlapping the service of 12 Secretaries of Defense. Almost without exception, I saw each of them as unifying figures who provided a strategi…",https://www.tiktok.com/@ofthebraveusa/video/7668338077667970317,167,0,10,5.99,7,2,0,1,0
TikTok,2026-07-21,Week 30,Breaking News,Video,"The Trump administration has announced 50% tariffs on certain Canadian goods, taking effect in about 30 days and covering an estimated $20 billion in imports. Tariffs are paid by t…",https://www.tiktok.com/@ofthebraveusa/video/7665101990988401934,165,0,7,4.24,5,2,0,0,0
X,2026-02-24,,Other,X analytics export,https://t.co/GsjV2R9OXu,https://x.com/OfTheBraveUSA/status/2026397145847247156,164,0,10,6.1,3,1,0,0,0
TikTok,2026-08-19,Week 34,Podcast Promo,Video,"Our conversation between former ICE Chief of Staff Jason Houser and Michael Fanone has been rescheduled to tomorrow, 8/20, at 12P ET, LIVE on The Home of the Brave Podcast. This on…",https://www.tiktok.com/@ofthebraveusa/video/7675793147724631326,163,0,5,3.07,3,2,0,0,0
YouTube,2026-06-11,,Home of the Brave Podcast,Long-Form,Why EVERYTHING Costs More This Summer | Home of the Brave Podcast,https://www.youtube.com/watch?v=LThXR8G1IwQ,163,3430,13,7.98,12,1,0,0,2
YouTube,2026-08-02,Week 31,Bill Kristol & Tom Joscelyn,Shorts,Where is the Political Violence Really Coming From? w/ Bill Kristol & Tom Joscelyn,https://www.youtube.com/watch?v=sXORBLvL_tg,163,491,17,10.43,15,2,0,0,0
TikTok,2026-05-12,,Breaking News,Video,"Trump is now floating Venezuela as America’s 51st state. Yes, Venezuela.",https://www.tiktok.com/@ofthebraveusa/video/7639036299583835406,161,0,2,1.24,2,0,0,0,0
TikTok,2026-06-01,,Newsletter,Video,"This administration’s blatant corruption, contempt for the rule of law, and wrecking-ball approach to funding essential governmental services is an ongoing, slow-motion tragedy. I …",https://www.tiktok.com/@ofthebraveusa/video/7646492198749474061,156,0,2,1.28,2,0,0,0,0
TikTok,2026-07-16,Week 29,Breaking News,Video,"Trump keeps blaming vandals for the peeling Reflecting Pool lining, but a Washington Post analysis out today says otherwise. Reporters and experts found the lining peeled in at lea…",https://www.tiktok.com/@ofthebraveusa/video/7663222124408048909,156,0,24,15.38,22,2,0,0,0
TikTok,2026-07-30,Week 31,Breaking News,Video,"Three high-quality polls this week put Trump's approval near his term low: CNN 34% (matching his post-January 6 low), AP-NORC 33%, and Quinnipiac 32%, a new low for that pollster. …",https://www.tiktok.com/@ofthebraveusa/video/7668322852671671565,155,0,4,2.58,4,0,0,0,0
TikTok,2026-08-05,Week 32,Breaking News,Video,"New polling shows Trump's approval around 36%, and the issue numbers are worse. He's underwater on taxes, the economy, and inflation, with economic approval at a new low. And it's …",https://www.tiktok.com/@ofthebraveusa/video/7670516580136062221,151,0,9,5.96,8,1,0,0,0
TikTok,2026-08-13,Week 33,Newsletter,Video,"""America does not need a military molded in the image of any one Secretary of Defense. It needs a military that reflects the nation it serves and rewards excellence wherever it is …",https://www.tiktok.com/@ofthebraveusa/video/7673511203771108621,149,0,4,2.68,4,0,0,0,0
TikTok,2026-03-21,,Testimonials,Video,"Because the U.S. grows less than 1% of the world’s coffee, Gabe relies on imports. With a 50% tariff on beans from Brazil, his costs jumped from $4 to $6 a pound—a massive hike for…",https://www.tiktok.com/@ofthebraveusa/video/7619708344290315533,148,0,3,2.03,3,0,0,0,0
TikTok,2026-08-04,Week 32,Breaking News,Video,"The U.S. and Iran can't even agree on whether they're talking. Trump says negotiations to end the war and reopen the Strait of Hormuz are happening right now, and could reopen the …",https://www.tiktok.com/@ofthebraveusa/video/7670281597706341645,147,0,12,8.16,8,3,0,1,0
TikTok,2026-08-26,,Newsletter,Video,"""If allowed to go forward, this would be a singular dishonor to our service members, and a further disfigurement of the landscape to serve one man’s fragile ego. That’s why I’m sui…",https://www.tiktok.com/@ofthebraveusa/video/7678360529290759455,147,0,4,2.72,4,0,0,0,0
YouTube,2026-01-13,,Social Ads,Long-Form,"Trump's Venezuela Policy: ""We Take the Oil"" | Social Ads",https://www.youtube.com/watch?v=y9M3BwFopKw,146,4136,10,6.85,7,0,3,0,4
X,2026-02-24,,Other,X analytics export,https://t.co/TnL1ycohzn,https://x.com/OfTheBraveUSA/status/2026397148107932064,144,0,10,6.94,4,1,0,0,0
YouTube,2026-06-05,,Breaking News,Shorts,Breaking News: Why Is Trump Painting the Reflecting Pool Blue?,https://www.youtube.com/watch?v=d4JfaRLFI6Q,144,409,3,2.08,2,0,1,0,0
TikTok,2026-07-21,Week 30,Breaking News,Video,"Trump spent 2024 promising to cut electricity prices in half, ""within 12 months, at a maximum 18 months."" That deadline passed July 20. Instead, rates are up about 18% since his in…",https://www.tiktok.com/@ofthebraveusa/video/7665054309595286797,143,0,7,4.9,6,1,0,0,0
TikTok,2026-05-13,,HOTB Pod,Video,"Join Home of the Brave's Mike Fanone and Tom Joscelyn LIVE at 11 am ET TODAY! They'll be discussing Trump's ""Counterterrorism"" Charade and answering your questions!",https://www.tiktok.com/@ofthebraveusa/video/7639374670768213261,139,0,1,0.72,1,0,0,0,0
YouTube,2026-05-01,,Social Ads,Long-Form,"“Tacky, Ridiculous, Absurd”‚ÄîAmericans Sound Off About Trump’s Renovations | Social Ads",https://www.youtube.com/watch?v=xc5CKwh7mCs,139,3113,11,7.91,5,5,1,0,0
TikTok,2026-07-29,Week 31,Breaking News,Video,,https://www.tiktok.com/@ofthebraveusa/video/7667939577197251854,137,0,1,0.73,1,0,0,0,0
TikTok,2026-06-01,,HOTB Pod,Video,"Home of the Brave's own Barbara Comstock says that if the administration wanted to establish a $1.8B ""weaponization"" slush fund, it should have done so through Congress.",https://www.tiktok.com/@ofthebraveusa/video/7646558110785588494,135,0,5,3.7,5,0,0,0,0
TikTok,2026-07-02,Week 27,Produced Videos,Video,"From the grill to the gas tank, Independence Day is hitting wallets harder than ever this year. That’s why we’re running this video nationwide — so that the American people know wh…",https://www.tiktok.com/@ofthebraveusa/video/7658043347633835277,135,0,8,5.93,6,2,0,0,0
TikTok,2026-05-05,,Newsletter,Video,"Join us on Thursday, May 7 at 9:30 am ET for a jam-packed livestream featuring Sarah Matthews and Bill Kristol! They're covering the on again/off again war in Iran and economic fal…",https://www.tiktok.com/@ofthebraveusa/video/7636534918389959949,133,0,1,0.75,1,0,0,0,0
TikTok,2026-08-05,Week 32,HOTB Pod,Video,"@Harry Sisson: ""What gives me hope is the people who are doing the work silently around the country…I think of the public servants who — despite everything — still get up, one foot…",https://www.tiktok.com/@ofthebraveusa/video/7670592388682861838,133,0,10,7.52,9,0,1,0,0
TikTok,2026-08-04,Week 32,Newsletter,Video,"""None of this is an accident. I didn’t lose my job as a government contractor, or face everything that came after, because of anything I did wrong. Elon Musk—Trump’s largest politi…",https://www.tiktok.com/@ofthebraveusa/video/7670191493054778637,131,0,2,1.53,1,1,0,0,0
TikTok,2026-01-29,,News,Video,"Fulton Co. Chair Rob Pitts: ""After the 2020 elections, Fulton County poll workers endured brutal and targeted harassment…While we've grown accustomed to name calling & rhetoric, we…",https://www.tiktok.com/@ofthebraveusa/video/7600927521441451294,129,0,10,7.75,9,0,1,0,0
YouTube,2026-07-21,Week 30,Home of the Brave Podcast,Long-Form,The Unraveling of American Power | Home of the Brave Podcast,https://www.youtube.com/watch?v=bO6BxnQRKqc,129,2704,10,7.75,10,0,0,0,1
YouTube,2026-02-09,,News,Shorts,14-Year-Old Writes Letter From ICE Detention Facility | News,https://www.youtube.com/watch?v=3TJ5Ks7GWwA,125,567,8,6.4,6,0,2,0,0
TikTok,2026-08-16,Week 33,Bill Kristol & Tom Joscelyn,Video,"Bill Kristol: ""The election subversion side of things remains remains very disconcerting."" Tom Joscelyn: ""This can't be the new normal… It's all based on fake emergencies that he's…",https://www.tiktok.com/@ofthebraveusa/video/7674760403016043807,123,0,7,5.69,6,1,0,0,0
YouTube,2026-07-04,Week 27,Ad,Shorts,"Happy 250th Birthday, America | Ad",https://www.youtube.com/watch?v=uzXBnQv1BoQ,120,562,17,14.17,12,1,4,0,0
YouTube,2026-06-01,,HOTB Pod,Shorts,Want a Slush Fund? Go Through Congress. | HOTB Pod,https://www.youtube.com/watch?v=MTjJ43-Fv5I,119,241,7,5.88,7,0,0,0,0
TikTok,2026-05-07,,HOTB Pod,Video,The US declares war 'success' and then reverses course. @sarahamatthews1,https://www.tiktok.com/@ofthebraveusa/video/7637260539181174029,118,0,8,6.78,6,0,1,1,0
TikTok,2026-07-21,Week 30,KOC,Video,Trump's tariffs cost Americans $100 a month on average. So we gave a few of them the chance to win some of it back. How many of these questions can you answer correctly?,https://www.tiktok.com/@ofthebraveusa/video/7665013694945955086,118,0,3,2.54,3,0,0,0,0
TikTok,2026-08-05,Week 32,Newsletter,Video,"""When I decided to join the Navy, the deal was pretty simple. My fellow service members and I would give up pay, family time, and sometimes our lives. In exchange, the institution …",https://www.tiktok.com/@ofthebraveusa/video/7670564408602479886,118,0,4,3.39,3,1,0,0,0
TikTok,2026-03-23,,News,Video,“The answer to unchecked power is not more violence — it’s more people.” Join former Capitol Police Officer Mike Fanone in the fight against Trump's authoritarian regime by peacefu…,https://www.tiktok.com/@ofthebraveusa/video/7620574313086831886,117,0,36,30.77,28,1,3,4,0
TikTok,2026-07-14,Week 29,Produced Videos,Video,We're blanketing DC with a simple message ahead of Todd Blanche's confirmation hearing: ASK TODD BLANCHE ABOUT EPSTEIN. Blanche oversaw the Epstein files release that exposed victi…,https://www.tiktok.com/@ofthebraveusa/video/7662396281339383054,116,0,3,2.59,3,0,0,0,0
YouTube,2026-01-22,,Social Ads,Long-Form,A moment of silence for all that we lost this year… | Social Ads,https://www.youtube.com/watch?v=4xxJw8xPVPY,115,3630,4,3.48,2,1,1,0,0
YouTube,2026-05-21,,Home of the Brave Podcast,Long-Form,“Anti-Weaponization” Slush Fund | Home of the Brave Podcast,https://www.youtube.com/watch?v=vRmyrfPOS00,115,2167,10,8.7,7,2,1,0,4
YouTube,2026-07-21,Week 30,HOTB Pod,Shorts,The Trump Administration is Strategically Incompetent | HOTB Pod,https://www.youtube.com/watch?v=DIbm7M9MlSY,115,322,14,12.17,13,1,0,0,0
TikTok,2026-07-27,Week 31,Newsletter,Video,"The Party’s Over: Why the White House Correspondents’ Dinner Flopped ""Let’s be clear: There has always been a natural tension between the Oval Office and the media. Richard Nixon i…",https://www.tiktok.com/@ofthebraveusa/video/7667282047806803214,114,0,1,0.88,1,0,0,0,0
TikTok,2026-08-12,Week 33,Newsletter,Video,"""The president had long peddled to voters in manufacturing-heavy states like my own state of Michigan a conventional wisdom: that American manufacturing had been laid low by a comb…",https://www.tiktok.com/@ofthebraveusa/video/7673188401536863501,111,0,4,3.6,3,0,0,1,0
YouTube,2026-05-13,,Home of the Brave Podcast,Long-Form,"The ""Counterterrorism"" Charade | Home of the Brave Podcast",https://www.youtube.com/watch?v=rUsLaCry4e4,110,2411,8,7.27,7,1,0,0,2
TikTok,2026-07-10,Week 28,Podcast Promo,Video,"Today: Brian Tyler Cohen joins Sarah Matthews live on The Home of the Brave Podcast to talk about his new book ""The Day After"" and the fight to make sure our democracy doesn't beco…",https://www.tiktok.com/@ofthebraveusa/video/7660904139169205517,108,0,2,1.85,2,0,0,0,0
YouTube,2026-07-11,Week 28,HOTB Pod,Shorts,What Does Defending Democracy Ask of Someone Who Isn't in Office? | HOTB Pod,https://www.youtube.com/watch?v=gHUAdIghSiY,108,470,11,10.19,10,1,0,0,0
TikTok,2026-08-20,Week 34,Newsletter,Video,"""In May 2016, Donald Trump tweeted that the economy gaining just 38,000 jobs was “terrible” and a “bombshell.” Last month, the economy gained zero jobs. In fact, it lost 23,000 job…",https://www.tiktok.com/@ofthebraveusa/video/7676115582822960415,107,0,1,0.93,0,0,1,0,0
TikTok,2026-05-12,,News,Video,James Comey talks about how Trump's inner circle now lacks courageous people willing to stand up for what's right in the face of the president's desires.,https://www.tiktok.com/@ofthebraveusa/video/7639032711365004558,102,0,6,5.88,5,1,0,0,0
TikTok,2026-07-15,Week 29,Breaking News,Video,The U.S. Mint will strike a $1 coin with President Trump's face on it. Treasury Secretary Scott Bessent announced it this morning as a 250th-anniversary tribute. But federal law ba…,https://www.tiktok.com/@ofthebraveusa/video/7662800807242353934,101,0,6,5.94,2,2,2,0,0
TikTok,2026-07-21,Week 30,Podcast Promo,Video,"Join us TODAY at 3:45pm ET for a live-taping of The Home of the Brave Podcast! @SarahMatthews1 will sit down with Kori Schake, Senior Fellow and Director of Foreign and Defense Pol…",https://www.tiktok.com/@ofthebraveusa/video/7665035009736051981,101,0,0,0.0,0,0,0,0,0
TikTok,2026-07-10,Week 28,Bill Kristol & Tom Joscelyn,Video,"Tom Joscelyn: ""This boils down to propaganda the White House and different executive agencies are putting out using white nationalist tropes…They've gotten away with their extremis…",https://www.tiktok.com/@ofthebraveusa/video/7661027265282624781,99,0,5,5.05,5,0,0,0,0
TikTok,2026-05-28,,Podcast Promo,Video,"Live taping of the Home of the Brave podcast TODAY at 1:30 PM EST featuring former US Rep. Barbara Comstock and Home of the Brave’s own Sarah Matthew’s! Come join us on Facebook, X…",https://www.tiktok.com/@ofthebraveusa/video/7644941344967904525,98,0,1,1.02,1,0,0,0,0
TikTok,2026-08-06,Week 32,Breaking News,Video,"A new National Park Service assessment finds Trump's proposed 250-foot arch would ""adversely affect"" 37 historic sites across DC, including the Lincoln Memorial, the Washington Mon…",https://www.tiktok.com/@ofthebraveusa/video/7670927141344726285,98,0,6,6.12,5,1,0,0,0
TikTok,2026-05-18,,Breaking News,Video,"Trump spent the weekend posting memes claiming he's ""aging in reverse"" — weeks before turning 80. This is what the president is focused on as millions of Americans struggle under h…",https://www.tiktok.com/@ofthebraveusa/video/7641276253953084702,96,0,11,11.46,11,0,0,0,0
YouTube,2026-05-28,,Home of the Brave Podcast,Long-Form,"Can Congress Stop the ""Anti-Weaponization"" Fund? | Home of the Brave Podcast",https://www.youtube.com/watch?v=ImXxgodZ_aI,91,2406,6,6.59,4,2,0,0,1
TikTok,2026-07-15,Week 29,HOTB Pod,Video,"@petertwinklage: ""You've got Todd Blanche, who unfortunately will likely be confirmed to be the next Attorney General, saying from a press podium, 'I love Donald Trump. I live to c…",https://www.tiktok.com/@ofthebraveusa/video/7662886964374342925,88,0,7,7.95,6,0,1,0,0
TikTok,2026-01-27,,News,Video,"Rep. Jason Crow: ""Here in Congress we have an oath to the Constitution and the rule of law. We have a federal agency and an administration that is outright violating the law, murde…",https://www.tiktok.com/@ofthebraveusa/video/7600196966806539550,76,0,2,2.63,2,0,0,0,0
YouTube,2026-05-17,,KOC,Long-Form,Trump Cabinet Member's Reality Show Backfires HARD | KOC,https://www.youtube.com/watch?v=0Nk2xjGgQ5Q,76,1426,10,13.16,8,2,0,0,0
YouTube,2026-07-20,Week 30,Social Ads,Shorts,This 101-Year-Old WWII Veteran Has a Warning for America | Social Ads,https://www.youtube.com/watch?v=b9anQurwZtM,72,632,8,11.11,8,0,0,0,0
TikTok,2026-07-23,Week 30,Newsletter,Video,"""Often called “America’s best idea,” national parks and monuments have conserved iconic landscapes, protected historical fact, saved dwindling species, and offered the opportunity …",https://www.tiktok.com/@ofthebraveusa/video/7665734758051122445,70,0,0,0.0,0,0,0,0,0
TikTok,2026-07-16,Week 29,HOTB Pod,Video,"@Peter Twinklage: ""[Todd Blanche] has made very clear that he has no interest beyond protecting one of the most — no, I'm not even gonna qualify it — the most corrupt jackass to ev…",https://www.tiktok.com/@ofthebraveusa/video/7663257096099581197,69,0,3,4.35,2,0,1,0,0
TikTok,2026-08-11,Week 33,Newsletter,Video,"This Administration’s Censorship of the Arts is So Much Worse Than You Think ""The order, called “Restoring Truth and Sanity to American History,” sought to remove any art deemed to…",https://www.tiktok.com/@ofthebraveusa/video/7672946002915118349,69,0,3,4.35,3,0,0,0,0
TikTok,2026-07-16,Week 29,Newsletter,Video,"This is Your Economy on Tariffs In parallel, the administration started a set of pretextual investigations under Section 301 of the same law, presumably to replace the Section 122 …",https://www.tiktok.com/@ofthebraveusa/video/7663162456247667981,65,0,2,3.08,2,0,0,0,0
TikTok,2026-01-21,,Produced Videos,Video,One year in. Totally normal press conference stuff.,https://www.tiktok.com/@ofthebraveusa/video/7597861148825750798,60,0,2,3.33,2,0,0,0,0
TikTok,2026-04-22,,Podcast Promo,Video,Tune in Today for a livestream with Home of the Brave’s Michael Fanone and Sarah Matthews. We’ll be going live on all platforms starting at 12 noon ET. Michael and Sarah will break…,https://www.tiktok.com/@ofthebraveusa/video/7631589317168680223,59,0,1,1.69,1,0,0,0,0
YouTube,2026-05-12,,News,Shorts,Sarah Matthews Calls on Former Trump Admin Members like Bill Barr to Speak Out | News,https://www.youtube.com/watch?v=-hIA7rmMySs,58,473,7,12.07,7,0,0,0,0
YouTube,2026-04-06,,Social Ads,Shorts,Trump wants to take Iran's oil. | Social Ads,https://www.youtube.com/watch?v=RG8DDqxMUL4,56,437,4,7.14,2,1,1,0,0
TikTok,2026-05-18,,Breaking News,Video,"Donald Trump's Truth Social feed has spiraled into AI-generated science fiction, with the president posting images of himself commanding a Space Force from orbit, addressing armies…",https://www.tiktok.com/@ofthebraveusa/video/7641274346106834207,55,0,9,16.36,9,0,0,0,0
TikTok,2026-05-06,,HOTB Pod,Video,"Sarah Matthews and Bill Kristol will discuss Iran, the Supreme Court’s decision gutting the Voting Rights Act, the new gerrymandering arms race, and much more!",https://www.tiktok.com/@ofthebraveusa/video/7636940568957865229,54,0,0,0.0,0,0,0,0,0
YouTube,2026-05-20,,Home of the Brave Podcast,Long-Form,Tina Peters Granted CLEMENCY | Home of the Brave Podcast,https://www.youtube.com/watch?v=b1fieBhul0E,54,1870,1,1.85,1,0,0,0,0
TikTok,2026-01-05,,Other,Video,"Officer Daniel Hodges narrates his body camera footage from January 6: ""That's me screaming because someone…is reaching underneath my visor and trying to gouge out my eye with his …",https://www.tiktok.com/@ofthebraveusa/video/7592023871788682510,53,0,5,9.43,4,0,1,0,0
TikTok,2026-01-05,,Other,Video,"Michael Fanone narrates his body camera footage from the January 6 insurrection: "" I remember trying to, like, appeal to them. I said we have injured officers here. It just seemed …",https://www.tiktok.com/@ofthebraveusa/video/7592008889407769911,52,0,4,7.69,3,0,1,0,0
TikTok,2026-05-21,,HOTB Pod,Video,"Taxpayer funds out, payments to whoever he wants in — this is incredible corruption in plain sight. #Corruption",https://www.tiktok.com/@ofthebraveusa/video/7642387138796965151,52,0,3,5.77,3,0,0,0,0
TikTok,2026-05-20,,HOTB Pod,Video,"The people who actually run our elections say the ""stolen 2020"" claim is nonsense. #ElectionIntegrity",https://www.tiktok.com/@ofthebraveusa/video/7642094182697422110,51,0,1,1.96,1,0,0,0,0
YouTube,2026-05-07,,Home of the Brave Podcast,Long-Form,DOJ Free Speech Crackdown!? | Home of the Brave Podcast,https://www.youtube.com/watch?v=FaoJzfsB9zI,50,1719,5,10.0,4,1,0,0,1
TikTok,2026-01-27,,News,Video,"Gov. Josh Shapiro: ""These federal officials, at the direction of President Trump, VP Vance, and Secretary Noem, are eviscerating the most important thing you need to keep a communi…",https://www.tiktok.com/@ofthebraveusa/video/7600210246476320030,49,0,0,0.0,0,0,0,0,0
X,2026-02-24,,Other,X analytics export,https://t.co/EJzhEDFovR,https://x.com/OfTheBraveUSA/status/2026397150456762387,45,0,5,11.11,2,1,0,0,0
YouTube,2026-05-11,,Breaking News,Shorts,Breaking News: Trump still thinks the gold at Fort Knox isn’t real.,https://www.youtube.com/watch?v=cCOwoRHOEOI,41,166,5,12.2,5,0,0,0,0
TikTok,2026-03-03,,Produced Videos,Video,Trump on Iran — in his own words.,https://www.tiktok.com/@ofthebraveusa/video/7613063989693533454,39,0,0,0.0,0,0,0,0,0
TikTok,2026-05-27,,Newsletter,Video,"""We’re not sure what Comer means by “we’ll be able to move forward.” Who does “we” refer to? The Oversight Committee? The survivors? The American people? For the time being, “we” t…",https://www.tiktok.com/@ofthebraveusa/video/7644687522412432653,38,0,0,0.0,0,0,0,0,0
YouTube,2026-05-12,,News,Shorts,"FCC Commissioner Gomez ""Pleased"" Disney Chose Courage Over Capitulation | News",https://www.youtube.com/watch?v=tAzgaVpkB1c,38,189,0,0.0,0,0,0,0,0
YouTube,2026-05-12,,News,Shorts,"Rep. Walkinshaw: There is a ""Brick Wall"" from Trump DOJ to Prosecute Epstein Cases | News",https://www.youtube.com/watch?v=xcsKaxh4akc,38,170,4,10.53,4,0,0,0,1
TikTok,2026-05-19,,Breaking News,Video,"The Trump job market is collapsing. For the first time in three years, there are more unemployed Americans than there are job openings. The post-COVID recovery has officially rever…",https://www.tiktok.com/@ofthebraveusa/video/7641728935998393630,36,0,0,0.0,0,0,0,0,0
YouTube,2026-05-07,,Breaking News,Shorts,Breaking News: Who is Paolo Zampolli?,https://www.youtube.com/watch?v=rv6yc_Tpnr4,35,417,7,20.0,7,0,0,0,1
TikTok,2026-05-18,,Breaking News,Video,"Donald Trump just dropped his $10 billion lawsuit against the IRS in exchange for the Department of Justice creating a $1.8 billion taxpayer-funded ""Anti-Weaponization Fund"" that w…",https://www.tiktok.com/@ofthebraveusa/video/7641291753126907167,34,0,3,8.82,3,0,0,0,0
YouTube,2026-05-12,,Breaking News,Shorts,Breaking News: Venezuela as America’s 51st state?,https://www.youtube.com/watch?v=_QnuZo0WLFw,34,166,1,2.94,1,0,0,0,0
TikTok,2026-01-27,,News,Video,"Q: ""Does Homan have more credibility? Can he come in as the fixer?"" Fmr. ICE Asst. Chief Counsel: ""I really doubt that…The only way to really fix this issue now is to fix those sta…",https://www.tiktok.com/@ofthebraveusa/video/7600186630489656607,33,0,0,0.0,0,0,0,0,0
TikTok,2026-05-19,,Breaking News,Video,"Trump's new Bureau of Land Management director is Steve Pierce — an oil millionaire who doesn't believe national parks should exist, illegally cut down trees in a federal forest, a…",https://www.tiktok.com/@ofthebraveusa/video/7641728281544281375,33,0,1,3.03,0,0,1,0,0
YouTube,2026-05-12,,News,Shorts,"Rep. Walkinshaw: ""Minority"" of Republicans Put Epstein Survivors Ahead of Trump Admin. | News",https://www.youtube.com/watch?v=idD-9vnqpOI,25,138,3,12.0,2,0,1,0,0
YouTube,2026-05-12,,Breaking News,Shorts,Breaking News: Whatever happened to the Trump phone?,https://www.youtube.com/watch?v=XQjPAxHnRlA,23,191,3,13.04,2,1,0,0,0
TikTok,2026-05-19,,Breaking News,Video,"A top Treasury Department lawyer just resigned over Donald Trump's $1.8 billion slush fund. Brian Morrissey, the department's general counsel, stepped down immediately after the Tr…",https://www.tiktok.com/@ofthebraveusa/video/7641611700013124894,22,0,4,18.18,4,0,0,0,0
TikTok,2026-05-21,,HOTB Pod,Video,He didn't just pardon the J6 insurrectionists — now he wants to pay them with your tax dollars.,https://www.tiktok.com/@ofthebraveusa/video/7642386759048776991,19,0,4,21.05,4,0,0,0,0
TikTok,2026-05-19,,Breaking News,Video,"Donald Trump still plans to put his face on U.S. passports. The redesigned limited-edition passport features Trump's second-inauguration portrait on the inside cover, framed by the…",https://www.tiktok.com/@ofthebraveusa/video/7641604541313486111,17,0,0,0.0,0,0,0,0,0
TikTok,2026-05-21,,Breaking News,Video,Senate GOP just stripped $1 billion for the ballroom from their bill—even after ground was broken on the site of a planned military hospital—as the White House stays focused on van…,https://www.tiktok.com/@ofthebraveusa/video/7642409875653348638,17,0,2,11.76,2,0,0,0,0
TikTok,2026-04-22,,Produced Videos,Video,Kash Patel's happy hour at the FBI might be coming to a close.,https://www.tiktok.com/@ofthebraveusa/video/7631710663680855327,16,0,0,0.0,0,0,0,0,0
TikTok,2026-05-19,,Breaking News,Video,"Gas prices are out of control under Trump. Texas is the cheapest at $3.99, California is $6.15, the whole West Coast is over $5, and the Northeast and Midwest are in the high $4s. …",https://www.tiktok.com/@ofthebraveusa/video/7641610492372634911,15,0,1,6.67,1,0,0,0,0
TikTok,2026-05-21,,HOTB Pod,Video,Aaron Burr's corruption looks like an ant mound next to this — the Himalayan mountain range of American corruption. #Corruption,https://www.tiktok.com/@ofthebraveusa/video/7642387225690393886,13,0,3,23.08,3,0,0,0,0
TikTok,2026-05-19,,Breaking News,Video,"The latest New York Times/Siena poll shows Americans' views on the economy in freefall, with only 4% rating economic conditions as excellent and 49% rating them as poor — a number …",https://www.tiktok.com/@ofthebraveusa/video/7641602858537782558,12,0,0,0.0,0,0,0,0,0
TikTok,2026-08-19,Week 34,Breaking News,Video,"Trump claims the US has ""complete control"" of the Strait of Hormuz and that ""a lot of oil"" is flowing. The data says otherwise. Traffic through the strait is running at roughly 15%…",https://www.tiktok.com/@ofthebraveusa/video/7675858296011574559,11,0,3,27.27,2,1,0,0,0
TikTok,2026-08-20,Week 34,Breaking News,Video,"New reporting shows the Trump administration was warned the Reflecting Pool's peeling was a contractor error, nearly a month before charging a man with vandalizing it. A National P…",https://www.tiktok.com/@ofthebraveusa/video/7676179186150657310,10,0,0,0.0,0,0,0,0,0
TikTok,2026-05-22,,Breaking News,Video,"Right before Memorial Day, Trump dismissed the 13 Americans lost in his war with Iran—""somebody else would have lost 100,000 people""—reducing 13 grieving families to a talking poin…",https://www.tiktok.com/@ofthebraveusa/video/7642412159913184542,9,0,1,11.11,1,0,0,0,0
TikTok,2026-05-05,,News,Video,"Joe Rogan on Jimmy Kimmel's Trump joke: "" Ridiculous… He said that joke on a Thursday. On Friday, nobody gave a shit… No one cared on Saturday until Saturday night when the assassi…",https://www.tiktok.com/@ofthebraveusa/video/7636542541029969165,6,0,0,0.0,0,0,0,0,0
TikTok,2026-05-15,,Breaking News,Video,"BREAKING: Trump calls his gold statue a ""landmark.""",https://www.tiktok.com/@ofthebraveusa/video/7640155098894634270,6,0,0,0.0,0,0,0,0,0
YouTube,2026-01-15,,Social Ads,Shorts,ICE EPIC FAILS | Social Ads,https://www.youtube.com/watch?v=3gITk627bIw,6,16,1,16.67,1,0,0,0,0
TikTok,2026-05-21,,HOTB Pod,Video,"Corruption and J6 normalization don't always overlap — but here they do, and that's what makes it so dangerous. #Accountability",https://www.tiktok.com/@ofthebraveusa/video/7642386873955994910,4,0,0,0.0,0,0,0,0,0
TikTok,2026-05-19,,Breaking News,Video,"Trump just TACO'd again. On Sunday he was threatening to strike Iran. Yesterday on Truth Social, he backed off. Talk big, do nothing — that's the Trump playbook. He can't follow th…",https://www.tiktok.com/@ofthebraveusa/video/7641617140398705950,3,0,1,33.33,1,0,0,0,0
TikTok,2026-05-20,,HOTB Pod,Video,Hand count audits exist for exactly this reason — and Georgia ran two of them after 2020. #ElectionIntegrity,https://www.tiktok.com/@ofthebraveusa/video/7642093160973225246,3,0,0,0.0,0,0,0,0,0
TikTok,2026-02-12,,News,Video,"Joe Rogan on Epstein File redactions: "" None of this is good for this administration. It looks fucking terrible. It looks terrible for Trump, when he was saying that, 'none of this…",https://www.tiktok.com/@ofthebraveusa/video/7606141995446177038,0,0,0,,0,0,0,0,0
TikTok,2026-06-26,,Produced Videos,Video,"Trump on June 26, 2026: ""You know what they do, they cheat. 'How many votes do we need? How many votes?'"" Trump on January 2, 2021 during phone call with Georgia Secretary of State…",https://www.tiktok.com/@ofthebraveusa/video/7655804001862110477,0,0,0,,0,0,0,0,0
TikTok,2026-08-11,Week 33,Breaking News,Video,"President Trump appeared to close his eyes and nod off during an Oval Office event Monday, in a clip that went viral. Trump held a news conference to sign an executive order cuttin…",https://www.tiktok.com/@ofthebraveusa/video/7672846863808154893,0,0,0,,0,0,0,0,0
TikTok,2026-08-13,Week 33,Produced Videos,Video,"He was hired to protect the American public's health. Instead, he's destroying the American public's trust.",https://www.tiktok.com/@ofthebraveusa/video/7673524714098265357,0,0,0,,0,0,0,0,0
TikTok,2026-08-25,,Breaking News,Video,"The Trump administration is now threatening to demolish the Kennedy Center if a court won't let it add Trump's name. In a court filing, DOJ lawyers warned the center would become a…",https://www.tiktok.com/@ofthebraveusa/video/7678119609458855199,0,0,0,,0,0,0,0,0
TikTok,2026-08-27,,Breaking News,Video,"he Department of Education posted, then deleted, a hype video that inadvertently compared Trump to Hitler. The clip showed Churchill in Darkest Hour shouting ""you cannot reason wit…",https://www.tiktok.com/@ofthebraveusa/video/7678754148510076190,0,0,0,,0,0,0,0,0
